-- phpMyAdmin SQL Dump
-- version 5.2.1
-- https://www.phpmyadmin.net/
--
-- Anamakine: 127.0.0.1:3306
-- Üretim Zamanı: 06 Ara 2024, 08:16:36
-- Sunucu sürümü: 9.1.0
-- PHP Sürümü: 8.3.14

SET SQL_MODE = "NO_AUTO_VALUE_ON_ZERO";
START TRANSACTION;
SET time_zone = "+00:00";


/*!40101 SET @OLD_CHARACTER_SET_CLIENT=@@CHARACTER_SET_CLIENT */;
/*!40101 SET @OLD_CHARACTER_SET_RESULTS=@@CHARACTER_SET_RESULTS */;
/*!40101 SET @OLD_COLLATION_CONNECTION=@@COLLATION_CONNECTION */;
/*!40101 SET NAMES utf8mb4 */;

--
-- Veritabanı: `proje`
--

DELIMITER $$
--
-- Yordamlar
--
DROP PROCEDURE IF EXISTS `denemeye ve ogrencilere gore net sayısı`$$
CREATE DEFINER=`root`@`localhost` PROCEDURE `denemeye ve ogrencilere gore net sayısı` (IN `ogrenci` INT)   SELECT CONCAT(ogrenci.ad," ",ogrenci.soyad) AS ogrenci_bilgisi, notlar.deneme_id ,ROUND(SUM(notlar.net),2) AS toplam_net
FROM ogrenci LEFT JOIN notlar ON notlar.ogrenci_id=ogrenci.ogrenci_id
WHERE ogrenci.ogrenci_id=ogrenci
GROUP BY notlar.deneme_id, notlar.ogrenci_id$$

DROP PROCEDURE IF EXISTS `derslere denemeye ve ogrenciye gore`$$
CREATE DEFINER=`root`@`localhost` PROCEDURE `derslere denemeye ve ogrenciye gore` (IN `ogrenci` INT)   SELECT CONCAT(ogrenci.ad," ",ogrenci.soyad) AS ogrenci_bilgisi, notlar.deneme_id, ders.ders_adi ,ROUND(SUM(notlar.net),2) AS toplam_net
FROM ogrenci LEFT JOIN notlar ON notlar.ogrenci_id=ogrenci.ogrenci_id
			LEFT JOIN ders ON ders.ders_kodu=notlar.ders_kodu
WHERE ogrenci.ogrenci_id=ogrenci
GROUP BY notlar.deneme_id, notlar.ogrenci_id, notlar.ders_kodu$$

DROP PROCEDURE IF EXISTS `konulara derslere denemelere ve ogrenciye gore`$$
CREATE DEFINER=`root`@`localhost` PROCEDURE `konulara derslere denemelere ve ogrenciye gore` (IN `ogrenci` INT)   SELECT CONCAT(ogrenci.ad," ",ogrenci.soyad) AS ogrenci_bilgisi, notlar.deneme_id, ders.ders_adi , konular.konu_ad,ROUND(SUM(notlar.net),2) AS toplam_net
FROM ogrenci LEFT JOIN notlar ON notlar.ogrenci_id=ogrenci.ogrenci_id
			LEFT JOIN ders ON ders.ders_kodu=notlar.ders_kodu
            LEFT JOIN konular ON konular.ders_kodu=ders.ders_kodu
WHERE ogrenci.ogrenci_id=ogrenci
GROUP BY konular.konu_id, notlar.deneme_id, notlar.ders_kodu, ogrenci.ogrenci_id$$

DROP PROCEDURE IF EXISTS `net-hesaplama`$$
CREATE DEFINER=`root`@`localhost` PROCEDURE `net-hesaplama` ()   UPDATE notlar
SET notlar.net=(notlar.dogru - (notlar.yanlis/3))$$

DELIMITER ;

-- --------------------------------------------------------

--
-- Tablo için tablo yapısı `ders`
--

DROP TABLE IF EXISTS `ders`;
CREATE TABLE IF NOT EXISTS `ders` (
  `ders_kodu` int NOT NULL,
  `ders_adi` varchar(255) CHARACTER SET utf8mb4 COLLATE utf8mb4_turkish_ci NOT NULL,
  PRIMARY KEY (`ders_kodu`)
) ENGINE=InnoDB DEFAULT CHARSET=utf8mb4 COLLATE=utf8mb4_turkish_ci;

--
-- Tablo döküm verisi `ders`
--

INSERT INTO `ders` (`ders_kodu`, `ders_adi`) VALUES
(1, 'Türkçe'),
(2, 'İnkılap Tarihi ve Atatürk'),
(3, 'Din Kültürü '),
(4, 'İngilizce'),
(5, 'Matematik'),
(6, 'Fen Bilimleri'),
(7, 'Rehberlik (Danışman)');

-- --------------------------------------------------------

--
-- Tablo için tablo yapısı `konular`
--

DROP TABLE IF EXISTS `konular`;
CREATE TABLE IF NOT EXISTS `konular` (
  `konu_id` int NOT NULL,
  `konu_ad` varchar(255) CHARACTER SET utf8mb4 COLLATE utf8mb4_turkish_ci NOT NULL,
  `ders_kodu` int NOT NULL,
  PRIMARY KEY (`konu_id`),
  KEY `ders_kodu` (`ders_kodu`)
) ENGINE=InnoDB DEFAULT CHARSET=utf8mb4 COLLATE=utf8mb4_turkish_ci;

--
-- Tablo döküm verisi `konular`
--

INSERT INTO `konular` (`konu_id`, `konu_ad`, `ders_kodu`) VALUES
(1, 'Ana Fikir Yardımcı Fikir', 1),
(2, 'Paragraf', 1),
(3, 'Atasözü Deyimler Özdeyiş', 1),
(4, 'Sözcükte Anlam', 1),
(5, 'Söz Sanatlari', 1),
(6, 'İmla Kuralları', 1),
(7, 'Cümlede Anlam', 1),
(8, 'Fiilimsiler', 1),
(9, 'Cümlenin Ögeleri', 1),
(10, 'Düsünceyi Gelistirme Yollari', 1),
(11, 'Uyanan Avrupa ve Sarsilan Osmanli', 2),
(12, 'Adim Adim Liderlige', 2),
(13, 'Isgal Yillarinda Anadolu', 2),
(14, 'Mavi Gözlü Çocuk: Mustafa', 2),
(15, 'Osmanli Devletinin Son Savasi: 1.Dünya Savasi', 2),
(16, 'Buhranlar Büyük Kahramanlar Dogurur', 2),
(17, '1.Dünya Savasına Yol Açan Gelismeler', 2),
(18, 'Kuvayi Milliye Gelismeleri', 2),
(19, 'Birinci Dünya Savasi Sonrasi Gelismeler', 2),
(20, 'Cumhuriyeti’nin Kuruluşu', 2),
(21, 'Zekat ve Sadaka', 3),
(22, 'Kaderle Ilgili Kavramlar', 3),
(23, 'Ayet El- Kürsi', 3),
(24, 'Kader ve Kaza', 3),
(25, 'Bir Peygamber Taniyorum: Hz. Musa', 3),
(26, 'Bir Peygamber Taniyorum: Hz. İbrahim', 3),
(27, 'Ahlaklı Olmanın Toplumsal Yararları', 3),
(28, 'İslamın Paylaşmaya ve Yardimlasmaya Etkisi ', 3),
(29, 'İslam’da Zekat ve Sadaka', 3),
(30, 'Insan Iradesi ve Kader', 3),
(31, 'Expressing Preferences', 4),
(32, 'Some Qualities Of A True Friend', 4),
(33, 'Stating Personal Opinions ', 4),
(34, 'Describing Simple Cooking Processes', 4),
(35, 'Type Of Music/Books', 4),
(36, 'Cooking Words', 4),
(37, 'Accepting and Refusing An Invitation', 4),
(38, 'Making An Excuse and Apologizing', 4),
(39, 'Expressing Likes and Dislikes', 4),
(40, 'Invitation cards', 4),
(41, 'Çarpanlar ve Katlar', 5),
(42, 'Üslü Ifadeler', 5),
(43, 'Kareköklü Ifadeler', 5),
(44, 'Sayilarin Ondalik Gösterimi', 5),
(45, 'Veri Analizi', 5),
(46, 'EBOB-EKOK', 5),
(47, 'Tam Kare Sayilarla Islemler', 5),
(48, 'Tam Sayilar', 5),
(49, 'Çok Büyük ve Çok Küçük Sayilar', 5),
(50, 'Asal Sayiılar', 5),
(51, 'İklim ve Hava Haraketleri', 6),
(52, 'Mevsimlerin Oluşumu', 6),
(53, 'Mutasyon ve Modifikasyon', 6),
(54, 'Biyoteknoloji', 6),
(55, 'Adaptasyon', 6),
(56, 'DNA ve Genetik Kod', 6),
(57, 'Kalitim', 6),
(58, 'Madde ve Isı', 6),
(59, 'Çevre ve doğa', 6),
(60, 'Dünya ve Evren', 6);

-- --------------------------------------------------------

--
-- Tablo için tablo yapısı `notlar`
--

DROP TABLE IF EXISTS `notlar`;
CREATE TABLE IF NOT EXISTS `notlar` (
  `deneme_id` int NOT NULL,
  `ogrenci_id` int NOT NULL,
  `ders_kodu` int NOT NULL,
  `konu_id` int NOT NULL,
  `dogru` int NOT NULL,
  `yanlis` int NOT NULL,
  `bos` int NOT NULL,
  `net` decimal(6,3) NOT NULL,
  KEY `ogrenci_id` (`ogrenci_id`),
  KEY `ders_kodu` (`ders_kodu`),
  KEY `konu_id` (`konu_id`)
) ENGINE=InnoDB DEFAULT CHARSET=utf8mb4 COLLATE=utf8mb4_turkish_ci;

--
-- Tablo döküm verisi `notlar`
--

INSERT INTO `notlar` (`deneme_id`, `ogrenci_id`, `ders_kodu`, `konu_id`, `dogru`, `yanlis`, `bos`, `net`) VALUES
(1, 1, 1, 1, 1, 0, 1, 1.000),
(1, 1, 1, 2, 1, 0, 1, 1.000),
(1, 1, 1, 3, 0, 1, 1, -0.333),
(1, 1, 1, 4, 0, 1, 1, -0.333),
(1, 1, 1, 5, 0, 0, 2, 0.000),
(1, 1, 1, 6, 2, 0, 0, 2.000),
(1, 1, 1, 7, 0, 1, 1, -0.333),
(1, 1, 1, 8, 2, 0, 0, 2.000),
(1, 1, 1, 9, 2, 0, 0, 2.000),
(1, 1, 1, 10, 0, 0, 2, 0.000),
(1, 1, 2, 11, 0, 1, 0, -0.333),
(1, 1, 2, 12, 0, 1, 0, -0.333),
(1, 1, 2, 13, 1, 0, 0, 1.000),
(1, 1, 2, 14, 1, 0, 0, 1.000),
(1, 1, 2, 15, 1, 0, 0, 1.000),
(1, 1, 2, 16, 1, 0, 0, 1.000),
(1, 1, 2, 17, 0, 0, 1, 0.000),
(1, 1, 2, 18, 0, 1, 0, -0.333),
(1, 1, 2, 19, 0, 1, 0, -0.333),
(1, 1, 2, 20, 0, 0, 1, 0.000),
(1, 1, 3, 21, 1, 0, 0, 1.000),
(1, 1, 3, 22, 1, 0, 0, 1.000),
(1, 1, 3, 23, 0, 1, 0, -0.333),
(1, 1, 3, 24, 1, 0, 0, 1.000),
(1, 1, 3, 25, 1, 0, 0, 1.000),
(1, 1, 3, 26, 1, 0, 0, 1.000),
(1, 1, 3, 27, 1, 0, 0, 1.000),
(1, 1, 3, 28, 1, 0, 0, 1.000),
(1, 1, 3, 29, 1, 0, 0, 1.000),
(1, 1, 3, 30, 1, 0, 0, 1.000),
(1, 1, 4, 31, 0, 0, 1, 0.000),
(1, 1, 4, 32, 0, 0, 1, 0.000),
(1, 1, 4, 33, 0, 0, 1, 0.000),
(1, 1, 4, 34, 1, 0, 0, 1.000),
(1, 1, 4, 35, 1, 0, 0, 1.000),
(1, 1, 4, 36, 1, 0, 0, 1.000),
(1, 1, 4, 37, 1, 0, 0, 1.000),
(1, 1, 4, 38, 1, 0, 0, 1.000),
(1, 1, 4, 39, 0, 1, 0, -0.333),
(1, 1, 4, 40, 1, 0, 0, 1.000),
(1, 1, 5, 41, 1, 1, 0, 0.667),
(1, 1, 5, 42, 0, 1, 1, -0.333),
(1, 1, 5, 43, 0, 2, 0, -0.667),
(1, 1, 5, 44, 0, 0, 2, 0.000),
(1, 1, 5, 45, 1, 0, 1, 1.000),
(1, 1, 5, 46, 0, 0, 2, 0.000),
(1, 1, 5, 47, 1, 0, 1, 1.000),
(1, 1, 5, 48, 0, 1, 1, -0.333),
(1, 1, 5, 49, 0, 1, 1, -0.333),
(1, 1, 5, 50, 0, 1, 1, -0.333),
(1, 1, 6, 51, 0, 1, 1, -0.333),
(1, 1, 6, 52, 0, 0, 2, 0.000),
(1, 1, 6, 53, 1, 1, 0, 0.667),
(1, 1, 6, 54, 1, 0, 1, 1.000),
(1, 1, 6, 55, 1, 0, 1, 1.000),
(1, 1, 6, 56, 1, 0, 1, 1.000),
(1, 1, 6, 57, 1, 1, 0, 0.667),
(1, 1, 6, 58, 0, 1, 1, -0.333),
(1, 1, 6, 59, 0, 1, 1, -0.333),
(1, 1, 6, 60, 0, 1, 1, -0.333),
(1, 2, 1, 1, 0, 0, 2, 0.000),
(1, 2, 1, 2, 1, 0, 1, 1.000),
(1, 2, 1, 3, 1, 1, 0, 0.667),
(1, 2, 1, 4, 1, 1, 0, 0.667),
(1, 2, 1, 5, 0, 2, 0, -0.667),
(1, 2, 1, 6, 0, 1, 1, -0.333),
(1, 2, 1, 7, 0, 2, 0, -0.667),
(1, 2, 1, 8, 1, 0, 1, 1.000),
(1, 2, 1, 9, 1, 0, 1, 1.000),
(1, 2, 1, 10, 1, 1, 0, 0.667),
(1, 2, 2, 11, 0, 0, 1, 0.000),
(1, 2, 2, 12, 1, 0, 0, 1.000),
(1, 2, 2, 13, 0, 1, 0, -0.333),
(1, 2, 2, 14, 1, 0, 0, 1.000),
(1, 2, 2, 15, 0, 0, 1, 0.000),
(1, 2, 2, 16, 0, 1, 0, -0.333),
(1, 2, 2, 17, 1, 0, 0, 1.000),
(1, 2, 2, 18, 1, 0, 0, 1.000),
(1, 2, 2, 19, 1, 0, 0, 1.000),
(1, 2, 2, 20, 0, 0, 1, 0.000),
(1, 2, 3, 21, 1, 0, 0, 1.000),
(1, 2, 3, 22, 0, 1, 0, -0.333),
(1, 2, 3, 23, 0, 1, 0, -0.333),
(1, 2, 3, 24, 0, 0, 1, 0.000),
(1, 2, 3, 25, 1, 0, 0, 1.000),
(1, 2, 3, 26, 1, 0, 0, 1.000),
(1, 2, 3, 27, 0, 1, 0, -0.333),
(1, 2, 3, 28, 1, 0, 0, 1.000),
(1, 2, 3, 29, 1, 0, 0, 1.000),
(1, 2, 3, 30, 0, 1, 0, -0.333),
(1, 2, 4, 31, 1, 0, 0, 1.000),
(1, 2, 4, 32, 1, 0, 0, 1.000),
(1, 2, 4, 33, 0, 0, 1, 0.000),
(1, 2, 4, 34, 1, 0, 0, 1.000),
(1, 2, 4, 35, 0, 0, 1, 0.000),
(1, 2, 4, 36, 0, 1, 0, -0.333),
(1, 2, 4, 37, 1, 0, 0, 1.000),
(1, 2, 4, 38, 1, 0, 0, 1.000),
(1, 2, 4, 39, 1, 0, 0, 1.000),
(1, 2, 4, 40, 1, 0, 0, 1.000),
(1, 2, 5, 41, 0, 1, 1, -0.333),
(1, 2, 5, 42, 0, 2, 0, -0.667),
(1, 2, 5, 43, 1, 0, 1, 1.000),
(1, 2, 5, 44, 1, 1, 0, 0.667),
(1, 2, 5, 45, 0, 1, 1, -0.333),
(1, 2, 5, 46, 0, 1, 1, -0.333),
(1, 2, 5, 47, 1, 0, 1, 1.000),
(1, 2, 5, 48, 1, 1, 0, 0.667),
(1, 2, 5, 49, 2, 0, 0, 2.000),
(1, 2, 5, 50, 0, 0, 2, 0.000),
(1, 2, 6, 51, 0, 0, 2, 0.000),
(1, 2, 6, 52, 1, 1, 0, 0.667),
(1, 2, 6, 53, 0, 1, 1, -0.333),
(1, 2, 6, 54, 1, 0, 1, 1.000),
(1, 2, 6, 55, 1, 1, 0, 0.667),
(1, 2, 6, 56, 0, 1, 1, -0.333),
(1, 2, 6, 57, 1, 0, 1, 1.000),
(1, 2, 6, 58, 2, 0, 0, 2.000),
(1, 2, 6, 59, 0, 1, 1, -0.333),
(1, 2, 6, 60, 1, 1, 0, 0.667),
(1, 3, 1, 1, 1, 1, 0, 0.667),
(1, 3, 1, 2, 1, 1, 0, 0.667),
(1, 3, 1, 3, 1, 0, 1, 1.000),
(1, 3, 1, 4, 0, 0, 2, 0.000),
(1, 3, 1, 5, 1, 0, 1, 1.000),
(1, 3, 1, 6, 1, 0, 1, 1.000),
(1, 3, 1, 7, 0, 1, 1, -0.333),
(1, 3, 1, 8, 0, 0, 2, 0.000),
(1, 3, 1, 9, 1, 1, 0, 0.667),
(1, 3, 1, 10, 1, 0, 1, 1.000),
(1, 3, 2, 11, 1, 0, 0, 1.000),
(1, 3, 2, 12, 1, 0, 0, 1.000),
(1, 3, 2, 13, 0, 0, 1, 0.000),
(1, 3, 2, 14, 1, 0, 0, 1.000),
(1, 3, 2, 15, 0, 0, 1, 0.000),
(1, 3, 2, 16, 0, 0, 1, 0.000),
(1, 3, 2, 17, 0, 0, 1, 0.000),
(1, 3, 2, 18, 0, 1, 0, -0.333),
(1, 3, 2, 19, 0, 0, 1, 0.000),
(1, 3, 2, 20, 0, 0, 1, 0.000),
(1, 3, 3, 21, 0, 0, 1, 0.000),
(1, 3, 3, 22, 0, 1, 0, -0.333),
(1, 3, 3, 23, 0, 1, 0, -0.333),
(1, 3, 3, 24, 1, 0, 0, 1.000),
(1, 3, 3, 25, 1, 0, 0, 1.000),
(1, 3, 3, 26, 1, 0, 0, 1.000),
(1, 3, 3, 27, 0, 0, 1, 0.000),
(1, 3, 3, 28, 0, 0, 1, 0.000),
(1, 3, 3, 29, 0, 1, 0, -0.333),
(1, 3, 3, 30, 0, 1, 0, -0.333),
(1, 3, 4, 31, 0, 1, 0, -0.333),
(1, 3, 4, 32, 1, 0, 0, 1.000),
(1, 3, 4, 33, 0, 0, 1, 0.000),
(1, 3, 4, 34, 1, 0, 0, 1.000),
(1, 3, 4, 35, 1, 0, 0, 1.000),
(1, 3, 4, 36, 1, 0, 0, 1.000),
(1, 3, 4, 37, 1, 0, 0, 1.000),
(1, 3, 4, 38, 0, 0, 1, 0.000),
(1, 3, 4, 39, 0, 1, 0, -0.333),
(1, 3, 4, 40, 1, 0, 0, 1.000),
(1, 3, 5, 41, 0, 1, 1, -0.333),
(1, 3, 5, 42, 0, 2, 0, -0.667),
(1, 3, 5, 43, 0, 0, 2, 0.000),
(1, 3, 5, 44, 0, 0, 2, 0.000),
(1, 3, 5, 45, 1, 0, 1, 1.000),
(1, 3, 5, 46, 1, 0, 1, 1.000),
(1, 3, 5, 47, 1, 0, 1, 1.000),
(1, 3, 5, 48, 2, 0, 0, 2.000),
(1, 3, 5, 49, 0, 1, 1, -0.333),
(1, 3, 5, 50, 1, 1, 0, 0.667),
(1, 3, 6, 51, 2, 0, 0, 2.000),
(1, 3, 6, 52, 1, 1, 0, 0.667),
(1, 3, 6, 53, 1, 0, 1, 1.000),
(1, 3, 6, 54, 0, 2, 0, -0.667),
(1, 3, 6, 55, 1, 1, 0, 0.667),
(1, 3, 6, 56, 0, 1, 1, -0.333),
(1, 3, 6, 57, 0, 1, 1, -0.333),
(1, 3, 6, 58, 1, 0, 1, 1.000),
(1, 3, 6, 59, 1, 0, 1, 1.000),
(1, 3, 6, 60, 2, 0, 0, 2.000),
(1, 4, 1, 1, 1, 0, 1, 1.000),
(1, 4, 1, 2, 1, 1, 0, 0.667),
(1, 4, 1, 3, 0, 2, 0, -0.667),
(1, 4, 1, 4, 1, 0, 1, 1.000),
(1, 4, 1, 5, 1, 0, 1, 1.000),
(1, 4, 1, 6, 0, 1, 1, -0.333),
(1, 4, 1, 7, 1, 0, 1, 1.000),
(1, 4, 1, 8, 1, 1, 0, 0.667),
(1, 4, 1, 9, 1, 0, 1, 1.000),
(1, 4, 1, 10, 0, 1, 1, -0.333),
(1, 4, 2, 11, 1, 0, 0, 1.000),
(1, 4, 2, 12, 1, 0, 0, 1.000),
(1, 4, 2, 13, 1, 0, 0, 1.000),
(1, 4, 2, 14, 1, 0, 0, 1.000),
(1, 4, 2, 15, 0, 1, 0, -0.333),
(1, 4, 2, 16, 0, 0, 1, 0.000),
(1, 4, 2, 17, 1, 0, 0, 1.000),
(1, 4, 2, 18, 1, 0, 0, 1.000),
(1, 4, 2, 19, 0, 1, 0, -0.333),
(1, 4, 2, 20, 1, 0, 0, 1.000),
(1, 4, 3, 21, 1, 0, 0, 1.000),
(1, 4, 3, 22, 1, 0, 0, 1.000),
(1, 4, 3, 23, 1, 0, 0, 1.000),
(1, 4, 3, 24, 1, 0, 0, 1.000),
(1, 4, 3, 25, 0, 1, 0, -0.333),
(1, 4, 3, 26, 1, 0, 0, 1.000),
(1, 4, 3, 27, 0, 1, 0, -0.333),
(1, 4, 3, 28, 1, 0, 0, 1.000),
(1, 4, 3, 29, 0, 0, 1, 0.000),
(1, 4, 3, 30, 0, 1, 0, -0.333),
(1, 4, 4, 31, 1, 0, 0, 1.000),
(1, 4, 4, 32, 1, 0, 0, 1.000),
(1, 4, 4, 33, 0, 1, 0, -0.333),
(1, 4, 4, 34, 0, 1, 0, -0.333),
(1, 4, 4, 35, 0, 0, 1, 0.000),
(1, 4, 4, 36, 0, 0, 1, 0.000),
(1, 4, 4, 37, 0, 1, 0, -0.333),
(1, 4, 4, 38, 1, 0, 0, 1.000),
(1, 4, 4, 39, 1, 0, 0, 1.000),
(1, 4, 4, 40, 1, 0, 0, 1.000),
(1, 4, 5, 41, 0, 1, 1, -0.333),
(1, 4, 5, 42, 1, 1, 0, 0.667),
(1, 4, 5, 43, 2, 0, 0, 2.000),
(1, 4, 5, 44, 1, 0, 1, 1.000),
(1, 4, 5, 45, 0, 0, 2, 0.000),
(1, 4, 5, 46, 1, 0, 1, 1.000),
(1, 4, 5, 47, 0, 1, 1, -0.333),
(1, 4, 5, 48, 0, 1, 1, -0.333),
(1, 4, 5, 49, 0, 1, 1, -0.333),
(1, 4, 5, 50, 1, 1, 0, 0.667),
(1, 4, 6, 51, 2, 0, 0, 2.000),
(1, 4, 6, 52, 1, 0, 1, 1.000),
(1, 4, 6, 53, 2, 0, 0, 2.000),
(1, 4, 6, 54, 1, 0, 1, 1.000),
(1, 4, 6, 55, 0, 0, 2, 0.000),
(1, 4, 6, 56, 1, 1, 0, 0.667),
(1, 4, 6, 57, 0, 1, 1, -0.333),
(1, 4, 6, 58, 2, 0, 0, 2.000),
(1, 4, 6, 59, 1, 0, 1, 1.000),
(1, 4, 6, 60, 0, 0, 2, 0.000),
(1, 5, 1, 1, 1, 0, 1, 1.000),
(1, 5, 1, 2, 2, 0, 0, 2.000),
(1, 5, 1, 3, 1, 0, 1, 1.000),
(1, 5, 1, 4, 1, 1, 0, 0.667),
(1, 5, 1, 5, 2, 0, 0, 2.000),
(1, 5, 1, 6, 2, 0, 0, 2.000),
(1, 5, 1, 7, 1, 0, 1, 1.000),
(1, 5, 1, 8, 2, 0, 0, 2.000),
(1, 5, 1, 9, 2, 0, 0, 2.000),
(1, 5, 1, 10, 2, 0, 0, 2.000),
(1, 5, 2, 11, 1, 0, 0, 1.000),
(1, 5, 2, 12, 1, 0, 0, 1.000),
(1, 5, 2, 13, 0, 1, 0, -0.333),
(1, 5, 2, 14, 0, 1, 0, -0.333),
(1, 5, 2, 15, 1, 0, 0, 1.000),
(1, 5, 2, 16, 1, 0, 0, 1.000),
(1, 5, 2, 17, 1, 0, 0, 1.000),
(1, 5, 2, 18, 1, 0, 0, 1.000),
(1, 5, 2, 19, 1, 0, 0, 1.000),
(1, 5, 2, 20, 1, 0, 0, 1.000),
(1, 5, 3, 21, 1, 0, 0, 1.000),
(1, 5, 3, 22, 1, 0, 0, 1.000),
(1, 5, 3, 23, 0, 0, 1, 0.000),
(1, 5, 3, 24, 1, 0, 0, 1.000),
(1, 5, 3, 25, 1, 0, 0, 1.000),
(1, 5, 3, 26, 1, 0, 0, 1.000),
(1, 5, 3, 27, 1, 0, 0, 1.000),
(1, 5, 3, 28, 1, 0, 0, 1.000),
(1, 5, 3, 29, 1, 0, 0, 1.000),
(1, 5, 3, 30, 1, 0, 0, 1.000),
(1, 5, 4, 31, 1, 0, 0, 1.000),
(1, 5, 4, 32, 1, 0, 0, 1.000),
(1, 5, 4, 33, 1, 0, 0, 1.000),
(1, 5, 4, 34, 1, 0, 0, 1.000),
(1, 5, 4, 35, 1, 0, 0, 1.000),
(1, 5, 4, 36, 1, 0, 0, 1.000),
(1, 5, 4, 37, 1, 0, 0, 1.000),
(1, 5, 4, 38, 1, 0, 0, 1.000),
(1, 5, 4, 39, 1, 0, 0, 1.000),
(1, 5, 4, 40, 1, 0, 0, 1.000),
(1, 5, 5, 41, 1, 1, 0, 0.667),
(1, 5, 5, 42, 2, 0, 0, 2.000),
(1, 5, 5, 43, 1, 1, 0, 0.667),
(1, 5, 5, 44, 2, 0, 0, 2.000),
(1, 5, 5, 45, 2, 0, 0, 2.000),
(1, 5, 5, 46, 2, 0, 0, 2.000),
(1, 5, 5, 47, 1, 1, 0, 0.667),
(1, 5, 5, 48, 1, 1, 0, 0.667),
(1, 5, 5, 49, 2, 0, 0, 2.000),
(1, 5, 5, 50, 2, 0, 0, 2.000),
(1, 5, 6, 51, 2, 0, 0, 2.000),
(1, 5, 6, 52, 1, 1, 0, 0.667),
(1, 5, 6, 53, 1, 1, 0, 0.667),
(1, 5, 6, 54, 2, 0, 0, 2.000),
(1, 5, 6, 55, 2, 0, 0, 2.000),
(1, 5, 6, 56, 1, 0, 1, 1.000),
(1, 5, 6, 57, 2, 0, 0, 2.000),
(1, 5, 6, 58, 2, 0, 0, 2.000),
(1, 5, 6, 59, 2, 0, 0, 2.000),
(1, 5, 6, 60, 2, 0, 0, 2.000),
(1, 6, 1, 1, 2, 0, 0, 2.000),
(1, 6, 1, 2, 2, 0, 0, 2.000),
(1, 6, 1, 3, 2, 0, 0, 2.000),
(1, 6, 1, 4, 0, 2, 0, -0.667),
(1, 6, 1, 5, 2, 0, 0, 2.000),
(1, 6, 1, 6, 1, 0, 1, 1.000),
(1, 6, 1, 7, 2, 0, 0, 2.000),
(1, 6, 1, 8, 1, 0, 1, 1.000),
(1, 6, 1, 9, 2, 0, 0, 2.000),
(1, 6, 1, 10, 1, 0, 1, 1.000),
(1, 6, 2, 11, 1, 0, 0, 1.000),
(1, 6, 2, 12, 0, 0, 1, 0.000),
(1, 6, 2, 13, 0, 1, 0, -0.333),
(1, 6, 2, 14, 1, 0, 0, 1.000),
(1, 6, 2, 15, 1, 0, 0, 1.000),
(1, 6, 2, 16, 1, 0, 0, 1.000),
(1, 6, 2, 17, 1, 0, 0, 1.000),
(1, 6, 2, 18, 1, 0, 0, 1.000),
(1, 6, 2, 19, 0, 1, 0, -0.333),
(1, 6, 2, 20, 0, 1, 0, -0.333),
(1, 6, 3, 21, 1, 0, 0, 1.000),
(1, 6, 3, 22, 1, 0, 0, 1.000),
(1, 6, 3, 23, 0, 0, 1, 0.000),
(1, 6, 3, 24, 1, 0, 0, 1.000),
(1, 6, 3, 25, 1, 0, 0, 1.000),
(1, 6, 3, 26, 1, 0, 0, 1.000),
(1, 6, 3, 27, 1, 0, 0, 1.000),
(1, 6, 3, 28, 1, 0, 0, 1.000),
(1, 6, 3, 29, 0, 1, 0, -0.333),
(1, 6, 3, 30, 0, 1, 0, -0.333),
(1, 6, 4, 31, 1, 0, 0, 1.000),
(1, 6, 4, 32, 2, 0, 0, 2.000),
(1, 6, 4, 33, 2, 0, 0, 2.000),
(1, 6, 4, 34, 0, 1, 0, -0.333),
(1, 6, 4, 35, 1, 0, 0, 1.000),
(1, 6, 4, 36, 2, 0, 0, 2.000),
(1, 6, 4, 37, 1, 0, 0, 1.000),
(1, 6, 4, 38, 0, 1, 0, -0.333),
(1, 6, 4, 39, 1, 0, 0, 1.000),
(1, 6, 4, 40, 0, 0, 1, 0.000),
(1, 6, 5, 41, 0, 1, 1, -0.333),
(1, 6, 5, 42, 1, 1, 0, 0.667),
(1, 6, 5, 43, 1, 0, 1, 1.000),
(1, 6, 5, 44, 1, 1, 0, 0.667),
(1, 6, 5, 45, 0, 1, 1, -0.333),
(1, 6, 5, 46, 0, 0, 2, 0.000),
(1, 6, 5, 47, 1, 0, 1, 1.000),
(1, 6, 5, 48, 0, 0, 2, 0.000),
(1, 6, 5, 49, 1, 1, 0, 0.667),
(1, 6, 5, 50, 0, 1, 1, -0.333),
(1, 6, 6, 51, 1, 0, 1, 1.000),
(1, 6, 6, 52, 0, 1, 1, -0.333),
(1, 6, 6, 53, 0, 2, 0, -0.667),
(1, 6, 6, 54, 2, 0, 0, 2.000),
(1, 6, 6, 55, 1, 1, 0, 0.667),
(1, 6, 6, 56, 1, 0, 1, 1.000),
(1, 6, 6, 57, 1, 0, 1, 1.000),
(1, 6, 6, 58, 1, 0, 1, 1.000),
(1, 6, 6, 59, 0, 1, 1, -0.333),
(1, 6, 6, 60, 0, 0, 2, 0.000),
(1, 7, 1, 1, 0, 2, 0, -0.667),
(1, 7, 1, 2, 0, 2, 0, -0.667),
(1, 7, 1, 3, 1, 1, 0, 0.667),
(1, 7, 1, 4, 0, 1, 1, -0.333),
(1, 7, 1, 5, 0, 2, 0, -0.667),
(1, 7, 1, 6, 0, 2, 0, -0.667),
(1, 7, 1, 7, 0, 0, 2, 0.000),
(1, 7, 1, 8, 0, 2, 0, -0.667),
(1, 7, 1, 9, 0, 1, 1, -0.333),
(1, 7, 1, 10, 0, 1, 1, -0.333),
(1, 7, 2, 11, 0, 0, 1, 0.000),
(1, 7, 2, 12, 1, 0, 0, 1.000),
(1, 7, 2, 13, 1, 0, 0, 1.000),
(1, 7, 2, 14, 1, 0, 0, 1.000),
(1, 7, 2, 15, 1, 0, 0, 1.000),
(1, 7, 2, 16, 1, 0, 0, 1.000),
(1, 7, 2, 17, 1, 0, 0, 1.000),
(1, 7, 2, 18, 0, 1, 0, -0.333),
(1, 7, 2, 19, 0, 1, 0, -0.333),
(1, 7, 2, 20, 1, 0, 0, 1.000),
(1, 7, 3, 21, 1, 0, 0, 1.000),
(1, 7, 3, 22, 0, 1, 0, -0.333),
(1, 7, 3, 23, 1, 0, 0, 1.000),
(1, 7, 3, 24, 1, 0, 0, 1.000),
(1, 7, 3, 25, 0, 1, 0, -0.333),
(1, 7, 3, 26, 0, 0, 1, 0.000),
(1, 7, 3, 27, 0, 1, 0, -0.333),
(1, 7, 3, 28, 0, 1, 0, -0.333),
(1, 7, 3, 29, 0, 1, 0, -0.333),
(1, 7, 3, 30, 0, 1, 0, -0.333),
(1, 7, 4, 31, 0, 0, 1, 0.000),
(1, 7, 4, 32, 1, 0, 0, 1.000),
(1, 7, 4, 33, 0, 1, 0, -0.333),
(1, 7, 4, 34, 1, 0, 0, 1.000),
(1, 7, 4, 35, 0, 0, 1, 0.000),
(1, 7, 4, 36, 1, 0, 0, 1.000),
(1, 7, 4, 37, 1, 0, 0, 1.000),
(1, 7, 4, 38, 1, 0, 0, 1.000),
(1, 7, 4, 39, 0, 1, 0, -0.333),
(1, 7, 4, 40, 1, 0, 0, 1.000),
(1, 7, 5, 41, 0, 1, 1, -0.333),
(1, 7, 5, 42, 0, 1, 1, -0.333),
(1, 7, 5, 43, 0, 2, 0, -0.667),
(1, 7, 5, 44, 0, 1, 1, -0.333),
(1, 7, 5, 45, 0, 2, 0, -0.667),
(1, 7, 5, 46, 1, 1, 0, 0.667),
(1, 7, 5, 47, 0, 1, 1, -0.333),
(1, 7, 5, 48, 2, 0, 0, 2.000),
(1, 7, 5, 49, 1, 0, 1, 1.000),
(1, 7, 5, 50, 0, 1, 1, -0.333),
(1, 7, 6, 51, 0, 1, 1, -0.333),
(1, 7, 6, 52, 0, 1, 1, -0.333),
(1, 7, 6, 53, 0, 2, 0, -0.667),
(1, 7, 6, 54, 0, 1, 1, -0.333),
(1, 7, 6, 55, 0, 1, 1, -0.333),
(1, 7, 6, 56, 2, 0, 0, 2.000),
(1, 7, 6, 57, 0, 2, 0, -0.667),
(1, 7, 6, 58, 1, 0, 1, 1.000),
(1, 7, 6, 59, 1, 0, 1, 1.000),
(1, 7, 6, 60, 0, 1, 1, -0.333),
(1, 8, 1, 1, 1, 1, 0, 0.667),
(1, 8, 1, 2, 1, 0, 1, 1.000),
(1, 8, 1, 3, 1, 1, 0, 0.667),
(1, 8, 1, 4, 0, 1, 1, -0.333),
(1, 8, 1, 5, 0, 1, 1, -0.333),
(1, 8, 1, 6, 0, 2, 0, -0.667),
(1, 8, 1, 7, 0, 1, 1, -0.333),
(1, 8, 1, 8, 1, 1, 0, 0.667),
(1, 8, 1, 9, 1, 1, 0, 0.667),
(1, 8, 1, 10, 0, 1, 1, -0.333),
(1, 8, 2, 11, 1, 0, 0, 1.000),
(1, 8, 2, 12, 1, 0, 0, 1.000),
(1, 8, 2, 13, 1, 0, 0, 1.000),
(1, 8, 2, 14, 1, 0, 0, 1.000),
(1, 8, 2, 15, 0, 0, 1, 0.000),
(1, 8, 2, 16, 0, 0, 1, 0.000),
(1, 8, 2, 17, 0, 0, 1, 0.000),
(1, 8, 2, 18, 1, 0, 0, 1.000),
(1, 8, 2, 19, 1, 0, 0, 1.000),
(1, 8, 2, 20, 1, 0, 0, 1.000),
(1, 8, 3, 21, 0, 0, 1, 0.000),
(1, 8, 3, 22, 0, 1, 0, -0.333),
(1, 8, 3, 23, 0, 1, 0, -0.333),
(1, 8, 3, 24, 0, 0, 1, 0.000),
(1, 8, 3, 25, 0, 1, 0, -0.333),
(1, 8, 3, 26, 0, 0, 1, 0.000),
(1, 8, 3, 27, 0, 0, 1, 0.000),
(1, 8, 3, 28, 0, 0, 1, 0.000),
(1, 8, 3, 29, 1, 0, 0, 1.000),
(1, 8, 3, 30, 0, 1, 0, -0.333),
(1, 8, 4, 31, 1, 0, 0, 1.000),
(1, 8, 4, 32, 0, 1, 0, -0.333),
(1, 8, 4, 33, 0, 0, 1, 0.000),
(1, 8, 4, 34, 1, 0, 0, 1.000),
(1, 8, 4, 35, 1, 0, 0, 1.000),
(1, 8, 4, 36, 1, 0, 0, 1.000),
(1, 8, 4, 37, 1, 0, 0, 1.000),
(1, 8, 4, 38, 0, 0, 1, 0.000),
(1, 8, 4, 39, 1, 0, 0, 1.000),
(1, 8, 4, 40, 0, 1, 0, -0.333),
(1, 8, 5, 41, 2, 0, 0, 2.000),
(1, 8, 5, 42, 1, 0, 1, 1.000),
(1, 8, 5, 43, 1, 1, 0, 0.667),
(1, 8, 5, 44, 0, 1, 1, -0.333),
(1, 8, 5, 45, 0, 1, 1, -0.333),
(1, 8, 5, 46, 0, 2, 0, -0.667),
(1, 8, 5, 47, 1, 1, 0, 0.667),
(1, 8, 5, 48, 1, 0, 1, 1.000),
(1, 8, 5, 49, 0, 1, 1, -0.333),
(1, 8, 5, 50, 1, 0, 1, 1.000),
(1, 8, 6, 51, 1, 1, 0, 0.667),
(1, 8, 6, 52, 2, 0, 0, 2.000),
(1, 8, 6, 53, 0, 0, 2, 0.000),
(1, 8, 6, 54, 0, 1, 1, -0.333),
(1, 8, 6, 55, 2, 0, 0, 2.000),
(1, 8, 6, 56, 0, 0, 2, 0.000),
(1, 8, 6, 57, 0, 2, 0, -0.667),
(1, 8, 6, 58, 0, 2, 0, -0.667),
(1, 8, 6, 59, 2, 0, 0, 2.000),
(1, 8, 6, 60, 0, 0, 2, 0.000),
(1, 9, 1, 1, 1, 0, 1, 1.000),
(1, 9, 1, 2, 0, 0, 2, 0.000),
(1, 9, 1, 3, 1, 1, 0, 0.667),
(1, 9, 1, 4, 1, 0, 1, 1.000),
(1, 9, 1, 5, 1, 1, 0, 0.667),
(1, 9, 1, 6, 1, 0, 1, 1.000),
(1, 9, 1, 7, 1, 1, 0, 0.667),
(1, 9, 1, 8, 0, 0, 2, 0.000),
(1, 9, 1, 9, 1, 0, 1, 1.000),
(1, 9, 1, 10, 1, 0, 1, 1.000),
(1, 9, 2, 11, 1, 0, 0, 1.000),
(1, 9, 2, 12, 1, 0, 0, 1.000),
(1, 9, 2, 13, 1, 0, 0, 1.000),
(1, 9, 2, 14, 1, 0, 0, 1.000),
(1, 9, 2, 15, 0, 1, 0, -0.333),
(1, 9, 2, 16, 1, 0, 0, 1.000),
(1, 9, 2, 17, 1, 0, 0, 1.000),
(1, 9, 2, 18, 1, 0, 0, 1.000),
(1, 9, 2, 19, 0, 1, 0, -0.333),
(1, 9, 2, 20, 0, 0, 1, 0.000),
(1, 9, 3, 21, 0, 0, 1, 0.000),
(1, 9, 3, 22, 0, 1, 0, -0.333),
(1, 9, 3, 23, 1, 0, 0, 1.000),
(1, 9, 3, 24, 1, 0, 0, 1.000),
(1, 9, 3, 25, 1, 0, 0, 1.000),
(1, 9, 3, 26, 1, 0, 0, 1.000),
(1, 9, 3, 27, 1, 0, 0, 1.000),
(1, 9, 3, 28, 1, 0, 0, 1.000),
(1, 9, 3, 29, 1, 0, 0, 1.000),
(1, 9, 3, 30, 1, 0, 0, 1.000),
(1, 9, 4, 31, 0, 0, 1, 0.000),
(1, 9, 4, 32, 1, 0, 0, 1.000),
(1, 9, 4, 33, 1, 0, 0, 1.000),
(1, 9, 4, 34, 0, 0, 1, 0.000),
(1, 9, 4, 35, 1, 0, 0, 1.000),
(1, 9, 4, 36, 0, 0, 1, 0.000),
(1, 9, 4, 37, 0, 1, 0, -0.333),
(1, 9, 4, 38, 0, 1, 0, -0.333),
(1, 9, 4, 39, 1, 0, 0, 1.000),
(1, 9, 4, 40, 1, 0, 0, 1.000),
(1, 9, 5, 41, 0, 1, 1, -0.333),
(1, 9, 5, 42, 1, 0, 1, 1.000),
(1, 9, 5, 43, 1, 1, 0, 0.667),
(1, 9, 5, 44, 0, 1, 1, -0.333),
(1, 9, 5, 45, 1, 0, 1, 1.000),
(1, 9, 5, 46, 0, 1, 1, -0.333),
(1, 9, 5, 47, 0, 2, 0, -0.667),
(1, 9, 5, 48, 0, 0, 2, 0.000),
(1, 9, 5, 49, 0, 2, 0, -0.667),
(1, 9, 5, 50, 1, 1, 0, 0.667),
(1, 9, 6, 51, 1, 1, 0, 0.667),
(1, 9, 6, 52, 1, 1, 0, 0.667),
(1, 9, 6, 53, 1, 0, 1, 1.000),
(1, 9, 6, 54, 1, 0, 1, 1.000),
(1, 9, 6, 55, 1, 0, 1, 1.000),
(1, 9, 6, 56, 1, 1, 0, 0.667),
(1, 9, 6, 57, 0, 0, 2, 0.000),
(1, 9, 6, 58, 0, 2, 0, -0.667),
(1, 9, 6, 59, 0, 0, 2, 0.000),
(1, 9, 6, 60, 1, 0, 1, 1.000),
(1, 10, 1, 1, 2, 0, 0, 2.000),
(1, 10, 1, 2, 1, 1, 0, 0.667),
(1, 10, 1, 3, 2, 0, 0, 2.000),
(1, 10, 1, 4, 2, 0, 0, 2.000),
(1, 10, 1, 5, 2, 0, 0, 2.000),
(1, 10, 1, 6, 2, 0, 0, 2.000),
(1, 10, 1, 7, 2, 0, 0, 2.000),
(1, 10, 1, 8, 2, 0, 0, 2.000),
(1, 10, 1, 9, 0, 0, 2, 0.000),
(1, 10, 1, 10, 1, 0, 1, 1.000),
(1, 10, 2, 11, 1, 0, 0, 1.000),
(1, 10, 2, 12, 1, 0, 0, 1.000),
(1, 10, 2, 13, 1, 0, 0, 1.000),
(1, 10, 2, 14, 1, 0, 0, 1.000),
(1, 10, 2, 15, 1, 0, 0, 1.000),
(1, 10, 2, 16, 1, 0, 0, 1.000),
(1, 10, 2, 17, 0, 0, 1, 0.000),
(1, 10, 2, 18, 0, 0, 1, 0.000),
(1, 10, 2, 19, 1, 0, 0, 1.000),
(1, 10, 2, 20, 1, 0, 0, 1.000),
(1, 10, 3, 21, 1, 0, 0, 1.000),
(1, 10, 3, 22, 1, 0, 0, 1.000),
(1, 10, 3, 23, 1, 0, 0, 1.000),
(1, 10, 3, 24, 0, 1, 0, -0.333),
(1, 10, 3, 25, 1, 0, 0, 1.000),
(1, 10, 3, 26, 1, 0, 0, 1.000),
(1, 10, 3, 27, 1, 0, 0, 1.000),
(1, 10, 3, 28, 1, 0, 0, 1.000),
(1, 10, 3, 29, 1, 0, 0, 1.000),
(1, 10, 3, 30, 1, 0, 0, 1.000),
(1, 10, 4, 31, 0, 1, 0, -0.333),
(1, 10, 4, 32, 0, 0, 1, 0.000),
(1, 10, 4, 33, 1, 0, 0, 1.000),
(1, 10, 4, 34, 1, 0, 0, 1.000),
(1, 10, 4, 35, 1, 0, 0, 1.000),
(1, 10, 4, 36, 1, 0, 0, 1.000),
(1, 10, 4, 37, 1, 0, 0, 1.000),
(1, 10, 4, 38, 1, 0, 0, 1.000),
(1, 10, 4, 39, 1, 0, 0, 1.000),
(1, 10, 4, 40, 1, 0, 0, 1.000),
(1, 10, 5, 41, 2, 0, 0, 2.000),
(1, 10, 5, 42, 2, 0, 0, 2.000),
(1, 10, 5, 43, 2, 0, 0, 2.000),
(1, 10, 5, 44, 2, 0, 0, 2.000),
(1, 10, 5, 45, 2, 0, 0, 2.000),
(1, 10, 5, 46, 2, 0, 0, 2.000),
(1, 10, 5, 47, 2, 0, 0, 2.000),
(1, 10, 5, 48, 2, 0, 0, 2.000),
(1, 10, 5, 49, 2, 0, 0, 2.000),
(1, 10, 5, 50, 2, 0, 0, 2.000),
(1, 10, 6, 51, 2, 0, 0, 2.000),
(1, 10, 6, 52, 2, 0, 0, 2.000),
(1, 10, 6, 53, 2, 0, 0, 2.000),
(1, 10, 6, 54, 2, 0, 0, 2.000),
(1, 10, 6, 55, 2, 0, 0, 2.000),
(1, 10, 6, 56, 2, 0, 0, 2.000),
(1, 10, 6, 57, 0, 0, 2, 0.000),
(1, 10, 6, 58, 0, 1, 1, -0.333),
(1, 10, 6, 59, 0, 0, 2, 0.000),
(1, 10, 6, 60, 0, 2, 0, -0.667),
(1, 11, 1, 1, 2, 0, 0, 2.000),
(1, 11, 1, 2, 1, 0, 1, 1.000),
(1, 11, 1, 3, 0, 1, 1, -0.333),
(1, 11, 1, 4, 2, 0, 0, 2.000),
(1, 11, 1, 5, 0, 1, 1, -0.333),
(1, 11, 1, 6, 1, 0, 1, 1.000),
(1, 11, 1, 7, 1, 1, 0, 0.667),
(1, 11, 1, 8, 2, 0, 0, 2.000),
(1, 11, 1, 9, 0, 1, 1, -0.333),
(1, 11, 1, 10, 0, 2, 0, -0.667),
(1, 11, 2, 11, 1, 0, 0, 1.000),
(1, 11, 2, 12, 1, 0, 0, 1.000),
(1, 11, 2, 13, 0, 0, 1, 0.000),
(1, 11, 2, 14, 0, 0, 1, 0.000),
(1, 11, 2, 15, 0, 0, 1, 0.000),
(1, 11, 2, 16, 0, 0, 1, 0.000),
(1, 11, 2, 17, 1, 0, 0, 1.000),
(1, 11, 2, 18, 0, 0, 1, 0.000),
(1, 11, 2, 19, 1, 0, 0, 1.000),
(1, 11, 2, 20, 1, 0, 0, 1.000),
(1, 11, 3, 21, 1, 0, 0, 1.000),
(1, 11, 3, 22, 1, 0, 0, 1.000),
(1, 11, 3, 23, 0, 1, 0, -0.333),
(1, 11, 3, 24, 1, 0, 0, 1.000),
(1, 11, 3, 25, 1, 0, 0, 1.000),
(1, 11, 3, 26, 0, 0, 1, 0.000),
(1, 11, 3, 27, 0, 1, 0, -0.333),
(1, 11, 3, 28, 0, 1, 0, -0.333),
(1, 11, 3, 29, 0, 0, 1, 0.000),
(1, 11, 3, 30, 1, 0, 0, 1.000),
(1, 11, 4, 31, 1, 0, 0, 1.000),
(1, 11, 4, 32, 1, 0, 0, 1.000),
(1, 11, 4, 33, 0, 0, 1, 0.000),
(1, 11, 4, 34, 0, 0, 1, 0.000),
(1, 11, 4, 35, 1, 0, 0, 1.000),
(1, 11, 4, 36, 1, 0, 0, 1.000),
(1, 11, 4, 37, 1, 0, 0, 1.000),
(1, 11, 4, 38, 0, 1, 0, -0.333),
(1, 11, 4, 39, 0, 1, 0, -0.333),
(1, 11, 4, 40, 0, 1, 0, -0.333),
(1, 11, 5, 41, 1, 0, 1, 1.000),
(1, 11, 5, 42, 1, 1, 0, 0.667),
(1, 11, 5, 43, 0, 1, 1, -0.333),
(1, 11, 5, 44, 0, 2, 0, -0.667),
(1, 11, 5, 45, 1, 1, 0, 0.667),
(1, 11, 5, 46, 0, 1, 1, -0.333),
(1, 11, 5, 47, 0, 1, 1, -0.333),
(1, 11, 5, 48, 2, 0, 0, 2.000),
(1, 11, 5, 49, 0, 0, 2, 0.000),
(1, 11, 5, 50, 1, 0, 1, 1.000),
(1, 11, 6, 51, 0, 1, 1, -0.333),
(1, 11, 6, 52, 1, 0, 1, 1.000),
(1, 11, 6, 53, 0, 2, 0, -0.667),
(1, 11, 6, 54, 0, 2, 0, -0.667),
(1, 11, 6, 55, 1, 1, 0, 0.667),
(1, 11, 6, 56, 0, 0, 2, 0.000),
(1, 11, 6, 57, 1, 1, 0, 0.667),
(1, 11, 6, 58, 2, 0, 0, 2.000),
(1, 11, 6, 59, 0, 2, 0, -0.667),
(1, 11, 6, 60, 2, 0, 0, 2.000),
(1, 12, 1, 1, 1, 0, 1, 1.000),
(1, 12, 1, 2, 1, 0, 1, 1.000),
(1, 12, 1, 3, 1, 0, 1, 1.000),
(1, 12, 1, 4, 1, 0, 1, 1.000),
(1, 12, 1, 5, 1, 0, 1, 1.000),
(1, 12, 1, 6, 1, 0, 1, 1.000),
(1, 12, 1, 7, 1, 0, 1, 1.000),
(1, 12, 1, 8, 1, 0, 1, 1.000),
(1, 12, 1, 9, 1, 0, 1, 1.000),
(1, 12, 1, 10, 1, 0, 1, 1.000),
(1, 12, 2, 11, 0, 1, 0, -0.333),
(1, 12, 2, 12, 0, 0, 1, 0.000),
(1, 12, 2, 13, 0, 1, 0, -0.333),
(1, 12, 2, 14, 0, 1, 0, -0.333),
(1, 12, 2, 15, 0, 0, 1, 0.000),
(1, 12, 2, 16, 0, 1, 0, -0.333),
(1, 12, 2, 17, 1, 0, 0, 1.000),
(1, 12, 2, 18, 0, 1, 0, -0.333),
(1, 12, 2, 19, 0, 1, 0, -0.333),
(1, 12, 2, 20, 1, 0, 0, 1.000),
(1, 12, 3, 21, 1, 0, 0, 1.000),
(1, 12, 3, 22, 0, 0, 1, 0.000),
(1, 12, 3, 23, 1, 0, 0, 1.000),
(1, 12, 3, 24, 0, 1, 0, -0.333),
(1, 12, 3, 25, 1, 0, 0, 1.000),
(1, 12, 3, 26, 1, 0, 0, 1.000),
(1, 12, 3, 27, 0, 0, 1, 0.000),
(1, 12, 3, 28, 0, 0, 1, 0.000),
(1, 12, 3, 29, 0, 0, 1, 0.000),
(1, 12, 3, 30, 0, 0, 1, 0.000),
(1, 12, 4, 31, 0, 0, 1, 0.000),
(1, 12, 4, 32, 1, 0, 0, 1.000),
(1, 12, 4, 33, 1, 0, 0, 1.000),
(1, 12, 4, 34, 1, 0, 0, 1.000),
(1, 12, 4, 35, 0, 1, 0, -0.333),
(1, 12, 4, 36, 0, 0, 1, 0.000),
(1, 12, 4, 37, 0, 1, 0, -0.333),
(1, 12, 4, 38, 0, 1, 0, -0.333),
(1, 12, 4, 39, 0, 1, 0, -0.333),
(1, 12, 4, 40, 0, 0, 1, 0.000),
(1, 12, 5, 41, 0, 2, 0, -0.667),
(1, 12, 5, 42, 0, 0, 2, 0.000),
(1, 12, 5, 43, 0, 1, 1, -0.333),
(1, 12, 5, 44, 0, 1, 1, -0.333),
(1, 12, 5, 45, 0, 1, 1, -0.333),
(1, 12, 5, 46, 0, 1, 1, -0.333),
(1, 12, 5, 47, 0, 2, 0, -0.667),
(1, 12, 5, 48, 0, 2, 0, -0.667),
(1, 12, 5, 49, 0, 1, 1, -0.333),
(1, 12, 5, 50, 1, 0, 1, 1.000),
(1, 12, 6, 51, 0, 2, 0, -0.667),
(1, 12, 6, 52, 0, 1, 1, -0.333),
(1, 12, 6, 53, 0, 1, 1, -0.333),
(1, 12, 6, 54, 0, 0, 2, 0.000),
(1, 12, 6, 55, 0, 0, 2, 0.000),
(1, 12, 6, 56, 1, 1, 0, 0.667),
(1, 12, 6, 57, 0, 0, 2, 0.000),
(1, 12, 6, 58, 0, 1, 1, -0.333),
(1, 12, 6, 59, 0, 2, 0, -0.667),
(1, 12, 6, 60, 0, 1, 1, -0.333),
(1, 13, 1, 1, 1, 1, 0, 0.667),
(1, 13, 1, 2, 0, 1, 1, -0.333),
(1, 13, 1, 3, 0, 0, 2, 0.000),
(1, 13, 1, 4, 2, 0, 0, 2.000),
(1, 13, 1, 5, 0, 1, 1, -0.333),
(1, 13, 1, 6, 0, 0, 2, 0.000),
(1, 13, 1, 7, 0, 2, 0, -0.667),
(1, 13, 1, 8, 0, 1, 1, -0.333),
(1, 13, 1, 9, 0, 2, 0, -0.667),
(1, 13, 1, 10, 2, 0, 0, 2.000),
(1, 13, 2, 11, 0, 1, 0, -0.333),
(1, 13, 2, 12, 1, 0, 0, 1.000),
(1, 13, 2, 13, 0, 0, 1, 0.000),
(1, 13, 2, 14, 0, 0, 1, 0.000),
(1, 13, 2, 15, 1, 0, 0, 1.000),
(1, 13, 2, 16, 1, 0, 0, 1.000),
(1, 13, 2, 17, 1, 0, 0, 1.000),
(1, 13, 2, 18, 0, 0, 1, 0.000),
(1, 13, 2, 19, 0, 1, 0, -0.333),
(1, 13, 2, 20, 0, 1, 0, -0.333),
(1, 13, 3, 21, 0, 0, 1, 0.000),
(1, 13, 3, 22, 0, 0, 1, 0.000),
(1, 13, 3, 23, 0, 1, 0, -0.333),
(1, 13, 3, 24, 1, 0, 0, 1.000),
(1, 13, 3, 25, 0, 0, 1, 0.000),
(1, 13, 3, 26, 1, 0, 0, 1.000),
(1, 13, 3, 27, 0, 0, 1, 0.000),
(1, 13, 3, 28, 1, 0, 0, 1.000),
(1, 13, 3, 29, 0, 1, 0, -0.333),
(1, 13, 3, 30, 1, 0, 0, 1.000),
(1, 13, 4, 31, 0, 1, 0, -0.333),
(1, 13, 4, 32, 1, 0, 0, 1.000),
(1, 13, 4, 33, 0, 1, 0, -0.333),
(1, 13, 4, 34, 0, 1, 0, -0.333),
(1, 13, 4, 35, 1, 0, 0, 1.000),
(1, 13, 4, 36, 0, 0, 1, 0.000),
(1, 13, 4, 37, 0, 0, 1, 0.000),
(1, 13, 4, 38, 1, 0, 0, 1.000),
(1, 13, 4, 39, 1, 0, 0, 1.000),
(1, 13, 4, 40, 1, 0, 0, 1.000),
(1, 13, 5, 41, 2, 0, 0, 2.000),
(1, 13, 5, 42, 0, 0, 2, 0.000),
(1, 13, 5, 43, 1, 1, 0, 0.667),
(1, 13, 5, 44, 0, 1, 1, -0.333),
(1, 13, 5, 45, 1, 0, 1, 1.000),
(1, 13, 5, 46, 0, 1, 1, -0.333),
(1, 13, 5, 47, 1, 1, 0, 0.667),
(1, 13, 5, 48, 0, 1, 1, -0.333),
(1, 13, 5, 49, 0, 2, 0, -0.667),
(1, 13, 5, 50, 0, 2, 0, -0.667),
(1, 13, 6, 51, 1, 1, 0, 0.667),
(1, 13, 6, 52, 1, 1, 0, 0.667),
(1, 13, 6, 53, 0, 1, 1, -0.333),
(1, 13, 6, 54, 1, 1, 0, 0.667),
(1, 13, 6, 55, 0, 1, 1, -0.333),
(1, 13, 6, 56, 2, 0, 0, 2.000),
(1, 13, 6, 57, 1, 0, 1, 1.000),
(1, 13, 6, 58, 1, 0, 1, 1.000),
(1, 13, 6, 59, 2, 0, 0, 2.000),
(1, 13, 6, 60, 0, 2, 0, -0.667),
(1, 14, 1, 1, 2, 0, 0, 2.000),
(1, 14, 1, 2, 1, 1, 0, 0.667),
(1, 14, 1, 3, 2, 0, 0, 2.000),
(1, 14, 1, 4, 2, 0, 0, 2.000),
(1, 14, 1, 5, 2, 0, 0, 2.000),
(1, 14, 1, 6, 2, 0, 0, 2.000),
(1, 14, 1, 7, 1, 1, 0, 0.667),
(1, 14, 1, 8, 2, 0, 0, 2.000),
(1, 14, 1, 9, 2, 0, 0, 2.000),
(1, 14, 1, 10, 2, 0, 0, 2.000),
(1, 14, 2, 11, 1, 0, 0, 1.000),
(1, 14, 2, 12, 1, 0, 0, 1.000),
(1, 14, 2, 13, 1, 0, 0, 1.000),
(1, 14, 2, 14, 1, 0, 0, 1.000),
(1, 14, 2, 15, 1, 0, 0, 1.000),
(1, 14, 2, 16, 1, 0, 0, 1.000),
(1, 14, 2, 17, 1, 0, 0, 1.000),
(1, 14, 2, 18, 1, 0, 0, 1.000),
(1, 14, 2, 19, 1, 0, 0, 1.000),
(1, 14, 2, 20, 0, 1, 0, -0.333),
(1, 14, 3, 21, 0, 0, 1, 0.000),
(1, 14, 3, 22, 1, 0, 0, 1.000),
(1, 14, 3, 23, 1, 0, 0, 1.000),
(1, 14, 3, 24, 1, 0, 0, 1.000),
(1, 14, 3, 25, 1, 0, 0, 1.000),
(1, 14, 3, 26, 0, 1, 0, -0.333),
(1, 14, 3, 27, 1, 0, 0, 1.000),
(1, 14, 3, 28, 1, 0, 0, 1.000),
(1, 14, 3, 29, 1, 0, 0, 1.000),
(1, 14, 3, 30, 1, 0, 0, 1.000),
(1, 14, 4, 31, 1, 0, 0, 1.000),
(1, 14, 4, 32, 1, 0, 0, 1.000),
(1, 14, 4, 33, 1, 0, 0, 1.000),
(1, 14, 4, 34, 1, 0, 0, 1.000),
(1, 14, 4, 35, 1, 0, 0, 1.000),
(1, 14, 4, 36, 1, 0, 0, 1.000),
(1, 14, 4, 37, 1, 0, 0, 1.000),
(1, 14, 4, 38, 1, 0, 0, 1.000),
(1, 14, 4, 39, 0, 1, 0, -0.333),
(1, 14, 4, 40, 1, 0, 0, 1.000),
(1, 14, 5, 41, 2, 0, 0, 2.000),
(1, 14, 5, 42, 2, 0, 0, 2.000),
(1, 14, 5, 43, 2, 0, 0, 2.000),
(1, 14, 5, 44, 2, 0, 0, 2.000),
(1, 14, 5, 45, 1, 1, 0, 0.667),
(1, 14, 5, 46, 2, 0, 0, 2.000),
(1, 14, 5, 47, 2, 0, 0, 2.000),
(1, 14, 5, 48, 2, 0, 0, 2.000),
(1, 14, 5, 49, 1, 1, 0, 0.667),
(1, 14, 5, 50, 2, 0, 0, 2.000),
(1, 14, 6, 51, 2, 0, 0, 2.000),
(1, 14, 6, 52, 2, 0, 0, 2.000),
(1, 14, 6, 53, 2, 0, 0, 2.000),
(1, 14, 6, 54, 1, 0, 1, 1.000),
(1, 14, 6, 55, 2, 0, 0, 2.000),
(1, 14, 6, 56, 2, 0, 0, 2.000),
(1, 14, 6, 57, 2, 0, 0, 2.000),
(1, 14, 6, 58, 2, 0, 0, 2.000),
(1, 14, 6, 59, 2, 0, 0, 2.000),
(1, 14, 6, 60, 2, 0, 0, 2.000),
(1, 15, 1, 1, 2, 0, 0, 2.000),
(1, 15, 1, 2, 2, 0, 0, 2.000),
(1, 15, 1, 3, 1, 1, 0, 0.667),
(1, 15, 1, 4, 2, 0, 0, 2.000),
(1, 15, 1, 5, 1, 0, 1, 1.000),
(1, 15, 1, 6, 2, 0, 0, 2.000),
(1, 15, 1, 7, 2, 0, 0, 2.000),
(1, 15, 1, 8, 2, 0, 0, 2.000),
(1, 15, 1, 9, 2, 0, 0, 2.000),
(1, 15, 1, 10, 2, 0, 0, 2.000),
(1, 15, 2, 11, 1, 0, 0, 1.000),
(1, 15, 2, 12, 1, 0, 0, 1.000),
(1, 15, 2, 13, 1, 0, 0, 1.000),
(1, 15, 2, 14, 1, 0, 0, 1.000),
(1, 15, 2, 15, 1, 0, 0, 1.000),
(1, 15, 2, 16, 1, 0, 0, 1.000),
(1, 15, 2, 17, 1, 0, 0, 1.000),
(1, 15, 2, 18, 1, 0, 0, 1.000),
(1, 15, 2, 19, 1, 0, 0, 1.000),
(1, 15, 2, 20, 1, 0, 0, 1.000),
(1, 15, 3, 21, 1, 0, 0, 1.000),
(1, 15, 3, 22, 1, 0, 0, 1.000),
(1, 15, 3, 23, 1, 0, 0, 1.000),
(1, 15, 3, 24, 1, 0, 0, 1.000),
(1, 15, 3, 25, 0, 1, 0, -0.333),
(1, 15, 3, 26, 0, 1, 0, -0.333),
(1, 15, 3, 27, 0, 1, 0, -0.333),
(1, 15, 3, 28, 1, 0, 0, 1.000),
(1, 15, 3, 29, 1, 0, 0, 1.000),
(1, 15, 3, 30, 1, 0, 0, 1.000),
(1, 15, 4, 31, 1, 0, 0, 1.000),
(1, 15, 4, 32, 1, 0, 0, 1.000),
(1, 15, 4, 33, 1, 0, 0, 1.000),
(1, 15, 4, 34, 1, 0, 0, 1.000),
(1, 15, 4, 35, 1, 0, 0, 1.000),
(1, 15, 4, 36, 1, 0, 0, 1.000),
(1, 15, 4, 37, 0, 0, 1, 0.000),
(1, 15, 4, 38, 1, 0, 0, 1.000),
(1, 15, 4, 39, 1, 0, 0, 1.000),
(1, 15, 4, 40, 0, 1, 0, -0.333),
(1, 15, 5, 41, 2, 0, 0, 2.000),
(1, 15, 5, 42, 2, 0, 0, 2.000),
(1, 15, 5, 43, 1, 0, 1, 1.000),
(1, 15, 5, 44, 1, 0, 1, 1.000),
(1, 15, 5, 45, 2, 0, 0, 2.000),
(1, 15, 5, 46, 2, 0, 0, 2.000),
(1, 15, 5, 47, 2, 0, 0, 2.000),
(1, 15, 5, 48, 2, 0, 0, 2.000),
(1, 15, 5, 49, 2, 0, 0, 2.000),
(1, 15, 5, 50, 2, 0, 0, 2.000),
(1, 15, 6, 51, 2, 0, 0, 2.000),
(1, 15, 6, 52, 2, 0, 0, 2.000),
(1, 15, 6, 53, 1, 1, 0, 0.667),
(1, 15, 6, 54, 1, 1, 0, 0.667),
(1, 15, 6, 55, 1, 1, 0, 0.667),
(1, 15, 6, 56, 1, 0, 1, 1.000),
(1, 15, 6, 57, 2, 0, 0, 2.000),
(1, 15, 6, 58, 2, 0, 0, 2.000),
(1, 15, 6, 59, 2, 0, 0, 2.000),
(1, 15, 6, 60, 2, 0, 0, 2.000),
(1, 16, 1, 1, 2, 0, 0, 2.000),
(1, 16, 1, 2, 2, 0, 0, 2.000),
(1, 16, 1, 3, 2, 0, 0, 2.000),
(1, 16, 1, 4, 1, 1, 0, 0.667),
(1, 16, 1, 5, 2, 0, 0, 2.000),
(1, 16, 1, 6, 1, 1, 0, 0.667),
(1, 16, 1, 7, 1, 1, 0, 0.667),
(1, 16, 1, 8, 2, 0, 0, 2.000),
(1, 16, 1, 9, 1, 1, 0, 0.667),
(1, 16, 1, 10, 2, 0, 0, 2.000),
(1, 16, 2, 11, 1, 0, 0, 1.000),
(1, 16, 2, 12, 1, 0, 0, 1.000),
(1, 16, 2, 13, 0, 1, 0, -0.333),
(1, 16, 2, 14, 1, 0, 0, 1.000),
(1, 16, 2, 15, 0, 1, 0, -0.333),
(1, 16, 2, 16, 1, 0, 0, 1.000),
(1, 16, 2, 17, 1, 0, 0, 1.000),
(1, 16, 2, 18, 0, 0, 1, 0.000),
(1, 16, 2, 19, 1, 0, 0, 1.000),
(1, 16, 2, 20, 1, 0, 0, 1.000),
(1, 16, 3, 21, 0, 1, 0, -0.333),
(1, 16, 3, 22, 1, 0, 0, 1.000),
(1, 16, 3, 23, 1, 0, 0, 1.000),
(1, 16, 3, 24, 0, 1, 0, -0.333),
(1, 16, 3, 25, 1, 0, 0, 1.000),
(1, 16, 3, 26, 1, 0, 0, 1.000),
(1, 16, 3, 27, 1, 0, 0, 1.000),
(1, 16, 3, 28, 1, 0, 0, 1.000),
(1, 16, 3, 29, 1, 0, 0, 1.000),
(1, 16, 3, 30, 0, 1, 0, -0.333),
(1, 16, 4, 31, 0, 1, 0, -0.333),
(1, 16, 4, 32, 1, 0, 0, 1.000),
(1, 16, 4, 33, 1, 0, 0, 1.000),
(1, 16, 4, 34, 1, 0, 0, 1.000),
(1, 16, 4, 35, 1, 0, 0, 1.000),
(1, 16, 4, 36, 1, 0, 0, 1.000),
(1, 16, 4, 37, 1, 0, 0, 1.000),
(1, 16, 4, 38, 1, 0, 0, 1.000),
(1, 16, 4, 39, 1, 0, 0, 1.000),
(1, 16, 4, 40, 1, 0, 0, 1.000),
(1, 16, 5, 41, 2, 0, 0, 2.000),
(1, 16, 5, 42, 1, 1, 0, 0.667),
(1, 16, 5, 43, 2, 0, 0, 2.000),
(1, 16, 5, 44, 1, 1, 0, 0.667),
(1, 16, 5, 45, 2, 0, 0, 2.000),
(1, 16, 5, 46, 1, 0, 1, 1.000),
(1, 16, 5, 47, 2, 0, 0, 2.000),
(1, 16, 5, 48, 2, 0, 0, 2.000),
(1, 16, 5, 49, 1, 1, 0, 0.667),
(1, 16, 5, 50, 1, 1, 0, 0.667),
(1, 16, 6, 51, 2, 0, 0, 2.000),
(1, 16, 6, 52, 1, 1, 0, 0.667),
(1, 16, 6, 53, 2, 0, 0, 2.000),
(1, 16, 6, 54, 2, 0, 0, 2.000),
(1, 16, 6, 55, 2, 0, 0, 2.000),
(1, 16, 6, 56, 2, 0, 0, 2.000),
(1, 16, 6, 57, 2, 0, 0, 2.000),
(1, 16, 6, 58, 2, 0, 0, 2.000),
(1, 16, 6, 59, 2, 0, 0, 2.000),
(1, 16, 6, 60, 1, 1, 0, 0.667),
(1, 17, 1, 1, 1, 0, 1, 1.000),
(1, 17, 1, 2, 2, 0, 0, 2.000),
(1, 17, 1, 3, 1, 1, 0, 0.667),
(1, 17, 1, 4, 0, 1, 1, -0.333),
(1, 17, 1, 5, 2, 0, 0, 2.000),
(1, 17, 1, 6, 1, 1, 0, 0.667),
(1, 17, 1, 7, 1, 0, 1, 1.000),
(1, 17, 1, 8, 1, 0, 1, 1.000),
(1, 17, 1, 9, 0, 1, 1, -0.333),
(1, 17, 1, 10, 1, 1, 0, 0.667),
(1, 17, 2, 11, 1, 0, 0, 1.000),
(1, 17, 2, 12, 0, 0, 1, 0.000),
(1, 17, 2, 13, 0, 0, 1, 0.000),
(1, 17, 2, 14, 0, 1, 0, -0.333),
(1, 17, 2, 15, 1, 0, 0, 1.000),
(1, 17, 2, 16, 1, 0, 0, 1.000),
(1, 17, 2, 17, 0, 0, 1, 0.000),
(1, 17, 2, 18, 1, 0, 0, 1.000),
(1, 17, 2, 19, 1, 0, 0, 1.000),
(1, 17, 2, 20, 0, 0, 1, 0.000),
(1, 17, 3, 21, 1, 0, 0, 1.000),
(1, 17, 3, 22, 1, 0, 0, 1.000),
(1, 17, 3, 23, 1, 0, 0, 1.000),
(1, 17, 3, 24, 1, 0, 0, 1.000),
(1, 17, 3, 25, 1, 0, 0, 1.000),
(1, 17, 3, 26, 0, 1, 0, -0.333),
(1, 17, 3, 27, 0, 1, 0, -0.333),
(1, 17, 3, 28, 1, 0, 0, 1.000),
(1, 17, 3, 29, 0, 1, 0, -0.333),
(1, 17, 3, 30, 0, 0, 1, 0.000),
(1, 17, 4, 31, 0, 0, 1, 0.000),
(1, 17, 4, 32, 1, 0, 0, 1.000),
(1, 17, 4, 33, 0, 0, 1, 0.000),
(1, 17, 4, 34, 1, 0, 0, 1.000),
(1, 17, 4, 35, 1, 0, 0, 1.000),
(1, 17, 4, 36, 0, 0, 1, 0.000),
(1, 17, 4, 37, 0, 0, 1, 0.000),
(1, 17, 4, 38, 1, 0, 0, 1.000),
(1, 17, 4, 39, 1, 0, 0, 1.000),
(1, 17, 4, 40, 0, 0, 1, 0.000),
(1, 17, 5, 41, 0, 1, 1, -0.333),
(1, 17, 5, 42, 1, 0, 1, 1.000),
(1, 17, 5, 43, 2, 0, 0, 2.000),
(1, 17, 5, 44, 1, 1, 0, 0.667),
(1, 17, 5, 45, 0, 1, 1, -0.333),
(1, 17, 5, 46, 0, 0, 2, 0.000),
(1, 17, 5, 47, 2, 0, 0, 2.000),
(1, 17, 5, 48, 1, 0, 1, 1.000),
(1, 17, 5, 49, 0, 2, 0, -0.667),
(1, 17, 5, 50, 0, 1, 1, -0.333),
(1, 17, 6, 51, 1, 1, 0, 0.667),
(1, 17, 6, 52, 0, 1, 1, -0.333),
(1, 17, 6, 53, 0, 1, 1, -0.333),
(1, 17, 6, 54, 1, 0, 1, 1.000),
(1, 17, 6, 55, 0, 1, 1, -0.333),
(1, 17, 6, 56, 0, 2, 0, -0.667),
(1, 17, 6, 57, 0, 0, 2, 0.000),
(1, 17, 6, 58, 0, 1, 1, -0.333),
(1, 17, 6, 59, 0, 1, 1, -0.333),
(1, 17, 6, 60, 0, 1, 1, -0.333),
(1, 18, 1, 1, 1, 1, 0, 0.667),
(1, 18, 1, 2, 0, 1, 1, -0.333),
(1, 18, 1, 3, 0, 1, 1, -0.333),
(1, 18, 1, 4, 2, 0, 0, 2.000),
(1, 18, 1, 5, 0, 0, 2, 0.000),
(1, 18, 1, 6, 0, 2, 0, -0.667),
(1, 18, 1, 7, 1, 1, 0, 0.667),
(1, 18, 1, 8, 1, 1, 0, 0.667),
(1, 18, 1, 9, 1, 1, 0, 0.667),
(1, 18, 1, 10, 0, 0, 2, 0.000),
(1, 18, 2, 11, 1, 0, 0, 1.000),
(1, 18, 2, 12, 0, 1, 0, -0.333),
(1, 18, 2, 13, 1, 0, 0, 1.000),
(1, 18, 2, 14, 1, 0, 0, 1.000),
(1, 18, 2, 15, 0, 0, 1, 0.000),
(1, 18, 2, 16, 0, 1, 0, -0.333),
(1, 18, 2, 17, 1, 0, 0, 1.000),
(1, 18, 2, 18, 0, 0, 1, 0.000),
(1, 18, 2, 19, 1, 0, 0, 1.000),
(1, 18, 2, 20, 1, 0, 0, 1.000),
(1, 18, 3, 21, 1, 0, 0, 1.000),
(1, 18, 3, 22, 1, 0, 0, 1.000),
(1, 18, 3, 23, 0, 0, 1, 0.000),
(1, 18, 3, 24, 1, 0, 0, 1.000),
(1, 18, 3, 25, 0, 1, 0, -0.333),
(1, 18, 3, 26, 1, 0, 0, 1.000),
(1, 18, 3, 27, 1, 0, 0, 1.000),
(1, 18, 3, 28, 0, 0, 1, 0.000),
(1, 18, 3, 29, 0, 1, 0, -0.333),
(1, 18, 3, 30, 1, 0, 0, 1.000),
(1, 18, 4, 31, 1, 0, 0, 1.000),
(1, 18, 4, 32, 1, 0, 0, 1.000),
(1, 18, 4, 33, 0, 0, 1, 0.000),
(1, 18, 4, 34, 0, 0, 1, 0.000),
(1, 18, 4, 35, 1, 0, 0, 1.000),
(1, 18, 4, 36, 1, 0, 0, 1.000),
(1, 18, 4, 37, 1, 0, 0, 1.000),
(1, 18, 4, 38, 0, 0, 1, 0.000),
(1, 18, 4, 39, 0, 1, 0, -0.333),
(1, 18, 4, 40, 0, 0, 1, 0.000),
(1, 18, 5, 41, 0, 1, 1, -0.333),
(1, 18, 5, 42, 0, 0, 2, 0.000),
(1, 18, 5, 43, 1, 1, 0, 0.667),
(1, 18, 5, 44, 0, 1, 1, -0.333),
(1, 18, 5, 45, 1, 1, 0, 0.667),
(1, 18, 5, 46, 0, 2, 0, -0.667),
(1, 18, 5, 47, 0, 1, 1, -0.333),
(1, 18, 5, 48, 0, 2, 0, -0.667),
(1, 18, 5, 49, 1, 1, 0, 0.667),
(1, 18, 5, 50, 1, 0, 1, 1.000),
(1, 18, 6, 51, 1, 1, 0, 0.667),
(1, 18, 6, 52, 0, 1, 1, -0.333),
(1, 18, 6, 53, 1, 0, 1, 1.000),
(1, 18, 6, 54, 2, 0, 0, 2.000),
(1, 18, 6, 55, 0, 2, 0, -0.667),
(1, 18, 6, 56, 0, 1, 1, -0.333),
(1, 18, 6, 57, 2, 0, 0, 2.000),
(1, 18, 6, 58, 0, 2, 0, -0.667),
(1, 18, 6, 59, 1, 0, 1, 1.000),
(1, 18, 6, 60, 1, 0, 1, 1.000),
(1, 19, 1, 1, 1, 0, 1, 1.000),
(1, 19, 1, 2, 2, 0, 0, 2.000),
(1, 19, 1, 3, 2, 0, 0, 2.000),
(1, 19, 1, 4, 2, 0, 0, 2.000),
(1, 19, 1, 5, 2, 0, 0, 2.000),
(1, 19, 1, 6, 2, 0, 0, 2.000),
(1, 19, 1, 7, 2, 0, 0, 2.000),
(1, 19, 1, 8, 1, 0, 1, 1.000),
(1, 19, 1, 9, 2, 0, 0, 2.000),
(1, 19, 1, 10, 2, 0, 0, 2.000),
(1, 19, 2, 11, 1, 0, 0, 1.000),
(1, 19, 2, 12, 1, 0, 0, 1.000),
(1, 19, 2, 13, 1, 0, 0, 1.000),
(1, 19, 2, 14, 0, 1, 0, -0.333),
(1, 19, 2, 15, 1, 0, 0, 1.000),
(1, 19, 2, 16, 1, 0, 0, 1.000),
(1, 19, 2, 17, 1, 0, 0, 1.000),
(1, 19, 2, 18, 1, 0, 0, 1.000),
(1, 19, 2, 19, 1, 0, 0, 1.000),
(1, 19, 2, 20, 1, 0, 0, 1.000),
(1, 19, 3, 21, 0, 1, 0, -0.333),
(1, 19, 3, 22, 1, 0, 0, 1.000),
(1, 19, 3, 23, 1, 0, 0, 1.000),
(1, 19, 3, 24, 1, 0, 0, 1.000),
(1, 19, 3, 25, 1, 0, 0, 1.000),
(1, 19, 3, 26, 1, 0, 0, 1.000),
(1, 19, 3, 27, 1, 0, 0, 1.000),
(1, 19, 3, 28, 1, 0, 0, 1.000),
(1, 19, 3, 29, 1, 0, 0, 1.000),
(1, 19, 3, 30, 1, 0, 0, 1.000),
(1, 19, 4, 31, 0, 1, 0, -0.333),
(1, 19, 4, 32, 1, 0, 0, 1.000),
(1, 19, 4, 33, 0, 0, 1, 0.000),
(1, 19, 4, 34, 1, 0, 0, 1.000),
(1, 19, 4, 35, 1, 0, 0, 1.000),
(1, 19, 4, 36, 1, 0, 0, 1.000),
(1, 19, 4, 37, 1, 0, 0, 1.000),
(1, 19, 4, 38, 1, 0, 0, 1.000),
(1, 19, 4, 39, 1, 0, 0, 1.000),
(1, 19, 4, 40, 1, 0, 0, 1.000),
(1, 19, 5, 41, 2, 0, 0, 2.000),
(1, 19, 5, 42, 2, 0, 0, 2.000),
(1, 19, 5, 43, 1, 1, 0, 0.667),
(1, 19, 5, 44, 2, 0, 0, 2.000),
(1, 19, 5, 45, 2, 0, 0, 2.000),
(1, 19, 5, 46, 2, 0, 0, 2.000),
(1, 19, 5, 47, 1, 0, 1, 1.000),
(1, 19, 5, 48, 2, 0, 0, 2.000),
(1, 19, 5, 49, 2, 0, 0, 2.000),
(1, 19, 5, 50, 2, 0, 0, 2.000),
(1, 19, 6, 51, 2, 0, 0, 2.000),
(1, 19, 6, 52, 2, 0, 0, 2.000),
(1, 19, 6, 53, 1, 0, 1, 1.000),
(1, 19, 6, 54, 2, 0, 0, 2.000),
(1, 19, 6, 55, 2, 0, 0, 2.000),
(1, 19, 6, 56, 2, 0, 0, 2.000),
(1, 19, 6, 57, 2, 0, 0, 2.000),
(1, 19, 6, 58, 2, 0, 0, 2.000),
(1, 19, 6, 59, 2, 0, 0, 2.000),
(1, 19, 6, 60, 2, 0, 0, 2.000),
(1, 20, 1, 1, 0, 2, 0, -0.667),
(1, 20, 1, 2, 2, 0, 0, 2.000),
(1, 20, 1, 3, 0, 1, 1, -0.333),
(1, 20, 1, 4, 2, 0, 0, 2.000),
(1, 20, 1, 5, 1, 1, 0, 0.667),
(1, 20, 1, 6, 0, 1, 1, -0.333),
(1, 20, 1, 7, 0, 1, 1, -0.333),
(1, 20, 1, 8, 1, 1, 0, 0.667),
(1, 20, 1, 9, 0, 0, 2, 0.000),
(1, 20, 1, 10, 1, 1, 0, 0.667),
(1, 20, 2, 11, 0, 0, 1, 0.000),
(1, 20, 2, 12, 1, 0, 0, 1.000),
(1, 20, 2, 13, 0, 0, 1, 0.000),
(1, 20, 2, 14, 1, 0, 0, 1.000),
(1, 20, 2, 15, 1, 0, 0, 1.000),
(1, 20, 2, 16, 0, 1, 0, -0.333),
(1, 20, 2, 17, 0, 0, 1, 0.000),
(1, 20, 2, 18, 1, 0, 0, 1.000),
(1, 20, 2, 19, 1, 0, 0, 1.000),
(1, 20, 2, 20, 1, 0, 0, 1.000),
(1, 20, 3, 21, 0, 1, 0, -0.333),
(1, 20, 3, 22, 1, 0, 0, 1.000),
(1, 20, 3, 23, 1, 0, 0, 1.000),
(1, 20, 3, 24, 0, 1, 0, -0.333),
(1, 20, 3, 25, 0, 0, 1, 0.000),
(1, 20, 3, 26, 1, 0, 0, 1.000),
(1, 20, 3, 27, 1, 0, 0, 1.000),
(1, 20, 3, 28, 1, 0, 0, 1.000),
(1, 20, 3, 29, 0, 1, 0, -0.333),
(1, 20, 3, 30, 0, 1, 0, -0.333),
(1, 20, 4, 31, 1, 0, 0, 1.000),
(1, 20, 4, 32, 0, 0, 1, 0.000),
(1, 20, 4, 33, 0, 0, 1, 0.000),
(1, 20, 4, 34, 0, 1, 0, -0.333),
(1, 20, 4, 35, 1, 0, 0, 1.000),
(1, 20, 4, 36, 1, 0, 0, 1.000),
(1, 20, 4, 37, 1, 0, 0, 1.000),
(1, 20, 4, 38, 1, 0, 0, 1.000),
(1, 20, 4, 39, 1, 0, 0, 1.000),
(1, 20, 4, 40, 1, 0, 0, 1.000),
(1, 20, 5, 41, 0, 2, 0, -0.667),
(1, 20, 5, 42, 1, 0, 1, 1.000),
(1, 20, 5, 43, 0, 0, 2, 0.000),
(1, 20, 5, 44, 0, 0, 2, 0.000),
(1, 20, 5, 45, 0, 0, 2, 0.000),
(1, 20, 5, 46, 1, 0, 1, 1.000),
(1, 20, 5, 47, 1, 0, 1, 1.000),
(1, 20, 5, 48, 0, 1, 1, -0.333),
(1, 20, 5, 49, 1, 0, 1, 1.000),
(1, 20, 5, 50, 0, 1, 1, -0.333),
(1, 20, 6, 51, 0, 2, 0, -0.667),
(1, 20, 6, 52, 1, 0, 1, 1.000),
(1, 20, 6, 53, 1, 1, 0, 0.667),
(1, 20, 6, 54, 1, 0, 1, 1.000),
(1, 20, 6, 55, 1, 1, 0, 0.667),
(1, 20, 6, 56, 0, 1, 1, -0.333),
(1, 20, 6, 57, 1, 0, 1, 1.000),
(1, 20, 6, 58, 1, 0, 1, 1.000),
(1, 20, 6, 59, 1, 1, 0, 0.667),
(1, 20, 6, 60, 0, 1, 1, -0.333),
(1, 21, 1, 1, 0, 0, 2, 0.000),
(1, 21, 1, 2, 2, 0, 0, 2.000),
(1, 21, 1, 3, 1, 0, 1, 1.000),
(1, 21, 1, 4, 0, 0, 2, 0.000),
(1, 21, 1, 5, 1, 1, 0, 0.667),
(1, 21, 1, 6, 0, 2, 0, -0.667),
(1, 21, 1, 7, 0, 0, 2, 0.000),
(1, 21, 1, 8, 0, 0, 2, 0.000),
(1, 21, 1, 9, 0, 2, 0, -0.667),
(1, 21, 1, 10, 0, 2, 0, -0.667),
(1, 21, 2, 11, 0, 1, 0, -0.333),
(1, 21, 2, 12, 1, 0, 0, 1.000),
(1, 21, 2, 13, 1, 0, 0, 1.000),
(1, 21, 2, 14, 1, 0, 0, 1.000),
(1, 21, 2, 15, 1, 0, 0, 1.000),
(1, 21, 2, 16, 0, 1, 0, -0.333),
(1, 21, 2, 17, 0, 1, 0, -0.333),
(1, 21, 2, 18, 0, 1, 0, -0.333),
(1, 21, 2, 19, 0, 0, 1, 0.000),
(1, 21, 2, 20, 1, 0, 0, 1.000),
(1, 21, 3, 21, 1, 0, 0, 1.000),
(1, 21, 3, 22, 1, 0, 0, 1.000),
(1, 21, 3, 23, 0, 0, 1, 0.000),
(1, 21, 3, 24, 0, 1, 0, -0.333),
(1, 21, 3, 25, 1, 0, 0, 1.000),
(1, 21, 3, 26, 0, 1, 0, -0.333),
(1, 21, 3, 27, 0, 1, 0, -0.333),
(1, 21, 3, 28, 1, 0, 0, 1.000),
(1, 21, 3, 29, 1, 0, 0, 1.000),
(1, 21, 3, 30, 1, 0, 0, 1.000),
(1, 21, 4, 31, 1, 0, 0, 1.000),
(1, 21, 4, 32, 0, 0, 1, 0.000),
(1, 21, 4, 33, 1, 0, 0, 1.000),
(1, 21, 4, 34, 0, 0, 1, 0.000),
(1, 21, 4, 35, 1, 0, 0, 1.000),
(1, 21, 4, 36, 1, 0, 0, 1.000),
(1, 21, 4, 37, 1, 0, 0, 1.000),
(1, 21, 4, 38, 0, 1, 0, -0.333),
(1, 21, 4, 39, 0, 0, 1, 0.000),
(1, 21, 4, 40, 0, 0, 1, 0.000),
(1, 21, 5, 41, 0, 1, 1, -0.333),
(1, 21, 5, 42, 1, 0, 1, 1.000),
(1, 21, 5, 43, 2, 0, 0, 2.000),
(1, 21, 5, 44, 1, 1, 0, 0.667),
(1, 21, 5, 45, 0, 0, 2, 0.000),
(1, 21, 5, 46, 1, 0, 1, 1.000),
(1, 21, 5, 47, 0, 1, 1, -0.333),
(1, 21, 5, 48, 1, 1, 0, 0.667),
(1, 21, 5, 49, 2, 0, 0, 2.000),
(1, 21, 5, 50, 1, 1, 0, 0.667),
(1, 21, 6, 51, 1, 1, 0, 0.667),
(1, 21, 6, 52, 1, 0, 1, 1.000),
(1, 21, 6, 53, 1, 0, 1, 1.000),
(1, 21, 6, 54, 0, 1, 1, -0.333),
(1, 21, 6, 55, 1, 0, 1, 1.000),
(1, 21, 6, 56, 0, 1, 1, -0.333),
(1, 21, 6, 57, 0, 1, 1, -0.333),
(1, 21, 6, 58, 1, 0, 1, 1.000),
(1, 21, 6, 59, 0, 0, 2, 0.000),
(1, 21, 6, 60, 0, 2, 0, -0.667),
(1, 22, 1, 1, 1, 1, 0, 0.667),
(1, 22, 1, 2, 2, 0, 0, 2.000),
(1, 22, 1, 3, 2, 0, 0, 2.000),
(1, 22, 1, 4, 2, 0, 0, 2.000),
(1, 22, 1, 5, 2, 0, 0, 2.000),
(1, 22, 1, 6, 2, 0, 0, 2.000),
(1, 22, 1, 7, 2, 0, 0, 2.000),
(1, 22, 1, 8, 2, 0, 0, 2.000),
(1, 22, 1, 9, 1, 0, 1, 1.000),
(1, 22, 1, 10, 1, 0, 1, 1.000),
(1, 22, 2, 11, 1, 0, 0, 1.000),
(1, 22, 2, 12, 1, 0, 0, 1.000),
(1, 22, 2, 13, 1, 0, 0, 1.000),
(1, 22, 2, 14, 1, 0, 0, 1.000),
(1, 22, 2, 15, 1, 0, 0, 1.000),
(1, 22, 2, 16, 1, 0, 0, 1.000),
(1, 22, 2, 17, 1, 0, 0, 1.000),
(1, 22, 2, 18, 1, 0, 0, 1.000),
(1, 22, 2, 19, 1, 0, 0, 1.000),
(1, 22, 2, 20, 0, 0, 1, 0.000),
(1, 22, 3, 21, 1, 0, 0, 1.000),
(1, 22, 3, 22, 0, 1, 0, -0.333),
(1, 22, 3, 23, 1, 0, 0, 1.000),
(1, 22, 3, 24, 1, 0, 0, 1.000),
(1, 22, 3, 25, 0, 1, 0, -0.333),
(1, 22, 3, 26, 1, 0, 0, 1.000),
(1, 22, 3, 27, 1, 0, 0, 1.000),
(1, 22, 3, 28, 1, 0, 0, 1.000),
(1, 22, 3, 29, 1, 0, 0, 1.000),
(1, 22, 3, 30, 1, 0, 0, 1.000),
(1, 22, 4, 31, 1, 0, 0, 1.000),
(1, 22, 4, 32, 1, 0, 0, 1.000),
(1, 22, 4, 33, 1, 0, 0, 1.000),
(1, 22, 4, 34, 0, 0, 1, 0.000),
(1, 22, 4, 35, 1, 0, 0, 1.000),
(1, 22, 4, 36, 0, 0, 1, 0.000),
(1, 22, 4, 37, 1, 0, 0, 1.000),
(1, 22, 4, 38, 1, 0, 0, 1.000),
(1, 22, 4, 39, 1, 0, 0, 1.000),
(1, 22, 4, 40, 0, 0, 1, 0.000),
(1, 22, 5, 41, 2, 0, 0, 2.000),
(1, 22, 5, 42, 1, 1, 0, 0.667),
(1, 22, 5, 43, 1, 0, 1, 1.000),
(1, 22, 5, 44, 2, 0, 0, 2.000),
(1, 22, 5, 45, 2, 0, 0, 2.000),
(1, 22, 5, 46, 2, 0, 0, 2.000),
(1, 22, 5, 47, 1, 1, 0, 0.667),
(1, 22, 5, 48, 2, 0, 0, 2.000),
(1, 22, 5, 49, 1, 0, 1, 1.000),
(1, 22, 5, 50, 2, 0, 0, 2.000),
(1, 22, 6, 51, 2, 0, 0, 2.000),
(1, 22, 6, 52, 2, 0, 0, 2.000),
(1, 22, 6, 53, 2, 0, 0, 2.000),
(1, 22, 6, 54, 2, 0, 0, 2.000),
(1, 22, 6, 55, 2, 0, 0, 2.000),
(1, 22, 6, 56, 1, 1, 0, 0.667),
(1, 22, 6, 57, 2, 0, 0, 2.000),
(1, 22, 6, 58, 1, 1, 0, 0.667),
(1, 22, 6, 59, 2, 0, 0, 2.000),
(1, 22, 6, 60, 1, 0, 1, 1.000),
(1, 23, 1, 1, 1, 0, 1, 1.000),
(1, 23, 1, 2, 0, 1, 1, -0.333),
(1, 23, 1, 3, 1, 0, 1, 1.000),
(1, 23, 1, 4, 2, 0, 0, 2.000),
(1, 23, 1, 5, 0, 0, 2, 0.000),
(1, 23, 1, 6, 0, 2, 0, -0.667),
(1, 23, 1, 7, 1, 0, 1, 1.000),
(1, 23, 1, 8, 0, 1, 1, -0.333),
(1, 23, 1, 9, 1, 1, 0, 0.667),
(1, 23, 1, 10, 1, 0, 1, 1.000),
(1, 23, 2, 11, 0, 0, 1, 0.000),
(1, 23, 2, 12, 0, 1, 0, -0.333),
(1, 23, 2, 13, 0, 1, 0, -0.333),
(1, 23, 2, 14, 1, 0, 0, 1.000),
(1, 23, 2, 15, 1, 0, 0, 1.000),
(1, 23, 2, 16, 0, 0, 1, 0.000),
(1, 23, 2, 17, 1, 0, 0, 1.000),
(1, 23, 2, 18, 1, 0, 0, 1.000),
(1, 23, 2, 19, 0, 1, 0, -0.333),
(1, 23, 2, 20, 0, 1, 0, -0.333),
(1, 23, 3, 21, 1, 0, 0, 1.000),
(1, 23, 3, 22, 0, 0, 1, 0.000),
(1, 23, 3, 23, 0, 1, 0, -0.333),
(1, 23, 3, 24, 0, 0, 1, 0.000),
(1, 23, 3, 25, 1, 0, 0, 1.000),
(1, 23, 3, 26, 1, 0, 0, 1.000),
(1, 23, 3, 27, 0, 0, 1, 0.000),
(1, 23, 3, 28, 0, 0, 1, 0.000),
(1, 23, 3, 29, 1, 0, 0, 1.000),
(1, 23, 3, 30, 1, 0, 0, 1.000),
(1, 23, 4, 31, 1, 0, 0, 1.000),
(1, 23, 4, 32, 1, 0, 0, 1.000),
(1, 23, 4, 33, 0, 1, 0, -0.333),
(1, 23, 4, 34, 0, 0, 1, 0.000),
(1, 23, 4, 35, 0, 1, 0, -0.333),
(1, 23, 4, 36, 1, 0, 0, 1.000),
(1, 23, 4, 37, 0, 1, 0, -0.333),
(1, 23, 4, 38, 1, 0, 0, 1.000),
(1, 23, 4, 39, 0, 0, 1, 0.000),
(1, 23, 4, 40, 1, 0, 0, 1.000),
(1, 23, 5, 41, 2, 0, 0, 2.000),
(1, 23, 5, 42, 2, 0, 0, 2.000),
(1, 23, 5, 43, 2, 0, 0, 2.000),
(1, 23, 5, 44, 2, 0, 0, 2.000),
(1, 23, 5, 45, 1, 1, 0, 0.667),
(1, 23, 5, 46, 1, 1, 0, 0.667),
(1, 23, 5, 47, 2, 0, 0, 2.000),
(1, 23, 5, 48, 1, 1, 0, 0.667),
(1, 23, 5, 49, 2, 0, 0, 2.000),
(1, 23, 5, 50, 1, 0, 1, 1.000),
(1, 23, 6, 51, 1, 1, 0, 0.667),
(1, 23, 6, 52, 1, 0, 1, 1.000),
(1, 23, 6, 53, 0, 1, 1, -0.333),
(1, 23, 6, 54, 1, 0, 1, 1.000),
(1, 23, 6, 55, 1, 1, 0, 0.667),
(1, 23, 6, 56, 0, 2, 0, -0.667),
(1, 23, 6, 57, 2, 0, 0, 2.000),
(1, 23, 6, 58, 0, 2, 0, -0.667),
(1, 23, 6, 59, 0, 2, 0, -0.667),
(1, 23, 6, 60, 0, 0, 2, 0.000),
(1, 24, 1, 1, 2, 0, 0, 2.000),
(1, 24, 1, 2, 1, 0, 1, 1.000),
(1, 24, 1, 3, 1, 0, 1, 1.000),
(1, 24, 1, 4, 1, 1, 0, 0.667),
(1, 24, 1, 5, 0, 1, 1, -0.333),
(1, 24, 1, 6, 1, 1, 0, 0.667),
(1, 24, 1, 7, 1, 1, 0, 0.667),
(1, 24, 1, 8, 1, 0, 1, 1.000),
(1, 24, 1, 9, 0, 0, 2, 0.000),
(1, 24, 1, 10, 1, 1, 0, 0.667),
(1, 24, 2, 11, 1, 0, 0, 1.000),
(1, 24, 2, 12, 1, 0, 0, 1.000),
(1, 24, 2, 13, 1, 0, 0, 1.000),
(1, 24, 2, 14, 1, 0, 0, 1.000),
(1, 24, 2, 15, 0, 1, 0, -0.333),
(1, 24, 2, 16, 0, 1, 0, -0.333),
(1, 24, 2, 17, 0, 0, 1, 0.000),
(1, 24, 2, 18, 0, 1, 0, -0.333),
(1, 24, 2, 19, 1, 0, 0, 1.000),
(1, 24, 2, 20, 0, 1, 0, -0.333),
(1, 24, 3, 21, 0, 0, 1, 0.000),
(1, 24, 3, 22, 1, 0, 0, 1.000),
(1, 24, 3, 23, 0, 1, 0, -0.333),
(1, 24, 3, 24, 0, 0, 1, 0.000),
(1, 24, 3, 25, 1, 0, 0, 1.000),
(1, 24, 3, 26, 1, 0, 0, 1.000),
(1, 24, 3, 27, 1, 0, 0, 1.000),
(1, 24, 3, 28, 0, 0, 1, 0.000),
(1, 24, 3, 29, 0, 1, 0, -0.333),
(1, 24, 3, 30, 1, 0, 0, 1.000),
(1, 24, 4, 31, 1, 0, 0, 1.000),
(1, 24, 4, 32, 0, 0, 1, 0.000),
(1, 24, 4, 33, 0, 0, 1, 0.000),
(1, 24, 4, 34, 0, 0, 1, 0.000),
(1, 24, 4, 35, 1, 0, 0, 1.000),
(1, 24, 4, 36, 0, 0, 1, 0.000),
(1, 24, 4, 37, 1, 0, 0, 1.000),
(1, 24, 4, 38, 1, 0, 0, 1.000),
(1, 24, 4, 39, 0, 0, 1, 0.000),
(1, 24, 4, 40, 0, 0, 1, 0.000),
(1, 24, 5, 41, 0, 1, 1, -0.333),
(1, 24, 5, 42, 2, 0, 0, 2.000),
(1, 24, 5, 43, 1, 1, 0, 0.667),
(1, 24, 5, 44, 1, 0, 1, 1.000),
(1, 24, 5, 45, 0, 0, 2, 0.000),
(1, 24, 5, 46, 0, 2, 0, -0.667),
(1, 24, 5, 47, 0, 0, 2, 0.000),
(1, 24, 5, 48, 1, 0, 1, 1.000),
(1, 24, 5, 49, 1, 0, 1, 1.000),
(1, 24, 5, 50, 1, 0, 1, 1.000),
(1, 24, 6, 51, 1, 0, 1, 1.000),
(1, 24, 6, 52, 0, 1, 1, -0.333),
(1, 24, 6, 53, 0, 1, 1, -0.333),
(1, 24, 6, 54, 0, 1, 1, -0.333),
(1, 24, 6, 55, 2, 0, 0, 2.000),
(1, 24, 6, 56, 0, 1, 1, -0.333),
(1, 24, 6, 57, 1, 0, 1, 1.000),
(1, 24, 6, 58, 0, 1, 1, -0.333),
(1, 24, 6, 59, 1, 0, 1, 1.000),
(1, 24, 6, 60, 0, 1, 1, -0.333),
(1, 25, 1, 1, 0, 1, 1, -0.333),
(1, 25, 1, 2, 0, 2, 0, -0.667),
(1, 25, 1, 3, 0, 1, 1, -0.333),
(1, 25, 1, 4, 0, 1, 1, -0.333),
(1, 25, 1, 5, 0, 1, 1, -0.333),
(1, 25, 1, 6, 0, 0, 2, 0.000),
(1, 25, 1, 7, 0, 0, 2, 0.000),
(1, 25, 1, 8, 0, 2, 0, -0.667),
(1, 25, 1, 9, 0, 0, 2, 0.000),
(1, 25, 1, 10, 0, 1, 1, -0.333),
(1, 25, 2, 11, 0, 1, 0, -0.333),
(1, 25, 2, 12, 0, 1, 0, -0.333),
(1, 25, 2, 13, 0, 0, 1, 0.000),
(1, 25, 2, 14, 1, 0, 0, 1.000),
(1, 25, 2, 15, 0, 1, 0, -0.333),
(1, 25, 2, 16, 0, 0, 1, 0.000),
(1, 25, 2, 17, 1, 0, 0, 1.000),
(1, 25, 2, 18, 1, 0, 0, 1.000),
(1, 25, 2, 19, 0, 0, 1, 0.000),
(1, 25, 2, 20, 1, 0, 0, 1.000),
(1, 25, 3, 21, 0, 0, 1, 0.000),
(1, 25, 3, 22, 0, 1, 0, -0.333),
(1, 25, 3, 23, 0, 1, 0, -0.333),
(1, 25, 3, 24, 0, 1, 0, -0.333),
(1, 25, 3, 25, 0, 1, 0, -0.333),
(1, 25, 3, 26, 0, 0, 1, 0.000),
(1, 25, 3, 27, 1, 0, 0, 1.000),
(1, 25, 3, 28, 0, 1, 0, -0.333),
(1, 25, 3, 29, 1, 0, 0, 1.000),
(1, 25, 3, 30, 0, 1, 0, -0.333),
(1, 25, 4, 31, 0, 0, 1, 0.000),
(1, 25, 4, 32, 1, 0, 0, 1.000),
(1, 25, 4, 33, 0, 1, 0, -0.333),
(1, 25, 4, 34, 0, 0, 1, 0.000),
(1, 25, 4, 35, 0, 1, 0, -0.333),
(1, 25, 4, 36, 0, 1, 0, -0.333),
(1, 25, 4, 37, 1, 0, 0, 1.000),
(1, 25, 4, 38, 0, 0, 1, 0.000),
(1, 25, 4, 39, 0, 0, 1, 0.000),
(1, 25, 4, 40, 1, 0, 0, 1.000),
(1, 25, 5, 41, 1, 0, 1, 1.000),
(1, 25, 5, 42, 0, 1, 1, -0.333),
(1, 25, 5, 43, 0, 1, 1, -0.333),
(1, 25, 5, 44, 0, 1, 1, -0.333),
(1, 25, 5, 45, 0, 1, 1, -0.333),
(1, 25, 5, 46, 0, 1, 1, -0.333),
(1, 25, 5, 47, 0, 2, 0, -0.667),
(1, 25, 5, 48, 0, 0, 2, 0.000),
(1, 25, 5, 49, 0, 1, 1, -0.333),
(1, 25, 5, 50, 1, 1, 0, 0.667),
(1, 25, 6, 51, 0, 0, 2, 0.000),
(1, 25, 6, 52, 0, 1, 1, -0.333),
(1, 25, 6, 53, 0, 2, 0, -0.667),
(1, 25, 6, 54, 1, 0, 1, 1.000),
(1, 25, 6, 55, 1, 0, 1, 1.000),
(1, 25, 6, 56, 0, 1, 1, -0.333),
(1, 25, 6, 57, 1, 1, 0, 0.667),
(1, 25, 6, 58, 0, 1, 1, -0.333),
(1, 25, 6, 59, 0, 2, 0, -0.667),
(1, 25, 6, 60, 0, 0, 2, 0.000),
(1, 26, 1, 1, 1, 0, 1, 1.000),
(1, 26, 1, 2, 1, 0, 1, 1.000),
(1, 26, 1, 3, 1, 0, 1, 1.000),
(1, 26, 1, 4, 0, 0, 2, 0.000),
(1, 26, 1, 5, 0, 1, 1, -0.333),
(1, 26, 1, 6, 2, 0, 0, 2.000),
(1, 26, 1, 7, 1, 1, 0, 0.667),
(1, 26, 1, 8, 1, 1, 0, 0.667),
(1, 26, 1, 9, 0, 1, 1, -0.333),
(1, 26, 1, 10, 1, 0, 1, 1.000),
(1, 26, 2, 11, 0, 0, 1, 0.000),
(1, 26, 2, 12, 1, 0, 0, 1.000),
(1, 26, 2, 13, 1, 0, 0, 1.000),
(1, 26, 2, 14, 0, 0, 1, 0.000),
(1, 26, 2, 15, 1, 0, 0, 1.000),
(1, 26, 2, 16, 1, 0, 0, 1.000),
(1, 26, 2, 17, 1, 0, 0, 1.000),
(1, 26, 2, 18, 0, 0, 1, 0.000),
(1, 26, 2, 19, 0, 1, 0, -0.333),
(1, 26, 2, 20, 1, 0, 0, 1.000),
(1, 26, 3, 21, 0, 0, 1, 0.000),
(1, 26, 3, 22, 1, 0, 0, 1.000),
(1, 26, 3, 23, 1, 0, 0, 1.000),
(1, 26, 3, 24, 0, 0, 1, 0.000),
(1, 26, 3, 25, 1, 0, 0, 1.000),
(1, 26, 3, 26, 1, 0, 0, 1.000),
(1, 26, 3, 27, 0, 0, 1, 0.000),
(1, 26, 3, 28, 0, 1, 0, -0.333),
(1, 26, 3, 29, 1, 0, 0, 1.000),
(1, 26, 3, 30, 1, 0, 0, 1.000),
(1, 26, 4, 31, 0, 1, 0, -0.333),
(1, 26, 4, 32, 1, 0, 0, 1.000),
(1, 26, 4, 33, 0, 0, 1, 0.000),
(1, 26, 4, 34, 1, 0, 0, 1.000),
(1, 26, 4, 35, 0, 0, 1, 0.000),
(1, 26, 4, 36, 0, 0, 1, 0.000),
(1, 26, 4, 37, 0, 1, 0, -0.333),
(1, 26, 4, 38, 0, 0, 1, 0.000),
(1, 26, 4, 39, 0, 0, 1, 0.000),
(1, 26, 4, 40, 1, 0, 0, 1.000),
(1, 26, 5, 41, 1, 1, 0, 0.667),
(1, 26, 5, 42, 0, 1, 1, -0.333),
(1, 26, 5, 43, 1, 1, 0, 0.667),
(1, 26, 5, 44, 0, 2, 0, -0.667),
(1, 26, 5, 45, 0, 0, 2, 0.000),
(1, 26, 5, 46, 1, 1, 0, 0.667),
(1, 26, 5, 47, 1, 0, 1, 1.000),
(1, 26, 5, 48, 1, 0, 1, 1.000),
(1, 26, 5, 49, 1, 0, 1, 1.000),
(1, 26, 5, 50, 0, 1, 1, -0.333),
(1, 26, 6, 51, 0, 0, 2, 0.000),
(1, 26, 6, 52, 0, 1, 1, -0.333),
(1, 26, 6, 53, 0, 1, 1, -0.333),
(1, 26, 6, 54, 1, 0, 1, 1.000),
(1, 26, 6, 55, 1, 0, 1, 1.000),
(1, 26, 6, 56, 0, 1, 1, -0.333),
(1, 26, 6, 57, 1, 0, 1, 1.000),
(1, 26, 6, 58, 1, 0, 1, 1.000),
(1, 26, 6, 59, 0, 1, 1, -0.333),
(1, 26, 6, 60, 1, 0, 1, 1.000),
(1, 27, 1, 1, 2, 0, 0, 2.000),
(1, 27, 1, 2, 1, 0, 1, 1.000),
(1, 27, 1, 3, 2, 0, 0, 2.000),
(1, 27, 1, 4, 2, 0, 0, 2.000),
(1, 27, 1, 5, 1, 1, 0, 0.667),
(1, 27, 1, 6, 2, 0, 0, 2.000),
(1, 27, 1, 7, 2, 0, 0, 2.000),
(1, 27, 1, 8, 1, 1, 0, 0.667),
(1, 27, 1, 9, 2, 0, 0, 2.000),
(1, 27, 1, 10, 2, 0, 0, 2.000),
(1, 27, 2, 11, 1, 0, 0, 1.000),
(1, 27, 2, 12, 1, 0, 0, 1.000),
(1, 27, 2, 13, 1, 0, 0, 1.000),
(1, 27, 2, 14, 1, 0, 0, 1.000),
(1, 27, 2, 15, 1, 0, 0, 1.000),
(1, 27, 2, 16, 1, 0, 0, 1.000),
(1, 27, 2, 17, 1, 0, 0, 1.000),
(1, 27, 2, 18, 1, 0, 0, 1.000),
(1, 27, 2, 19, 1, 0, 0, 1.000),
(1, 27, 2, 20, 1, 0, 0, 1.000),
(1, 27, 3, 21, 1, 0, 0, 1.000),
(1, 27, 3, 22, 1, 0, 0, 1.000),
(1, 27, 3, 23, 1, 0, 0, 1.000),
(1, 27, 3, 24, 1, 0, 0, 1.000),
(1, 27, 3, 25, 0, 0, 1, 0.000),
(1, 27, 3, 26, 1, 0, 0, 1.000),
(1, 27, 3, 27, 1, 0, 0, 1.000),
(1, 27, 3, 28, 1, 0, 0, 1.000),
(1, 27, 3, 29, 1, 0, 0, 1.000),
(1, 27, 3, 30, 0, 1, 0, -0.333),
(1, 27, 4, 31, 1, 0, 0, 1.000),
(1, 27, 4, 32, 0, 1, 0, -0.333),
(1, 27, 4, 33, 1, 0, 0, 1.000),
(1, 27, 4, 34, 1, 0, 0, 1.000),
(1, 27, 4, 35, 1, 0, 0, 1.000),
(1, 27, 4, 36, 1, 0, 0, 1.000),
(1, 27, 4, 37, 0, 1, 0, -0.333),
(1, 27, 4, 38, 1, 0, 0, 1.000),
(1, 27, 4, 39, 1, 0, 0, 1.000),
(1, 27, 4, 40, 1, 0, 0, 1.000),
(1, 27, 5, 41, 1, 0, 1, 1.000),
(1, 27, 5, 42, 1, 1, 0, 0.667),
(1, 27, 5, 43, 2, 0, 0, 2.000),
(1, 27, 5, 44, 2, 0, 0, 2.000),
(1, 27, 5, 45, 2, 0, 0, 2.000),
(1, 27, 5, 46, 2, 0, 0, 2.000),
(1, 27, 5, 47, 2, 0, 0, 2.000),
(1, 27, 5, 48, 2, 0, 0, 2.000),
(1, 27, 5, 49, 1, 0, 1, 1.000),
(1, 27, 5, 50, 2, 0, 0, 2.000),
(1, 27, 6, 51, 1, 0, 1, 1.000),
(1, 27, 6, 52, 1, 0, 1, 1.000),
(1, 27, 6, 53, 1, 1, 0, 0.667),
(1, 27, 6, 54, 2, 0, 0, 2.000),
(1, 27, 6, 55, 2, 0, 0, 2.000),
(1, 27, 6, 56, 1, 1, 0, 0.667),
(1, 27, 6, 57, 1, 0, 1, 1.000),
(1, 27, 6, 58, 2, 0, 0, 2.000),
(1, 27, 6, 59, 0, 2, 0, -0.667),
(1, 27, 6, 60, 2, 0, 0, 2.000),
(1, 28, 1, 1, 1, 0, 1, 1.000),
(1, 28, 1, 2, 1, 1, 0, 0.667),
(1, 28, 1, 3, 2, 0, 0, 2.000),
(1, 28, 1, 4, 0, 1, 1, -0.333),
(1, 28, 1, 5, 1, 1, 0, 0.667),
(1, 28, 1, 6, 0, 2, 0, -0.667),
(1, 28, 1, 7, 1, 1, 0, 0.667),
(1, 28, 1, 8, 2, 0, 0, 2.000),
(1, 28, 1, 9, 0, 2, 0, -0.667),
(1, 28, 1, 10, 0, 0, 2, 0.000),
(1, 28, 2, 11, 1, 0, 0, 1.000),
(1, 28, 2, 12, 0, 1, 0, -0.333),
(1, 28, 2, 13, 0, 1, 0, -0.333),
(1, 28, 2, 14, 0, 1, 0, -0.333),
(1, 28, 2, 15, 0, 1, 0, -0.333),
(1, 28, 2, 16, 1, 0, 0, 1.000),
(1, 28, 2, 17, 0, 1, 0, -0.333),
(1, 28, 2, 18, 1, 0, 0, 1.000),
(1, 28, 2, 19, 0, 0, 1, 0.000),
(1, 28, 2, 20, 1, 0, 0, 1.000),
(1, 28, 3, 21, 1, 0, 0, 1.000),
(1, 28, 3, 22, 0, 1, 0, -0.333),
(1, 28, 3, 23, 0, 1, 0, -0.333),
(1, 28, 3, 24, 1, 0, 0, 1.000),
(1, 28, 3, 25, 0, 0, 1, 0.000),
(1, 28, 3, 26, 1, 0, 0, 1.000),
(1, 28, 3, 27, 1, 0, 0, 1.000),
(1, 28, 3, 28, 1, 0, 0, 1.000),
(1, 28, 3, 29, 1, 0, 0, 1.000),
(1, 28, 3, 30, 0, 0, 1, 0.000),
(1, 28, 4, 31, 0, 1, 0, -0.333),
(1, 28, 4, 32, 1, 0, 0, 1.000),
(1, 28, 4, 33, 0, 0, 1, 0.000),
(1, 28, 4, 34, 0, 0, 1, 0.000),
(1, 28, 4, 35, 0, 0, 1, 0.000),
(1, 28, 4, 36, 0, 0, 1, 0.000),
(1, 28, 4, 37, 0, 0, 1, 0.000),
(1, 28, 4, 38, 1, 0, 0, 1.000),
(1, 28, 4, 39, 1, 0, 0, 1.000),
(1, 28, 4, 40, 1, 0, 0, 1.000),
(1, 28, 5, 41, 1, 1, 0, 0.667),
(1, 28, 5, 42, 1, 1, 0, 0.667),
(1, 28, 5, 43, 2, 0, 0, 2.000),
(1, 28, 5, 44, 2, 0, 0, 2.000),
(1, 28, 5, 45, 2, 0, 0, 2.000),
(1, 28, 5, 46, 1, 1, 0, 0.667),
(1, 28, 5, 47, 1, 1, 0, 0.667),
(1, 28, 5, 48, 0, 1, 1, -0.333),
(1, 28, 5, 49, 0, 1, 1, -0.333),
(1, 28, 5, 50, 0, 1, 1, -0.333),
(1, 28, 6, 51, 0, 1, 1, -0.333),
(1, 28, 6, 52, 0, 1, 1, -0.333),
(1, 28, 6, 53, 0, 0, 2, 0.000),
(1, 28, 6, 54, 0, 2, 0, -0.667),
(1, 28, 6, 55, 1, 1, 0, 0.667),
(1, 28, 6, 56, 0, 1, 1, -0.333);
INSERT INTO `notlar` (`deneme_id`, `ogrenci_id`, `ders_kodu`, `konu_id`, `dogru`, `yanlis`, `bos`, `net`) VALUES
(1, 28, 6, 57, 0, 2, 0, -0.667),
(1, 28, 6, 58, 0, 1, 1, -0.333),
(1, 28, 6, 59, 0, 0, 2, 0.000),
(1, 28, 6, 60, 2, 0, 0, 2.000),
(1, 29, 1, 1, 1, 1, 0, 0.667),
(1, 29, 1, 2, 2, 0, 0, 2.000),
(1, 29, 1, 3, 2, 0, 0, 2.000),
(1, 29, 1, 4, 2, 0, 0, 2.000),
(1, 29, 1, 5, 2, 0, 0, 2.000),
(1, 29, 1, 6, 2, 0, 0, 2.000),
(1, 29, 1, 7, 1, 1, 0, 0.667),
(1, 29, 1, 8, 2, 0, 0, 2.000),
(1, 29, 1, 9, 1, 1, 0, 0.667),
(1, 29, 1, 10, 2, 0, 0, 2.000),
(1, 29, 2, 11, 0, 1, 0, -0.333),
(1, 29, 2, 12, 0, 1, 0, -0.333),
(1, 29, 2, 13, 1, 0, 0, 1.000),
(1, 29, 2, 14, 0, 0, 1, 0.000),
(1, 29, 2, 15, 1, 0, 0, 1.000),
(1, 29, 2, 16, 1, 0, 0, 1.000),
(1, 29, 2, 17, 1, 0, 0, 1.000),
(1, 29, 2, 18, 1, 0, 0, 1.000),
(1, 29, 2, 19, 1, 0, 0, 1.000),
(1, 29, 2, 20, 1, 0, 0, 1.000),
(1, 29, 3, 21, 1, 0, 0, 1.000),
(1, 29, 3, 22, 0, 0, 1, 0.000),
(1, 29, 3, 23, 1, 0, 0, 1.000),
(1, 29, 3, 24, 1, 0, 0, 1.000),
(1, 29, 3, 25, 1, 0, 0, 1.000),
(1, 29, 3, 26, 1, 0, 0, 1.000),
(1, 29, 3, 27, 1, 0, 0, 1.000),
(1, 29, 3, 28, 1, 0, 0, 1.000),
(1, 29, 3, 29, 1, 0, 0, 1.000),
(1, 29, 3, 30, 1, 0, 0, 1.000),
(1, 29, 4, 31, 1, 0, 0, 1.000),
(1, 29, 4, 32, 1, 0, 0, 1.000),
(1, 29, 4, 33, 1, 0, 0, 1.000),
(1, 29, 4, 34, 1, 0, 0, 1.000),
(1, 29, 4, 35, 1, 0, 0, 1.000),
(1, 29, 4, 36, 1, 0, 0, 1.000),
(1, 29, 4, 37, 1, 0, 0, 1.000),
(1, 29, 4, 38, 1, 0, 0, 1.000),
(1, 29, 4, 39, 0, 1, 0, -0.333),
(1, 29, 4, 40, 0, 1, 0, -0.333),
(1, 29, 5, 41, 2, 0, 0, 2.000),
(1, 29, 5, 42, 2, 0, 0, 2.000),
(1, 29, 5, 43, 2, 0, 0, 2.000),
(1, 29, 5, 44, 2, 0, 0, 2.000),
(1, 29, 5, 45, 1, 1, 0, 0.667),
(1, 29, 5, 46, 2, 0, 0, 2.000),
(1, 29, 5, 47, 2, 0, 0, 2.000),
(1, 29, 5, 48, 2, 0, 0, 2.000),
(1, 29, 5, 49, 2, 0, 0, 2.000),
(1, 29, 5, 50, 2, 0, 0, 2.000),
(1, 29, 6, 51, 1, 0, 1, 1.000),
(1, 29, 6, 52, 2, 0, 0, 2.000),
(1, 29, 6, 53, 1, 1, 0, 0.667),
(1, 29, 6, 54, 1, 0, 1, 1.000),
(1, 29, 6, 55, 2, 0, 0, 2.000),
(1, 29, 6, 56, 2, 0, 0, 2.000),
(1, 29, 6, 57, 1, 1, 0, 0.667),
(1, 29, 6, 58, 2, 0, 0, 2.000),
(1, 29, 6, 59, 1, 0, 1, 1.000),
(1, 29, 6, 60, 2, 0, 0, 2.000),
(1, 30, 1, 1, 0, 2, 0, -0.667),
(1, 30, 1, 2, 0, 0, 2, 0.000),
(1, 30, 1, 3, 1, 1, 0, 0.667),
(1, 30, 1, 4, 1, 1, 0, 0.667),
(1, 30, 1, 5, 0, 1, 1, -0.333),
(1, 30, 1, 6, 0, 1, 1, -0.333),
(1, 30, 1, 7, 1, 0, 1, 1.000),
(1, 30, 1, 8, 0, 1, 1, -0.333),
(1, 30, 1, 9, 0, 2, 0, -0.667),
(1, 30, 1, 10, 1, 0, 1, 1.000),
(1, 30, 2, 11, 0, 1, 0, -0.333),
(1, 30, 2, 12, 0, 0, 1, 0.000),
(1, 30, 2, 13, 1, 0, 0, 1.000),
(1, 30, 2, 14, 0, 0, 1, 0.000),
(1, 30, 2, 15, 1, 0, 0, 1.000),
(1, 30, 2, 16, 0, 0, 1, 0.000),
(1, 30, 2, 17, 0, 1, 0, -0.333),
(1, 30, 2, 18, 0, 0, 1, 0.000),
(1, 30, 2, 19, 0, 1, 0, -0.333),
(1, 30, 2, 20, 1, 0, 0, 1.000),
(1, 30, 3, 21, 1, 0, 0, 1.000),
(1, 30, 3, 22, 0, 1, 0, -0.333),
(1, 30, 3, 23, 1, 0, 0, 1.000),
(1, 30, 3, 24, 1, 0, 0, 1.000),
(1, 30, 3, 25, 0, 1, 0, -0.333),
(1, 30, 3, 26, 1, 0, 0, 1.000),
(1, 30, 3, 27, 0, 0, 1, 0.000),
(1, 30, 3, 28, 1, 0, 0, 1.000),
(1, 30, 3, 29, 0, 0, 1, 0.000),
(1, 30, 3, 30, 0, 1, 0, -0.333),
(1, 30, 4, 31, 0, 1, 0, -0.333),
(1, 30, 4, 32, 0, 0, 1, 0.000),
(1, 30, 4, 33, 1, 0, 0, 1.000),
(1, 30, 4, 34, 0, 1, 0, -0.333),
(1, 30, 4, 35, 0, 0, 1, 0.000),
(1, 30, 4, 36, 0, 1, 0, -0.333),
(1, 30, 4, 37, 0, 0, 1, 0.000),
(1, 30, 4, 38, 1, 0, 0, 1.000),
(1, 30, 4, 39, 0, 1, 0, -0.333),
(1, 30, 4, 40, 0, 1, 0, -0.333),
(1, 30, 5, 41, 0, 1, 1, -0.333),
(1, 30, 5, 42, 1, 0, 1, 1.000),
(1, 30, 5, 43, 0, 2, 0, -0.667),
(1, 30, 5, 44, 0, 1, 1, -0.333),
(1, 30, 5, 45, 0, 2, 0, -0.667),
(1, 30, 5, 46, 1, 0, 1, 1.000),
(1, 30, 5, 47, 0, 0, 2, 0.000),
(1, 30, 5, 48, 1, 0, 1, 1.000),
(1, 30, 5, 49, 1, 1, 0, 0.667),
(1, 30, 5, 50, 0, 0, 2, 0.000),
(1, 30, 6, 51, 0, 1, 1, -0.333),
(1, 30, 6, 52, 0, 1, 1, -0.333),
(1, 30, 6, 53, 0, 2, 0, -0.667),
(1, 30, 6, 54, 0, 0, 2, 0.000),
(1, 30, 6, 55, 0, 2, 0, -0.667),
(1, 30, 6, 56, 0, 2, 0, -0.667),
(1, 30, 6, 57, 0, 1, 1, -0.333),
(1, 30, 6, 58, 0, 2, 0, -0.667),
(1, 30, 6, 59, 0, 1, 1, -0.333),
(1, 30, 6, 60, 2, 0, 0, 2.000),
(1, 31, 1, 1, 2, 0, 0, 2.000),
(1, 31, 1, 2, 2, 0, 0, 2.000),
(1, 31, 1, 3, 2, 0, 0, 2.000),
(1, 31, 1, 4, 2, 0, 0, 2.000),
(1, 31, 1, 5, 2, 0, 0, 2.000),
(1, 31, 1, 6, 2, 0, 0, 2.000),
(1, 31, 1, 7, 2, 0, 0, 2.000),
(1, 31, 1, 8, 2, 0, 0, 2.000),
(1, 31, 1, 9, 2, 0, 0, 2.000),
(1, 31, 1, 10, 1, 0, 1, 1.000),
(1, 31, 2, 11, 1, 0, 0, 1.000),
(1, 31, 2, 12, 1, 0, 0, 1.000),
(1, 31, 2, 13, 1, 0, 0, 1.000),
(1, 31, 2, 14, 1, 0, 0, 1.000),
(1, 31, 2, 15, 1, 0, 0, 1.000),
(1, 31, 2, 16, 1, 0, 0, 1.000),
(1, 31, 2, 17, 1, 0, 0, 1.000),
(1, 31, 2, 18, 1, 0, 0, 1.000),
(1, 31, 2, 19, 1, 0, 0, 1.000),
(1, 31, 2, 20, 1, 0, 0, 1.000),
(1, 31, 3, 21, 1, 0, 0, 1.000),
(1, 31, 3, 22, 0, 0, 1, 0.000),
(1, 31, 3, 23, 1, 0, 0, 1.000),
(1, 31, 3, 24, 1, 0, 0, 1.000),
(1, 31, 3, 25, 1, 0, 0, 1.000),
(1, 31, 3, 26, 1, 0, 0, 1.000),
(1, 31, 3, 27, 1, 0, 0, 1.000),
(1, 31, 3, 28, 1, 0, 0, 1.000),
(1, 31, 3, 29, 1, 0, 0, 1.000),
(1, 31, 3, 30, 0, 1, 0, -0.333),
(1, 31, 4, 31, 1, 0, 0, 1.000),
(1, 31, 4, 32, 1, 0, 0, 1.000),
(1, 31, 4, 33, 0, 1, 0, -0.333),
(1, 31, 4, 34, 1, 0, 0, 1.000),
(1, 31, 4, 35, 1, 0, 0, 1.000),
(1, 31, 4, 36, 1, 0, 0, 1.000),
(1, 31, 4, 37, 0, 1, 0, -0.333),
(1, 31, 4, 38, 1, 0, 0, 1.000),
(1, 31, 4, 39, 1, 0, 0, 1.000),
(1, 31, 4, 40, 1, 0, 0, 1.000),
(1, 31, 5, 41, 2, 0, 0, 2.000),
(1, 31, 5, 42, 1, 1, 0, 0.667),
(1, 31, 5, 43, 2, 0, 0, 2.000),
(1, 31, 5, 44, 1, 0, 1, 1.000),
(1, 31, 5, 45, 1, 1, 0, 0.667),
(1, 31, 5, 46, 2, 0, 0, 2.000),
(1, 31, 5, 47, 2, 0, 0, 2.000),
(1, 31, 5, 48, 2, 0, 0, 2.000),
(1, 31, 5, 49, 2, 0, 0, 2.000),
(1, 31, 5, 50, 2, 0, 0, 2.000),
(1, 31, 6, 51, 1, 1, 0, 0.667),
(1, 31, 6, 52, 2, 0, 0, 2.000),
(1, 31, 6, 53, 2, 0, 0, 2.000),
(1, 31, 6, 54, 2, 0, 0, 2.000),
(1, 31, 6, 55, 2, 0, 0, 2.000),
(1, 31, 6, 56, 2, 0, 0, 2.000),
(1, 31, 6, 57, 2, 0, 0, 2.000),
(1, 31, 6, 58, 2, 0, 0, 2.000),
(1, 31, 6, 59, 2, 0, 0, 2.000),
(1, 31, 6, 60, 2, 0, 0, 2.000),
(1, 32, 1, 1, 1, 1, 0, 0.667),
(1, 32, 1, 2, 2, 0, 0, 2.000),
(1, 32, 1, 3, 2, 0, 0, 2.000),
(1, 32, 1, 4, 2, 0, 0, 2.000),
(1, 32, 1, 5, 2, 0, 0, 2.000),
(1, 32, 1, 6, 1, 1, 0, 0.667),
(1, 32, 1, 7, 2, 0, 0, 2.000),
(1, 32, 1, 8, 2, 0, 0, 2.000),
(1, 32, 1, 9, 2, 0, 0, 2.000),
(1, 32, 1, 10, 2, 0, 0, 2.000),
(1, 32, 2, 11, 1, 0, 0, 1.000),
(1, 32, 2, 12, 1, 0, 0, 1.000),
(1, 32, 2, 13, 1, 0, 0, 1.000),
(1, 32, 2, 14, 1, 0, 0, 1.000),
(1, 32, 2, 15, 1, 0, 0, 1.000),
(1, 32, 2, 16, 1, 0, 0, 1.000),
(1, 32, 2, 17, 1, 0, 0, 1.000),
(1, 32, 2, 18, 1, 0, 0, 1.000),
(1, 32, 2, 19, 1, 0, 0, 1.000),
(1, 32, 2, 20, 1, 0, 0, 1.000),
(1, 32, 3, 21, 1, 0, 0, 1.000),
(1, 32, 3, 22, 0, 0, 1, 0.000),
(1, 32, 3, 23, 1, 0, 0, 1.000),
(1, 32, 3, 24, 0, 1, 0, -0.333),
(1, 32, 3, 25, 1, 0, 0, 1.000),
(1, 32, 3, 26, 1, 0, 0, 1.000),
(1, 32, 3, 27, 1, 0, 0, 1.000),
(1, 32, 3, 28, 1, 0, 0, 1.000),
(1, 32, 3, 29, 0, 1, 0, -0.333),
(1, 32, 3, 30, 1, 0, 0, 1.000),
(1, 32, 4, 31, 1, 0, 0, 1.000),
(1, 32, 4, 32, 1, 0, 0, 1.000),
(1, 32, 4, 33, 1, 0, 0, 1.000),
(1, 32, 4, 34, 0, 1, 0, -0.333),
(1, 32, 4, 35, 1, 0, 0, 1.000),
(1, 32, 4, 36, 1, 0, 0, 1.000),
(1, 32, 4, 37, 1, 0, 0, 1.000),
(1, 32, 4, 38, 1, 0, 0, 1.000),
(1, 32, 4, 39, 1, 0, 0, 1.000),
(1, 32, 4, 40, 1, 0, 0, 1.000),
(1, 32, 5, 41, 1, 1, 0, 0.667),
(1, 32, 5, 42, 1, 1, 0, 0.667),
(1, 32, 5, 43, 2, 0, 0, 2.000),
(1, 32, 5, 44, 2, 0, 0, 2.000),
(1, 32, 5, 45, 2, 0, 0, 2.000),
(1, 32, 5, 46, 1, 0, 1, 1.000),
(1, 32, 5, 47, 2, 0, 0, 2.000),
(1, 32, 5, 48, 2, 0, 0, 2.000),
(1, 32, 5, 49, 2, 0, 0, 2.000),
(1, 32, 5, 50, 2, 0, 0, 2.000),
(1, 32, 6, 51, 2, 0, 0, 2.000),
(1, 32, 6, 52, 2, 0, 0, 2.000),
(1, 32, 6, 53, 1, 1, 0, 0.667),
(1, 32, 6, 54, 1, 0, 1, 1.000),
(1, 32, 6, 55, 2, 0, 0, 2.000),
(1, 32, 6, 56, 2, 0, 0, 2.000),
(1, 32, 6, 57, 2, 0, 0, 2.000),
(1, 32, 6, 58, 0, 2, 0, -0.667),
(1, 32, 6, 59, 2, 0, 0, 2.000),
(1, 32, 6, 60, 2, 0, 0, 2.000),
(1, 33, 1, 1, 0, 0, 2, 0.000),
(1, 33, 1, 2, 0, 2, 0, -0.667),
(1, 33, 1, 3, 0, 2, 0, -0.667),
(1, 33, 1, 4, 0, 2, 0, -0.667),
(1, 33, 1, 5, 0, 1, 1, -0.333),
(1, 33, 1, 6, 0, 0, 2, 0.000),
(1, 33, 1, 7, 0, 0, 2, 0.000),
(1, 33, 1, 8, 0, 0, 2, 0.000),
(1, 33, 1, 9, 0, 1, 1, -0.333),
(1, 33, 1, 10, 0, 1, 1, -0.333),
(1, 33, 2, 11, 1, 0, 0, 1.000),
(1, 33, 2, 12, 1, 0, 0, 1.000),
(1, 33, 2, 13, 0, 0, 1, 0.000),
(1, 33, 2, 14, 1, 0, 0, 1.000),
(1, 33, 2, 15, 1, 0, 0, 1.000),
(1, 33, 2, 16, 1, 0, 0, 1.000),
(1, 33, 2, 17, 0, 0, 1, 0.000),
(1, 33, 2, 18, 0, 0, 1, 0.000),
(1, 33, 2, 19, 0, 0, 1, 0.000),
(1, 33, 2, 20, 0, 0, 1, 0.000),
(1, 33, 3, 21, 0, 0, 1, 0.000),
(1, 33, 3, 22, 0, 1, 0, -0.333),
(1, 33, 3, 23, 0, 0, 1, 0.000),
(1, 33, 3, 24, 0, 1, 0, -0.333),
(1, 33, 3, 25, 0, 1, 0, -0.333),
(1, 33, 3, 26, 0, 0, 1, 0.000),
(1, 33, 3, 27, 1, 0, 0, 1.000),
(1, 33, 3, 28, 0, 0, 1, 0.000),
(1, 33, 3, 29, 0, 1, 0, -0.333),
(1, 33, 3, 30, 0, 1, 0, -0.333),
(1, 33, 4, 31, 0, 1, 0, -0.333),
(1, 33, 4, 32, 1, 0, 0, 1.000),
(1, 33, 4, 33, 1, 0, 0, 1.000),
(1, 33, 4, 34, 0, 0, 1, 0.000),
(1, 33, 4, 35, 0, 0, 1, 0.000),
(1, 33, 4, 36, 1, 0, 0, 1.000),
(1, 33, 4, 37, 0, 1, 0, -0.333),
(1, 33, 4, 38, 0, 0, 1, 0.000),
(1, 33, 4, 39, 1, 0, 0, 1.000),
(1, 33, 4, 40, 0, 1, 0, -0.333),
(1, 33, 5, 41, 0, 1, 1, -0.333),
(1, 33, 5, 42, 1, 1, 0, 0.667),
(1, 33, 5, 43, 1, 1, 0, 0.667),
(1, 33, 5, 44, 0, 1, 1, -0.333),
(1, 33, 5, 45, 1, 1, 0, 0.667),
(1, 33, 5, 46, 0, 1, 1, -0.333),
(1, 33, 5, 47, 0, 1, 1, -0.333),
(1, 33, 5, 48, 0, 1, 1, -0.333),
(1, 33, 5, 49, 1, 1, 0, 0.667),
(1, 33, 5, 50, 0, 2, 0, -0.667),
(1, 33, 6, 51, 1, 0, 1, 1.000),
(1, 33, 6, 52, 0, 2, 0, -0.667),
(1, 33, 6, 53, 0, 1, 1, -0.333),
(1, 33, 6, 54, 0, 1, 1, -0.333),
(1, 33, 6, 55, 0, 1, 1, -0.333),
(1, 33, 6, 56, 0, 1, 1, -0.333),
(1, 33, 6, 57, 0, 2, 0, -0.667),
(1, 33, 6, 58, 0, 1, 1, -0.333),
(1, 33, 6, 59, 0, 1, 1, -0.333),
(1, 33, 6, 60, 0, 0, 2, 0.000),
(2, 1, 1, 1, 1, 1, 0, 0.667),
(2, 1, 1, 2, 1, 1, 0, 0.667),
(2, 1, 1, 3, 1, 1, 0, 0.667),
(2, 1, 1, 4, 1, 1, 0, 0.667),
(2, 1, 1, 5, 1, 1, 0, 0.667),
(2, 1, 1, 6, 1, 1, 0, 0.667),
(2, 1, 1, 7, 1, 1, 0, 0.667),
(2, 1, 1, 8, 1, 1, 0, 0.667),
(2, 1, 1, 9, 1, 1, 0, 0.667),
(2, 1, 1, 10, 1, 1, 0, 0.667),
(2, 1, 2, 11, 0, 1, 0, -0.333),
(2, 1, 2, 12, 0, 1, 0, -0.333),
(2, 1, 2, 13, 0, 1, 0, -0.333),
(2, 1, 2, 14, 0, 1, 0, -0.333),
(2, 1, 2, 15, 0, 1, 0, -0.333),
(2, 1, 2, 16, 0, 1, 0, -0.333),
(2, 1, 2, 17, 0, 1, 0, -0.333),
(2, 1, 2, 18, 0, 1, 0, -0.333),
(2, 1, 2, 19, 0, 1, 0, -0.333),
(2, 1, 2, 20, 0, 1, 0, -0.333),
(2, 1, 3, 21, 1, 0, 0, 1.000),
(2, 1, 3, 22, 1, 0, 0, 1.000),
(2, 1, 3, 23, 1, 0, 0, 1.000),
(2, 1, 3, 24, 1, 0, 0, 1.000),
(2, 1, 3, 25, 1, 0, 0, 1.000),
(2, 1, 3, 26, 1, 0, 0, 1.000),
(2, 1, 3, 27, 1, 0, 0, 1.000),
(2, 1, 3, 28, 0, 1, 0, -0.333),
(2, 1, 3, 29, 1, 0, 0, 1.000),
(2, 1, 3, 30, 1, 0, 0, 1.000),
(2, 1, 4, 31, 1, 0, 0, 1.000),
(2, 1, 4, 32, 1, 0, 0, 1.000),
(2, 1, 4, 33, 1, 0, 0, 1.000),
(2, 1, 4, 34, 1, 0, 0, 1.000),
(2, 1, 4, 35, 1, 0, 0, 1.000),
(2, 1, 4, 36, 1, 0, 0, 1.000),
(2, 1, 4, 37, 1, 0, 0, 1.000),
(2, 1, 4, 38, 1, 0, 0, 1.000),
(2, 1, 4, 39, 1, 0, 0, 1.000),
(2, 1, 4, 40, 1, 0, 0, 1.000),
(2, 1, 5, 41, 1, 1, 0, 0.667),
(2, 1, 5, 42, 1, 0, 1, 1.000),
(2, 1, 5, 43, 1, 1, 0, 0.667),
(2, 1, 5, 44, 2, 0, 0, 2.000),
(2, 1, 5, 45, 1, 1, 0, 0.667),
(2, 1, 5, 46, 2, 0, 0, 2.000),
(2, 1, 5, 47, 2, 0, 0, 2.000),
(2, 1, 5, 48, 1, 1, 0, 0.667),
(2, 1, 5, 49, 1, 1, 0, 0.667),
(2, 1, 5, 50, 1, 1, 0, 0.667),
(2, 1, 6, 51, 2, 0, 0, 2.000),
(2, 1, 6, 52, 2, 0, 0, 2.000),
(2, 1, 6, 53, 2, 0, 0, 2.000),
(2, 1, 6, 54, 1, 1, 0, 0.667),
(2, 1, 6, 55, 2, 0, 0, 2.000),
(2, 1, 6, 56, 2, 0, 0, 2.000),
(2, 1, 6, 57, 1, 0, 1, 1.000),
(2, 1, 6, 58, 1, 0, 1, 1.000),
(2, 1, 6, 59, 2, 0, 0, 2.000),
(2, 1, 6, 60, 2, 0, 0, 2.000),
(2, 2, 1, 1, 1, 1, 0, 0.667),
(2, 2, 1, 2, 2, 0, 0, 2.000),
(2, 2, 1, 3, 0, 1, 1, -0.333),
(2, 2, 1, 4, 0, 0, 2, 0.000),
(2, 2, 1, 5, 0, 0, 2, 0.000),
(2, 2, 1, 6, 1, 1, 0, 0.667),
(2, 2, 1, 7, 1, 1, 0, 0.667),
(2, 2, 1, 8, 0, 1, 1, -0.333),
(2, 2, 1, 9, 0, 2, 0, -0.667),
(2, 2, 1, 10, 1, 0, 1, 1.000),
(2, 2, 2, 11, 1, 0, 0, 1.000),
(2, 2, 2, 12, 0, 1, 0, -0.333),
(2, 2, 2, 13, 1, 0, 0, 1.000),
(2, 2, 2, 14, 1, 0, 0, 1.000),
(2, 2, 2, 15, 0, 1, 0, -0.333),
(2, 2, 2, 16, 1, 0, 0, 1.000),
(2, 2, 2, 17, 0, 1, 0, -0.333),
(2, 2, 2, 18, 1, 0, 0, 1.000),
(2, 2, 2, 19, 0, 1, 0, -0.333),
(2, 2, 2, 20, 0, 1, 0, -0.333),
(2, 2, 3, 21, 0, 0, 1, 0.000),
(2, 2, 3, 22, 0, 0, 1, 0.000),
(2, 2, 3, 23, 1, 0, 0, 1.000),
(2, 2, 3, 24, 0, 0, 1, 0.000),
(2, 2, 3, 25, 1, 0, 0, 1.000),
(2, 2, 3, 26, 0, 0, 1, 0.000),
(2, 2, 3, 27, 0, 1, 0, -0.333),
(2, 2, 3, 28, 1, 0, 0, 1.000),
(2, 2, 3, 29, 1, 0, 0, 1.000),
(2, 2, 3, 30, 1, 0, 0, 1.000),
(2, 2, 4, 31, 1, 0, 0, 1.000),
(2, 2, 4, 32, 1, 0, 0, 1.000),
(2, 2, 4, 33, 0, 0, 1, 0.000),
(2, 2, 4, 34, 1, 0, 0, 1.000),
(2, 2, 4, 35, 0, 0, 1, 0.000),
(2, 2, 4, 36, 1, 0, 0, 1.000),
(2, 2, 4, 37, 1, 0, 0, 1.000),
(2, 2, 4, 38, 0, 1, 0, -0.333),
(2, 2, 4, 39, 0, 1, 0, -0.333),
(2, 2, 4, 40, 1, 0, 0, 1.000),
(2, 2, 5, 41, 1, 0, 1, 1.000),
(2, 2, 5, 42, 1, 1, 0, 0.667),
(2, 2, 5, 43, 1, 1, 0, 0.667),
(2, 2, 5, 44, 1, 0, 1, 1.000),
(2, 2, 5, 45, 0, 2, 0, -0.667),
(2, 2, 5, 46, 0, 0, 2, 0.000),
(2, 2, 5, 47, 0, 2, 0, -0.667),
(2, 2, 5, 48, 1, 1, 0, 0.667),
(2, 2, 5, 49, 0, 0, 2, 0.000),
(2, 2, 5, 50, 1, 1, 0, 0.667),
(2, 2, 6, 51, 0, 1, 1, -0.333),
(2, 2, 6, 52, 0, 2, 0, -0.667),
(2, 2, 6, 53, 0, 0, 2, 0.000),
(2, 2, 6, 54, 0, 1, 1, -0.333),
(2, 2, 6, 55, 0, 2, 0, -0.667),
(2, 2, 6, 56, 1, 0, 1, 1.000),
(2, 2, 6, 57, 1, 1, 0, 0.667),
(2, 2, 6, 58, 0, 1, 1, -0.333),
(2, 2, 6, 59, 1, 1, 0, 0.667),
(2, 2, 6, 60, 0, 1, 1, -0.333),
(2, 3, 1, 1, 0, 0, 2, 0.000),
(2, 3, 1, 2, 0, 0, 2, 0.000),
(2, 3, 1, 3, 1, 0, 1, 1.000),
(2, 3, 1, 4, 0, 1, 1, -0.333),
(2, 3, 1, 5, 0, 2, 0, -0.667),
(2, 3, 1, 6, 1, 1, 0, 0.667),
(2, 3, 1, 7, 0, 1, 1, -0.333),
(2, 3, 1, 8, 1, 0, 1, 1.000),
(2, 3, 1, 9, 2, 0, 0, 2.000),
(2, 3, 1, 10, 1, 0, 1, 1.000),
(2, 3, 2, 11, 1, 0, 0, 1.000),
(2, 3, 2, 12, 1, 0, 0, 1.000),
(2, 3, 2, 13, 1, 0, 0, 1.000),
(2, 3, 2, 14, 1, 0, 0, 1.000),
(2, 3, 2, 15, 0, 1, 0, -0.333),
(2, 3, 2, 16, 0, 1, 0, -0.333),
(2, 3, 2, 17, 1, 0, 0, 1.000),
(2, 3, 2, 18, 0, 1, 0, -0.333),
(2, 3, 2, 19, 1, 0, 0, 1.000),
(2, 3, 2, 20, 0, 1, 0, -0.333),
(2, 3, 3, 21, 0, 0, 1, 0.000),
(2, 3, 3, 22, 1, 0, 0, 1.000),
(2, 3, 3, 23, 0, 0, 1, 0.000),
(2, 3, 3, 24, 0, 1, 0, -0.333),
(2, 3, 3, 25, 0, 0, 1, 0.000),
(2, 3, 3, 26, 0, 0, 1, 0.000),
(2, 3, 3, 27, 1, 0, 0, 1.000),
(2, 3, 3, 28, 1, 0, 0, 1.000),
(2, 3, 3, 29, 1, 0, 0, 1.000),
(2, 3, 3, 30, 1, 0, 0, 1.000),
(2, 3, 4, 31, 1, 0, 0, 1.000),
(2, 3, 4, 32, 0, 0, 1, 0.000),
(2, 3, 4, 33, 1, 0, 0, 1.000),
(2, 3, 4, 34, 0, 0, 1, 0.000),
(2, 3, 4, 35, 1, 0, 0, 1.000),
(2, 3, 4, 36, 1, 0, 0, 1.000),
(2, 3, 4, 37, 0, 0, 1, 0.000),
(2, 3, 4, 38, 1, 0, 0, 1.000),
(2, 3, 4, 39, 0, 0, 1, 0.000),
(2, 3, 4, 40, 1, 0, 0, 1.000),
(2, 3, 5, 41, 0, 2, 0, -0.667),
(2, 3, 5, 42, 0, 2, 0, -0.667),
(2, 3, 5, 43, 2, 0, 0, 2.000),
(2, 3, 5, 44, 0, 1, 1, -0.333),
(2, 3, 5, 45, 2, 0, 0, 2.000),
(2, 3, 5, 46, 0, 2, 0, -0.667),
(2, 3, 5, 47, 0, 1, 1, -0.333),
(2, 3, 5, 48, 1, 0, 1, 1.000),
(2, 3, 5, 49, 2, 0, 0, 2.000),
(2, 3, 5, 50, 1, 0, 1, 1.000),
(2, 3, 6, 51, 0, 0, 2, 0.000),
(2, 3, 6, 52, 0, 0, 2, 0.000),
(2, 3, 6, 53, 0, 1, 1, -0.333),
(2, 3, 6, 54, 0, 1, 1, -0.333),
(2, 3, 6, 55, 0, 0, 2, 0.000),
(2, 3, 6, 56, 0, 2, 0, -0.667),
(2, 3, 6, 57, 2, 0, 0, 2.000),
(2, 3, 6, 58, 0, 1, 1, -0.333),
(2, 3, 6, 59, 0, 0, 2, 0.000),
(2, 3, 6, 60, 0, 2, 0, -0.667),
(2, 4, 1, 1, 2, 0, 0, 2.000),
(2, 4, 1, 2, 0, 0, 2, 0.000),
(2, 4, 1, 3, 0, 2, 0, -0.667),
(2, 4, 1, 4, 1, 1, 0, 0.667),
(2, 4, 1, 5, 1, 1, 0, 0.667),
(2, 4, 1, 6, 0, 2, 0, -0.667),
(2, 4, 1, 7, 1, 1, 0, 0.667),
(2, 4, 1, 8, 0, 1, 1, -0.333),
(2, 4, 1, 9, 1, 0, 1, 1.000),
(2, 4, 1, 10, 0, 0, 2, 0.000),
(2, 4, 2, 11, 0, 1, 0, -0.333),
(2, 4, 2, 12, 0, 0, 1, 0.000),
(2, 4, 2, 13, 0, 1, 0, -0.333),
(2, 4, 2, 14, 1, 0, 0, 1.000),
(2, 4, 2, 15, 0, 0, 1, 0.000),
(2, 4, 2, 16, 0, 1, 0, -0.333),
(2, 4, 2, 17, 0, 0, 1, 0.000),
(2, 4, 2, 18, 1, 0, 0, 1.000),
(2, 4, 2, 19, 0, 0, 1, 0.000),
(2, 4, 2, 20, 0, 0, 1, 0.000),
(2, 4, 3, 21, 0, 1, 0, -0.333),
(2, 4, 3, 22, 0, 1, 0, -0.333),
(2, 4, 3, 23, 1, 0, 0, 1.000),
(2, 4, 3, 24, 1, 0, 0, 1.000),
(2, 4, 3, 25, 0, 1, 0, -0.333),
(2, 4, 3, 26, 1, 0, 0, 1.000),
(2, 4, 3, 27, 0, 0, 1, 0.000),
(2, 4, 3, 28, 0, 0, 1, 0.000),
(2, 4, 3, 29, 1, 0, 0, 1.000),
(2, 4, 3, 30, 1, 0, 0, 1.000),
(2, 4, 4, 31, 0, 0, 1, 0.000),
(2, 4, 4, 32, 1, 0, 0, 1.000),
(2, 4, 4, 33, 0, 1, 0, -0.333),
(2, 4, 4, 34, 1, 0, 0, 1.000),
(2, 4, 4, 35, 0, 1, 0, -0.333),
(2, 4, 4, 36, 1, 0, 0, 1.000),
(2, 4, 4, 37, 0, 0, 1, 0.000),
(2, 4, 4, 38, 1, 0, 0, 1.000),
(2, 4, 4, 39, 0, 1, 0, -0.333),
(2, 4, 4, 40, 1, 0, 0, 1.000),
(2, 4, 5, 41, 1, 1, 0, 0.667),
(2, 4, 5, 42, 0, 1, 1, -0.333),
(2, 4, 5, 43, 0, 1, 1, -0.333),
(2, 4, 5, 44, 1, 0, 1, 1.000),
(2, 4, 5, 45, 0, 0, 2, 0.000),
(2, 4, 5, 46, 1, 0, 1, 1.000),
(2, 4, 5, 47, 1, 0, 1, 1.000),
(2, 4, 5, 48, 0, 1, 1, -0.333),
(2, 4, 5, 49, 1, 1, 0, 0.667),
(2, 4, 5, 50, 0, 1, 1, -0.333),
(2, 4, 6, 51, 0, 0, 2, 0.000),
(2, 4, 6, 52, 1, 0, 1, 1.000),
(2, 4, 6, 53, 1, 1, 0, 0.667),
(2, 4, 6, 54, 0, 0, 2, 0.000),
(2, 4, 6, 55, 0, 0, 2, 0.000),
(2, 4, 6, 56, 0, 0, 2, 0.000),
(2, 4, 6, 57, 0, 1, 1, -0.333),
(2, 4, 6, 58, 1, 1, 0, 0.667),
(2, 4, 6, 59, 0, 1, 1, -0.333),
(2, 4, 6, 60, 1, 1, 0, 0.667),
(2, 5, 1, 1, 2, 0, 0, 2.000),
(2, 5, 1, 2, 2, 0, 0, 2.000),
(2, 5, 1, 3, 2, 0, 0, 2.000),
(2, 5, 1, 4, 2, 0, 0, 2.000),
(2, 5, 1, 5, 2, 0, 0, 2.000),
(2, 5, 1, 6, 2, 0, 0, 2.000),
(2, 5, 1, 7, 2, 0, 0, 2.000),
(2, 5, 1, 8, 2, 0, 0, 2.000),
(2, 5, 1, 9, 2, 0, 0, 2.000),
(2, 5, 1, 10, 2, 0, 0, 2.000),
(2, 5, 2, 11, 0, 1, 0, -0.333),
(2, 5, 2, 12, 1, 0, 0, 1.000),
(2, 5, 2, 13, 1, 0, 0, 1.000),
(2, 5, 2, 14, 1, 0, 0, 1.000),
(2, 5, 2, 15, 1, 0, 0, 1.000),
(2, 5, 2, 16, 1, 0, 0, 1.000),
(2, 5, 2, 17, 1, 0, 0, 1.000),
(2, 5, 2, 18, 1, 0, 0, 1.000),
(2, 5, 2, 19, 1, 0, 0, 1.000),
(2, 5, 2, 20, 1, 0, 0, 1.000),
(2, 5, 3, 21, 1, 0, 0, 1.000),
(2, 5, 3, 22, 1, 0, 0, 1.000),
(2, 5, 3, 23, 1, 0, 0, 1.000),
(2, 5, 3, 24, 1, 0, 0, 1.000),
(2, 5, 3, 25, 1, 0, 0, 1.000),
(2, 5, 3, 26, 1, 0, 0, 1.000),
(2, 5, 3, 27, 1, 0, 0, 1.000),
(2, 5, 3, 28, 1, 0, 0, 1.000),
(2, 5, 3, 29, 1, 0, 0, 1.000),
(2, 5, 3, 30, 1, 0, 0, 1.000),
(2, 5, 4, 31, 1, 0, 0, 1.000),
(2, 5, 4, 32, 1, 0, 0, 1.000),
(2, 5, 4, 33, 1, 0, 0, 1.000),
(2, 5, 4, 34, 1, 0, 0, 1.000),
(2, 5, 4, 35, 1, 0, 0, 1.000),
(2, 5, 4, 36, 1, 0, 0, 1.000),
(2, 5, 4, 37, 1, 0, 0, 1.000),
(2, 5, 4, 38, 1, 0, 0, 1.000),
(2, 5, 4, 39, 1, 0, 0, 1.000),
(2, 5, 4, 40, 1, 0, 0, 1.000),
(2, 5, 5, 41, 2, 0, 0, 2.000),
(2, 5, 5, 42, 1, 0, 1, 1.000),
(2, 5, 5, 43, 2, 0, 0, 2.000),
(2, 5, 5, 44, 2, 0, 0, 2.000),
(2, 5, 5, 45, 2, 0, 0, 2.000),
(2, 5, 5, 46, 2, 0, 0, 2.000),
(2, 5, 5, 47, 0, 2, 0, -0.667),
(2, 5, 5, 48, 2, 0, 0, 2.000),
(2, 5, 5, 49, 2, 0, 0, 2.000),
(2, 5, 5, 50, 2, 0, 0, 2.000),
(2, 5, 6, 51, 1, 0, 1, 1.000),
(2, 5, 6, 52, 2, 0, 0, 2.000),
(2, 5, 6, 53, 2, 0, 0, 2.000),
(2, 5, 6, 54, 2, 0, 0, 2.000),
(2, 5, 6, 55, 2, 0, 0, 2.000),
(2, 5, 6, 56, 2, 0, 0, 2.000),
(2, 5, 6, 57, 1, 1, 0, 0.667),
(2, 5, 6, 58, 1, 1, 0, 0.667),
(2, 5, 6, 59, 2, 0, 0, 2.000),
(2, 5, 6, 60, 2, 0, 0, 2.000),
(2, 6, 1, 1, 1, 0, 1, 1.000),
(2, 6, 1, 2, 2, 0, 0, 2.000),
(2, 6, 1, 3, 2, 0, 0, 2.000),
(2, 6, 1, 4, 1, 0, 1, 1.000),
(2, 6, 1, 5, 2, 0, 0, 2.000),
(2, 6, 1, 6, 2, 0, 0, 2.000),
(2, 6, 1, 7, 2, 0, 0, 2.000),
(2, 6, 1, 8, 2, 0, 0, 2.000),
(2, 6, 1, 9, 2, 0, 0, 2.000),
(2, 6, 1, 10, 2, 0, 0, 2.000),
(2, 6, 2, 11, 1, 0, 0, 1.000),
(2, 6, 2, 12, 0, 0, 1, 0.000),
(2, 6, 2, 13, 1, 0, 0, 1.000),
(2, 6, 2, 14, 1, 0, 0, 1.000),
(2, 6, 2, 15, 1, 0, 0, 1.000),
(2, 6, 2, 16, 1, 0, 0, 1.000),
(2, 6, 2, 17, 1, 0, 0, 1.000),
(2, 6, 2, 18, 1, 0, 0, 1.000),
(2, 6, 2, 19, 0, 0, 1, 0.000),
(2, 6, 2, 20, 0, 0, 1, 0.000),
(2, 6, 3, 21, 1, 0, 0, 1.000),
(2, 6, 3, 22, 1, 0, 0, 1.000),
(2, 6, 3, 23, 0, 1, 0, -0.333),
(2, 6, 3, 24, 1, 0, 0, 1.000),
(2, 6, 3, 25, 1, 0, 0, 1.000),
(2, 6, 3, 26, 1, 0, 0, 1.000),
(2, 6, 3, 27, 1, 0, 0, 1.000),
(2, 6, 3, 28, 1, 0, 0, 1.000),
(2, 6, 3, 29, 0, 1, 0, -0.333),
(2, 6, 3, 30, 1, 0, 0, 1.000),
(2, 6, 4, 31, 1, 0, 0, 1.000),
(2, 6, 4, 32, 1, 0, 0, 1.000),
(2, 6, 4, 33, 1, 0, 0, 1.000),
(2, 6, 4, 34, 1, 0, 0, 1.000),
(2, 6, 4, 35, 1, 0, 0, 1.000),
(2, 6, 4, 36, 1, 0, 0, 1.000),
(2, 6, 4, 37, 0, 0, 1, 0.000),
(2, 6, 4, 38, 1, 0, 0, 1.000),
(2, 6, 4, 39, 1, 0, 0, 1.000),
(2, 6, 4, 40, 0, 1, 0, -0.333),
(2, 6, 5, 41, 1, 1, 0, 0.667),
(2, 6, 5, 42, 2, 0, 0, 2.000),
(2, 6, 5, 43, 2, 0, 0, 2.000),
(2, 6, 5, 44, 2, 0, 0, 2.000),
(2, 6, 5, 45, 2, 0, 0, 2.000),
(2, 6, 5, 46, 2, 0, 0, 2.000),
(2, 6, 5, 47, 2, 0, 0, 2.000),
(2, 6, 5, 48, 2, 0, 0, 2.000),
(2, 6, 5, 49, 2, 0, 0, 2.000),
(2, 6, 5, 50, 2, 0, 0, 2.000),
(2, 6, 6, 51, 2, 0, 0, 2.000),
(2, 6, 6, 52, 2, 0, 0, 2.000),
(2, 6, 6, 53, 1, 0, 1, 1.000),
(2, 6, 6, 54, 2, 0, 0, 2.000),
(2, 6, 6, 55, 2, 0, 0, 2.000),
(2, 6, 6, 56, 2, 0, 0, 2.000),
(2, 6, 6, 57, 2, 0, 0, 2.000),
(2, 6, 6, 58, 1, 1, 0, 0.667),
(2, 6, 6, 59, 2, 0, 0, 2.000),
(2, 6, 6, 60, 2, 0, 0, 2.000),
(2, 7, 1, 1, 0, 1, 1, -0.333),
(2, 7, 1, 2, 0, 1, 1, -0.333),
(2, 7, 1, 3, 0, 1, 1, -0.333),
(2, 7, 1, 4, 0, 2, 0, -0.667),
(2, 7, 1, 5, 0, 2, 0, -0.667),
(2, 7, 1, 6, 0, 0, 2, 0.000),
(2, 7, 1, 7, 1, 0, 1, 1.000),
(2, 7, 1, 8, 0, 1, 1, -0.333),
(2, 7, 1, 9, 0, 0, 2, 0.000),
(2, 7, 1, 10, 0, 2, 0, -0.667),
(2, 7, 2, 11, 0, 0, 1, 0.000),
(2, 7, 2, 12, 0, 0, 1, 0.000),
(2, 7, 2, 13, 0, 1, 0, -0.333),
(2, 7, 2, 14, 1, 0, 0, 1.000),
(2, 7, 2, 15, 0, 1, 0, -0.333),
(2, 7, 2, 16, 0, 1, 0, -0.333),
(2, 7, 2, 17, 0, 0, 1, 0.000),
(2, 7, 2, 18, 0, 0, 1, 0.000),
(2, 7, 2, 19, 1, 0, 0, 1.000),
(2, 7, 2, 20, 0, 1, 0, -0.333),
(2, 7, 3, 21, 0, 0, 1, 0.000),
(2, 7, 3, 22, 1, 0, 0, 1.000),
(2, 7, 3, 23, 1, 0, 0, 1.000),
(2, 7, 3, 24, 0, 1, 0, -0.333),
(2, 7, 3, 25, 0, 1, 0, -0.333),
(2, 7, 3, 26, 1, 0, 0, 1.000),
(2, 7, 3, 27, 0, 1, 0, -0.333),
(2, 7, 3, 28, 0, 0, 1, 0.000),
(2, 7, 3, 29, 0, 0, 1, 0.000),
(2, 7, 3, 30, 0, 0, 1, 0.000),
(2, 7, 4, 31, 0, 1, 0, -0.333),
(2, 7, 4, 32, 0, 0, 1, 0.000),
(2, 7, 4, 33, 0, 1, 0, -0.333),
(2, 7, 4, 34, 1, 0, 0, 1.000),
(2, 7, 4, 35, 1, 0, 0, 1.000),
(2, 7, 4, 36, 1, 0, 0, 1.000),
(2, 7, 4, 37, 0, 0, 1, 0.000),
(2, 7, 4, 38, 1, 0, 0, 1.000),
(2, 7, 4, 39, 1, 0, 0, 1.000),
(2, 7, 4, 40, 0, 0, 1, 0.000),
(2, 7, 5, 41, 0, 0, 2, 0.000),
(2, 7, 5, 42, 1, 0, 1, 1.000),
(2, 7, 5, 43, 0, 1, 1, -0.333),
(2, 7, 5, 44, 0, 1, 1, -0.333),
(2, 7, 5, 45, 0, 0, 2, 0.000),
(2, 7, 5, 46, 0, 2, 0, -0.667),
(2, 7, 5, 47, 0, 2, 0, -0.667),
(2, 7, 5, 48, 2, 0, 0, 2.000),
(2, 7, 5, 49, 0, 2, 0, -0.667),
(2, 7, 5, 50, 0, 1, 1, -0.333),
(2, 7, 6, 51, 0, 2, 0, -0.667),
(2, 7, 6, 52, 1, 1, 0, 0.667),
(2, 7, 6, 53, 0, 1, 1, -0.333),
(2, 7, 6, 54, 0, 1, 1, -0.333),
(2, 7, 6, 55, 0, 0, 2, 0.000),
(2, 7, 6, 56, 0, 1, 1, -0.333),
(2, 7, 6, 57, 0, 1, 1, -0.333),
(2, 7, 6, 58, 0, 1, 1, -0.333),
(2, 7, 6, 59, 0, 1, 1, -0.333),
(2, 7, 6, 60, 1, 0, 1, 1.000),
(2, 8, 1, 1, 0, 0, 2, 0.000),
(2, 8, 1, 2, 0, 1, 1, -0.333),
(2, 8, 1, 3, 0, 0, 2, 0.000),
(2, 8, 1, 4, 0, 1, 1, -0.333),
(2, 8, 1, 5, 0, 2, 0, -0.667),
(2, 8, 1, 6, 0, 2, 0, -0.667),
(2, 8, 1, 7, 0, 0, 2, 0.000),
(2, 8, 1, 8, 0, 0, 2, 0.000),
(2, 8, 1, 9, 0, 2, 0, -0.667),
(2, 8, 1, 10, 0, 0, 2, 0.000),
(2, 8, 2, 11, 0, 1, 0, -0.333),
(2, 8, 2, 12, 0, 1, 0, -0.333),
(2, 8, 2, 13, 0, 1, 0, -0.333),
(2, 8, 2, 14, 1, 0, 0, 1.000),
(2, 8, 2, 15, 0, 1, 0, -0.333),
(2, 8, 2, 16, 0, 1, 0, -0.333),
(2, 8, 2, 17, 1, 0, 0, 1.000),
(2, 8, 2, 18, 0, 1, 0, -0.333),
(2, 8, 2, 19, 0, 0, 1, 0.000),
(2, 8, 2, 20, 0, 0, 1, 0.000),
(2, 8, 3, 21, 0, 0, 1, 0.000),
(2, 8, 3, 22, 0, 1, 0, -0.333),
(2, 8, 3, 23, 0, 1, 0, -0.333),
(2, 8, 3, 24, 1, 0, 0, 1.000),
(2, 8, 3, 25, 0, 1, 0, -0.333),
(2, 8, 3, 26, 1, 0, 0, 1.000),
(2, 8, 3, 27, 0, 0, 1, 0.000),
(2, 8, 3, 28, 0, 1, 0, -0.333),
(2, 8, 3, 29, 0, 0, 1, 0.000),
(2, 8, 3, 30, 0, 0, 1, 0.000),
(2, 8, 4, 31, 0, 0, 1, 0.000),
(2, 8, 4, 32, 0, 0, 1, 0.000),
(2, 8, 4, 33, 0, 1, 0, -0.333),
(2, 8, 4, 34, 1, 0, 0, 1.000),
(2, 8, 4, 35, 0, 0, 1, 0.000),
(2, 8, 4, 36, 0, 0, 1, 0.000),
(2, 8, 4, 37, 1, 0, 0, 1.000),
(2, 8, 4, 38, 0, 1, 0, -0.333),
(2, 8, 4, 39, 0, 1, 0, -0.333),
(2, 8, 4, 40, 1, 0, 0, 1.000),
(2, 8, 5, 41, 1, 0, 1, 1.000),
(2, 8, 5, 42, 0, 0, 2, 0.000),
(2, 8, 5, 43, 0, 1, 1, -0.333),
(2, 8, 5, 44, 0, 1, 1, -0.333),
(2, 8, 5, 45, 0, 1, 1, -0.333),
(2, 8, 5, 46, 0, 1, 1, -0.333),
(2, 8, 5, 47, 0, 2, 0, -0.667),
(2, 8, 5, 48, 0, 2, 0, -0.667),
(2, 8, 5, 49, 0, 2, 0, -0.667),
(2, 8, 5, 50, 0, 0, 2, 0.000),
(2, 8, 6, 51, 1, 1, 0, 0.667),
(2, 8, 6, 52, 0, 1, 1, -0.333),
(2, 8, 6, 53, 0, 1, 1, -0.333),
(2, 8, 6, 54, 1, 0, 1, 1.000),
(2, 8, 6, 55, 0, 1, 1, -0.333),
(2, 8, 6, 56, 0, 0, 2, 0.000),
(2, 8, 6, 57, 0, 0, 2, 0.000),
(2, 8, 6, 58, 0, 0, 2, 0.000),
(2, 8, 6, 59, 0, 1, 1, -0.333),
(2, 8, 6, 60, 0, 0, 2, 0.000),
(2, 9, 1, 1, 2, 0, 0, 2.000),
(2, 9, 1, 2, 2, 0, 0, 2.000),
(2, 9, 1, 3, 2, 0, 0, 2.000),
(2, 9, 1, 4, 2, 0, 0, 2.000),
(2, 9, 1, 5, 2, 0, 0, 2.000),
(2, 9, 1, 6, 0, 1, 1, -0.333),
(2, 9, 1, 7, 1, 0, 1, 1.000),
(2, 9, 1, 8, 0, 1, 1, -0.333),
(2, 9, 1, 9, 0, 1, 1, -0.333),
(2, 9, 1, 10, 0, 1, 1, -0.333),
(2, 9, 2, 11, 0, 0, 1, 0.000),
(2, 9, 2, 12, 0, 0, 1, 0.000),
(2, 9, 2, 13, 0, 0, 1, 0.000),
(2, 9, 2, 14, 0, 1, 0, -0.333),
(2, 9, 2, 15, 1, 0, 0, 1.000),
(2, 9, 2, 16, 1, 0, 0, 1.000),
(2, 9, 2, 17, 1, 0, 0, 1.000),
(2, 9, 2, 18, 1, 0, 0, 1.000),
(2, 9, 2, 19, 0, 0, 1, 0.000),
(2, 9, 2, 20, 1, 0, 0, 1.000),
(2, 9, 3, 21, 0, 1, 0, -0.333),
(2, 9, 3, 22, 1, 0, 0, 1.000),
(2, 9, 3, 23, 1, 0, 0, 1.000),
(2, 9, 3, 24, 1, 0, 0, 1.000),
(2, 9, 3, 25, 1, 0, 0, 1.000),
(2, 9, 3, 26, 0, 0, 1, 0.000),
(2, 9, 3, 27, 1, 0, 0, 1.000),
(2, 9, 3, 28, 0, 0, 1, 0.000),
(2, 9, 3, 29, 0, 1, 0, -0.333),
(2, 9, 3, 30, 1, 0, 0, 1.000),
(2, 9, 4, 31, 1, 0, 0, 1.000),
(2, 9, 4, 32, 1, 0, 0, 1.000),
(2, 9, 4, 33, 0, 1, 0, -0.333),
(2, 9, 4, 34, 0, 1, 0, -0.333),
(2, 9, 4, 35, 0, 1, 0, -0.333),
(2, 9, 4, 36, 0, 1, 0, -0.333),
(2, 9, 4, 37, 0, 0, 1, 0.000),
(2, 9, 4, 38, 1, 0, 0, 1.000),
(2, 9, 4, 39, 0, 0, 1, 0.000),
(2, 9, 4, 40, 0, 0, 1, 0.000),
(2, 9, 5, 41, 0, 1, 1, -0.333),
(2, 9, 5, 42, 1, 1, 0, 0.667),
(2, 9, 5, 43, 0, 0, 2, 0.000),
(2, 9, 5, 44, 1, 0, 1, 1.000),
(2, 9, 5, 45, 2, 0, 0, 2.000),
(2, 9, 5, 46, 2, 0, 0, 2.000),
(2, 9, 5, 47, 0, 1, 1, -0.333),
(2, 9, 5, 48, 0, 1, 1, -0.333),
(2, 9, 5, 49, 0, 1, 1, -0.333),
(2, 9, 5, 50, 0, 2, 0, -0.667),
(2, 9, 6, 51, 0, 0, 2, 0.000),
(2, 9, 6, 52, 0, 1, 1, -0.333),
(2, 9, 6, 53, 1, 1, 0, 0.667),
(2, 9, 6, 54, 0, 1, 1, -0.333),
(2, 9, 6, 55, 0, 2, 0, -0.667),
(2, 9, 6, 56, 0, 0, 2, 0.000),
(2, 9, 6, 57, 0, 0, 2, 0.000),
(2, 9, 6, 58, 0, 1, 1, -0.333),
(2, 9, 6, 59, 0, 1, 1, -0.333),
(2, 9, 6, 60, 0, 2, 0, -0.667),
(2, 10, 1, 1, 2, 0, 0, 2.000),
(2, 10, 1, 2, 2, 0, 0, 2.000),
(2, 10, 1, 3, 2, 0, 0, 2.000),
(2, 10, 1, 4, 1, 1, 0, 0.667),
(2, 10, 1, 5, 2, 0, 0, 2.000),
(2, 10, 1, 6, 2, 0, 0, 2.000),
(2, 10, 1, 7, 1, 0, 1, 1.000),
(2, 10, 1, 8, 1, 0, 1, 1.000),
(2, 10, 1, 9, 2, 0, 0, 2.000),
(2, 10, 1, 10, 2, 0, 0, 2.000),
(2, 10, 2, 11, 1, 0, 0, 1.000),
(2, 10, 2, 12, 1, 0, 0, 1.000),
(2, 10, 2, 13, 1, 0, 0, 1.000),
(2, 10, 2, 14, 1, 0, 0, 1.000),
(2, 10, 2, 15, 1, 0, 0, 1.000),
(2, 10, 2, 16, 1, 0, 0, 1.000),
(2, 10, 2, 17, 0, 1, 0, -0.333),
(2, 10, 2, 18, 1, 0, 0, 1.000),
(2, 10, 2, 19, 1, 0, 0, 1.000),
(2, 10, 2, 20, 1, 0, 0, 1.000),
(2, 10, 3, 21, 0, 1, 0, -0.333),
(2, 10, 3, 22, 1, 0, 0, 1.000),
(2, 10, 3, 23, 1, 0, 0, 1.000),
(2, 10, 3, 24, 1, 0, 0, 1.000),
(2, 10, 3, 25, 0, 0, 1, 0.000),
(2, 10, 3, 26, 1, 0, 0, 1.000),
(2, 10, 3, 27, 1, 0, 0, 1.000),
(2, 10, 3, 28, 1, 0, 0, 1.000),
(2, 10, 3, 29, 1, 0, 0, 1.000),
(2, 10, 3, 30, 1, 0, 0, 1.000),
(2, 10, 4, 31, 1, 0, 0, 1.000),
(2, 10, 4, 32, 1, 0, 0, 1.000),
(2, 10, 4, 33, 1, 0, 0, 1.000),
(2, 10, 4, 34, 1, 0, 0, 1.000),
(2, 10, 4, 35, 1, 0, 0, 1.000),
(2, 10, 4, 36, 1, 0, 0, 1.000),
(2, 10, 4, 37, 1, 0, 0, 1.000),
(2, 10, 4, 38, 1, 0, 0, 1.000),
(2, 10, 4, 39, 1, 0, 0, 1.000),
(2, 10, 4, 40, 1, 0, 0, 1.000),
(2, 10, 5, 41, 2, 0, 0, 2.000),
(2, 10, 5, 42, 2, 0, 0, 2.000),
(2, 10, 5, 43, 2, 0, 0, 2.000),
(2, 10, 5, 44, 2, 0, 0, 2.000),
(2, 10, 5, 45, 2, 0, 0, 2.000),
(2, 10, 5, 46, 2, 0, 0, 2.000),
(2, 10, 5, 47, 2, 0, 0, 2.000),
(2, 10, 5, 48, 2, 0, 0, 2.000),
(2, 10, 5, 49, 0, 2, 0, -0.667),
(2, 10, 5, 50, 0, 2, 0, -0.667),
(2, 10, 6, 51, 2, 0, 0, 2.000),
(2, 10, 6, 52, 1, 1, 0, 0.667),
(2, 10, 6, 53, 1, 0, 1, 1.000),
(2, 10, 6, 54, 0, 0, 2, 0.000),
(2, 10, 6, 55, 1, 0, 1, 1.000),
(2, 10, 6, 56, 2, 0, 0, 2.000),
(2, 10, 6, 57, 1, 1, 0, 0.667),
(2, 10, 6, 58, 1, 0, 1, 1.000),
(2, 10, 6, 59, 2, 0, 0, 2.000),
(2, 10, 6, 60, 1, 0, 1, 1.000),
(2, 11, 1, 1, 1, 1, 0, 0.667),
(2, 11, 1, 2, 2, 0, 0, 2.000),
(2, 11, 1, 3, 1, 0, 1, 1.000),
(2, 11, 1, 4, 2, 0, 0, 2.000),
(2, 11, 1, 5, 0, 2, 0, -0.667),
(2, 11, 1, 6, 0, 2, 0, -0.667),
(2, 11, 1, 7, 0, 2, 0, -0.667),
(2, 11, 1, 8, 0, 2, 0, -0.667),
(2, 11, 1, 9, 0, 2, 0, -0.667),
(2, 11, 1, 10, 2, 0, 0, 2.000),
(2, 11, 2, 11, 1, 0, 0, 1.000),
(2, 11, 2, 12, 1, 0, 0, 1.000),
(2, 11, 2, 13, 1, 0, 0, 1.000),
(2, 11, 2, 14, 1, 0, 0, 1.000),
(2, 11, 2, 15, 1, 0, 0, 1.000),
(2, 11, 2, 16, 1, 0, 0, 1.000),
(2, 11, 2, 17, 1, 0, 0, 1.000),
(2, 11, 2, 18, 1, 0, 0, 1.000),
(2, 11, 2, 19, 0, 1, 0, -0.333),
(2, 11, 2, 20, 1, 0, 0, 1.000),
(2, 11, 3, 21, 1, 0, 0, 1.000),
(2, 11, 3, 22, 0, 1, 0, -0.333),
(2, 11, 3, 23, 0, 1, 0, -0.333),
(2, 11, 3, 24, 1, 0, 0, 1.000),
(2, 11, 3, 25, 1, 0, 0, 1.000),
(2, 11, 3, 26, 1, 0, 0, 1.000),
(2, 11, 3, 27, 1, 0, 0, 1.000),
(2, 11, 3, 28, 1, 0, 0, 1.000),
(2, 11, 3, 29, 1, 0, 0, 1.000),
(2, 11, 3, 30, 1, 0, 0, 1.000),
(2, 11, 4, 31, 0, 1, 0, -0.333),
(2, 11, 4, 32, 1, 0, 0, 1.000),
(2, 11, 4, 33, 1, 0, 0, 1.000),
(2, 11, 4, 34, 1, 0, 0, 1.000),
(2, 11, 4, 35, 1, 0, 0, 1.000),
(2, 11, 4, 36, 1, 0, 0, 1.000),
(2, 11, 4, 37, 1, 0, 0, 1.000),
(2, 11, 4, 38, 1, 0, 0, 1.000),
(2, 11, 4, 39, 1, 0, 0, 1.000),
(2, 11, 4, 40, 1, 0, 0, 1.000),
(2, 11, 5, 41, 0, 2, 0, -0.667),
(2, 11, 5, 42, 0, 2, 0, -0.667),
(2, 11, 5, 43, 0, 2, 0, -0.667),
(2, 11, 5, 44, 0, 2, 0, -0.667),
(2, 11, 5, 45, 0, 2, 0, -0.667),
(2, 11, 5, 46, 0, 2, 0, -0.667),
(2, 11, 5, 47, 0, 2, 0, -0.667),
(2, 11, 5, 48, 0, 2, 0, -0.667),
(2, 11, 5, 49, 2, 0, 0, 2.000),
(2, 11, 5, 50, 2, 0, 0, 2.000),
(2, 11, 6, 51, 0, 2, 0, -0.667),
(2, 11, 6, 52, 0, 2, 0, -0.667),
(2, 11, 6, 53, 0, 2, 0, -0.667),
(2, 11, 6, 54, 0, 2, 0, -0.667),
(2, 11, 6, 55, 2, 0, 0, 2.000),
(2, 11, 6, 56, 0, 2, 0, -0.667),
(2, 11, 6, 57, 2, 0, 0, 2.000),
(2, 11, 6, 58, 2, 0, 0, 2.000),
(2, 11, 6, 59, 1, 0, 1, 1.000),
(2, 11, 6, 60, 1, 1, 0, 0.667),
(2, 12, 1, 1, 1, 1, 0, 0.667),
(2, 12, 1, 2, 1, 1, 0, 0.667),
(2, 12, 1, 3, 1, 1, 0, 0.667),
(2, 12, 1, 4, 1, 1, 0, 0.667),
(2, 12, 1, 5, 1, 1, 0, 0.667),
(2, 12, 1, 6, 1, 1, 0, 0.667),
(2, 12, 1, 7, 1, 1, 0, 0.667),
(2, 12, 1, 8, 1, 1, 0, 0.667),
(2, 12, 1, 9, 1, 1, 0, 0.667),
(2, 12, 1, 10, 1, 1, 0, 0.667),
(2, 12, 2, 11, 1, 0, 0, 1.000),
(2, 12, 2, 12, 1, 0, 0, 1.000),
(2, 12, 2, 13, 1, 0, 0, 1.000),
(2, 12, 2, 14, 1, 0, 0, 1.000),
(2, 12, 2, 15, 1, 0, 0, 1.000),
(2, 12, 2, 16, 1, 0, 0, 1.000),
(2, 12, 2, 17, 1, 0, 0, 1.000),
(2, 12, 2, 18, 1, 0, 0, 1.000),
(2, 12, 2, 19, 1, 0, 0, 1.000),
(2, 12, 2, 20, 1, 0, 0, 1.000),
(2, 12, 3, 21, 1, 0, 0, 1.000),
(2, 12, 3, 22, 0, 0, 1, 0.000),
(2, 12, 3, 23, 0, 1, 0, -0.333),
(2, 12, 3, 24, 0, 0, 1, 0.000),
(2, 12, 3, 25, 0, 1, 0, -0.333),
(2, 12, 3, 26, 0, 0, 1, 0.000),
(2, 12, 3, 27, 0, 0, 1, 0.000),
(2, 12, 3, 28, 0, 0, 1, 0.000),
(2, 12, 3, 29, 1, 0, 0, 1.000),
(2, 12, 3, 30, 1, 0, 0, 1.000),
(2, 12, 4, 31, 0, 0, 1, 0.000),
(2, 12, 4, 32, 0, 1, 0, -0.333),
(2, 12, 4, 33, 1, 0, 0, 1.000),
(2, 12, 4, 34, 0, 1, 0, -0.333),
(2, 12, 4, 35, 1, 0, 0, 1.000),
(2, 12, 4, 36, 1, 0, 0, 1.000),
(2, 12, 4, 37, 0, 1, 0, -0.333),
(2, 12, 4, 38, 0, 0, 1, 0.000),
(2, 12, 4, 39, 1, 0, 0, 1.000),
(2, 12, 4, 40, 0, 1, 0, -0.333),
(2, 12, 5, 41, 1, 1, 0, 0.667),
(2, 12, 5, 42, 1, 1, 0, 0.667),
(2, 12, 5, 43, 1, 1, 0, 0.667),
(2, 12, 5, 44, 1, 1, 0, 0.667),
(2, 12, 5, 45, 1, 1, 0, 0.667),
(2, 12, 5, 46, 1, 1, 0, 0.667),
(2, 12, 5, 47, 1, 1, 0, 0.667),
(2, 12, 5, 48, 1, 1, 0, 0.667),
(2, 12, 5, 49, 1, 1, 0, 0.667),
(2, 12, 5, 50, 1, 1, 0, 0.667),
(2, 12, 6, 51, 0, 1, 1, -0.333),
(2, 12, 6, 52, 0, 2, 0, -0.667),
(2, 12, 6, 53, 0, 2, 0, -0.667),
(2, 12, 6, 54, 0, 0, 2, 0.000),
(2, 12, 6, 55, 0, 1, 1, -0.333),
(2, 12, 6, 56, 1, 1, 0, 0.667),
(2, 12, 6, 57, 0, 0, 2, 0.000),
(2, 12, 6, 58, 0, 2, 0, -0.667),
(2, 12, 6, 59, 0, 2, 0, -0.667),
(2, 12, 6, 60, 1, 0, 1, 1.000),
(2, 13, 1, 1, 2, 0, 0, 2.000),
(2, 13, 1, 2, 2, 0, 0, 2.000),
(2, 13, 1, 3, 1, 1, 0, 0.667),
(2, 13, 1, 4, 2, 0, 0, 2.000),
(2, 13, 1, 5, 2, 0, 0, 2.000),
(2, 13, 1, 6, 2, 0, 0, 2.000),
(2, 13, 1, 7, 2, 0, 0, 2.000),
(2, 13, 1, 8, 2, 0, 0, 2.000),
(2, 13, 1, 9, 2, 0, 0, 2.000),
(2, 13, 1, 10, 2, 0, 0, 2.000),
(2, 13, 2, 11, 1, 0, 0, 1.000),
(2, 13, 2, 12, 1, 0, 0, 1.000),
(2, 13, 2, 13, 1, 0, 0, 1.000),
(2, 13, 2, 14, 1, 0, 0, 1.000),
(2, 13, 2, 15, 1, 0, 0, 1.000),
(2, 13, 2, 16, 1, 0, 0, 1.000),
(2, 13, 2, 17, 1, 0, 0, 1.000),
(2, 13, 2, 18, 1, 0, 0, 1.000),
(2, 13, 2, 19, 1, 0, 0, 1.000),
(2, 13, 2, 20, 1, 0, 0, 1.000),
(2, 13, 3, 21, 0, 1, 0, -0.333),
(2, 13, 3, 22, 1, 0, 0, 1.000),
(2, 13, 3, 23, 1, 0, 0, 1.000),
(2, 13, 3, 24, 1, 0, 0, 1.000),
(2, 13, 3, 25, 1, 0, 0, 1.000),
(2, 13, 3, 26, 1, 0, 0, 1.000),
(2, 13, 3, 27, 0, 1, 0, -0.333),
(2, 13, 3, 28, 0, 1, 0, -0.333),
(2, 13, 3, 29, 1, 0, 0, 1.000),
(2, 13, 3, 30, 0, 1, 0, -0.333),
(2, 13, 4, 31, 1, 0, 0, 1.000),
(2, 13, 4, 32, 1, 0, 0, 1.000),
(2, 13, 4, 33, 0, 1, 0, -0.333),
(2, 13, 4, 34, 1, 0, 0, 1.000),
(2, 13, 4, 35, 1, 0, 0, 1.000),
(2, 13, 4, 36, 1, 0, 0, 1.000),
(2, 13, 4, 37, 1, 0, 0, 1.000),
(2, 13, 4, 38, 1, 0, 0, 1.000),
(2, 13, 4, 39, 0, 1, 0, -0.333),
(2, 13, 4, 40, 1, 0, 0, 1.000),
(2, 13, 5, 41, 2, 0, 0, 2.000),
(2, 13, 5, 42, 1, 1, 0, 0.667),
(2, 13, 5, 43, 2, 0, 0, 2.000),
(2, 13, 5, 44, 2, 0, 0, 2.000),
(2, 13, 5, 45, 2, 0, 0, 2.000),
(2, 13, 5, 46, 2, 0, 0, 2.000),
(2, 13, 5, 47, 2, 0, 0, 2.000),
(2, 13, 5, 48, 2, 0, 0, 2.000),
(2, 13, 5, 49, 1, 0, 1, 1.000),
(2, 13, 5, 50, 2, 0, 0, 2.000),
(2, 13, 6, 51, 2, 0, 0, 2.000),
(2, 13, 6, 52, 1, 1, 0, 0.667),
(2, 13, 6, 53, 2, 0, 0, 2.000),
(2, 13, 6, 54, 2, 0, 0, 2.000),
(2, 13, 6, 55, 1, 0, 1, 1.000),
(2, 13, 6, 56, 2, 0, 0, 2.000),
(2, 13, 6, 57, 1, 1, 0, 0.667),
(2, 13, 6, 58, 0, 1, 1, -0.333),
(2, 13, 6, 59, 2, 0, 0, 2.000),
(2, 13, 6, 60, 2, 0, 0, 2.000),
(2, 14, 1, 1, 2, 0, 0, 2.000),
(2, 14, 1, 2, 2, 0, 0, 2.000),
(2, 14, 1, 3, 2, 0, 0, 2.000),
(2, 14, 1, 4, 2, 0, 0, 2.000),
(2, 14, 1, 5, 2, 0, 0, 2.000),
(2, 14, 1, 6, 2, 0, 0, 2.000),
(2, 14, 1, 7, 2, 0, 0, 2.000),
(2, 14, 1, 8, 2, 0, 0, 2.000),
(2, 14, 1, 9, 2, 0, 0, 2.000),
(2, 14, 1, 10, 2, 0, 0, 2.000),
(2, 14, 2, 11, 1, 0, 0, 1.000),
(2, 14, 2, 12, 1, 0, 0, 1.000),
(2, 14, 2, 13, 1, 0, 0, 1.000),
(2, 14, 2, 14, 1, 0, 0, 1.000),
(2, 14, 2, 15, 1, 0, 0, 1.000),
(2, 14, 2, 16, 1, 0, 0, 1.000),
(2, 14, 2, 17, 1, 0, 0, 1.000),
(2, 14, 2, 18, 1, 0, 0, 1.000),
(2, 14, 2, 19, 1, 0, 0, 1.000),
(2, 14, 2, 20, 1, 0, 0, 1.000),
(2, 14, 3, 21, 1, 0, 0, 1.000),
(2, 14, 3, 22, 1, 0, 0, 1.000),
(2, 14, 3, 23, 0, 1, 0, -0.333),
(2, 14, 3, 24, 1, 0, 0, 1.000),
(2, 14, 3, 25, 1, 0, 0, 1.000),
(2, 14, 3, 26, 0, 0, 1, 0.000),
(2, 14, 3, 27, 1, 0, 0, 1.000),
(2, 14, 3, 28, 1, 0, 0, 1.000),
(2, 14, 3, 29, 1, 0, 0, 1.000),
(2, 14, 3, 30, 1, 0, 0, 1.000),
(2, 14, 4, 31, 1, 0, 0, 1.000),
(2, 14, 4, 32, 1, 0, 0, 1.000),
(2, 14, 4, 33, 0, 1, 0, -0.333),
(2, 14, 4, 34, 1, 0, 0, 1.000),
(2, 14, 4, 35, 0, 0, 1, 0.000),
(2, 14, 4, 36, 1, 0, 0, 1.000),
(2, 14, 4, 37, 0, 0, 1, 0.000),
(2, 14, 4, 38, 0, 1, 0, -0.333),
(2, 14, 4, 39, 0, 1, 0, -0.333),
(2, 14, 4, 40, 0, 1, 0, -0.333),
(2, 14, 5, 41, 2, 0, 0, 2.000),
(2, 14, 5, 42, 2, 0, 0, 2.000),
(2, 14, 5, 43, 2, 0, 0, 2.000),
(2, 14, 5, 44, 2, 0, 0, 2.000),
(2, 14, 5, 45, 0, 2, 0, -0.667),
(2, 14, 5, 46, 1, 1, 0, 0.667),
(2, 14, 5, 47, 1, 1, 0, 0.667),
(2, 14, 5, 48, 2, 0, 0, 2.000),
(2, 14, 5, 49, 1, 1, 0, 0.667),
(2, 14, 5, 50, 2, 0, 0, 2.000),
(2, 14, 6, 51, 2, 0, 0, 2.000),
(2, 14, 6, 52, 2, 0, 0, 2.000),
(2, 14, 6, 53, 2, 0, 0, 2.000),
(2, 14, 6, 54, 2, 0, 0, 2.000),
(2, 14, 6, 55, 1, 1, 0, 0.667),
(2, 14, 6, 56, 2, 0, 0, 2.000),
(2, 14, 6, 57, 2, 0, 0, 2.000),
(2, 14, 6, 58, 2, 0, 0, 2.000),
(2, 14, 6, 59, 2, 0, 0, 2.000),
(2, 14, 6, 60, 2, 0, 0, 2.000),
(2, 15, 1, 1, 2, 0, 0, 2.000),
(2, 15, 1, 2, 2, 0, 0, 2.000),
(2, 15, 1, 3, 2, 0, 0, 2.000),
(2, 15, 1, 4, 2, 0, 0, 2.000),
(2, 15, 1, 5, 2, 0, 0, 2.000),
(2, 15, 1, 6, 2, 0, 0, 2.000),
(2, 15, 1, 7, 2, 0, 0, 2.000),
(2, 15, 1, 8, 2, 0, 0, 2.000),
(2, 15, 1, 9, 2, 0, 0, 2.000),
(2, 15, 1, 10, 2, 0, 0, 2.000),
(2, 15, 2, 11, 1, 0, 0, 1.000),
(2, 15, 2, 12, 1, 0, 0, 1.000),
(2, 15, 2, 13, 1, 0, 0, 1.000),
(2, 15, 2, 14, 1, 0, 0, 1.000),
(2, 15, 2, 15, 1, 0, 0, 1.000),
(2, 15, 2, 16, 1, 0, 0, 1.000),
(2, 15, 2, 17, 1, 0, 0, 1.000),
(2, 15, 2, 18, 1, 0, 0, 1.000),
(2, 15, 2, 19, 1, 0, 0, 1.000),
(2, 15, 2, 20, 1, 0, 0, 1.000),
(2, 15, 3, 21, 1, 0, 0, 1.000),
(2, 15, 3, 22, 1, 0, 0, 1.000),
(2, 15, 3, 23, 1, 0, 0, 1.000),
(2, 15, 3, 24, 1, 0, 0, 1.000),
(2, 15, 3, 25, 1, 0, 0, 1.000),
(2, 15, 3, 26, 1, 0, 0, 1.000),
(2, 15, 3, 27, 1, 0, 0, 1.000),
(2, 15, 3, 28, 1, 0, 0, 1.000),
(2, 15, 3, 29, 1, 0, 0, 1.000),
(2, 15, 3, 30, 1, 0, 0, 1.000),
(2, 15, 4, 31, 1, 0, 0, 1.000),
(2, 15, 4, 32, 1, 0, 0, 1.000),
(2, 15, 4, 33, 1, 0, 0, 1.000),
(2, 15, 4, 34, 1, 0, 0, 1.000),
(2, 15, 4, 35, 1, 0, 0, 1.000),
(2, 15, 4, 36, 1, 0, 0, 1.000),
(2, 15, 4, 37, 1, 0, 0, 1.000),
(2, 15, 4, 38, 1, 0, 0, 1.000),
(2, 15, 4, 39, 1, 0, 0, 1.000),
(2, 15, 4, 40, 1, 0, 0, 1.000),
(2, 15, 5, 41, 2, 0, 0, 2.000),
(2, 15, 5, 42, 2, 0, 0, 2.000),
(2, 15, 5, 43, 2, 0, 0, 2.000),
(2, 15, 5, 44, 2, 0, 0, 2.000),
(2, 15, 5, 45, 2, 0, 0, 2.000),
(2, 15, 5, 46, 2, 0, 0, 2.000),
(2, 15, 5, 47, 2, 0, 0, 2.000),
(2, 15, 5, 48, 2, 0, 0, 2.000),
(2, 15, 5, 49, 2, 0, 0, 2.000),
(2, 15, 5, 50, 2, 0, 0, 2.000),
(2, 15, 6, 51, 0, 1, 1, -0.333),
(2, 15, 6, 52, 1, 1, 0, 0.667),
(2, 15, 6, 53, 2, 0, 0, 2.000),
(2, 15, 6, 54, 2, 0, 0, 2.000),
(2, 15, 6, 55, 0, 1, 1, -0.333),
(2, 15, 6, 56, 0, 1, 1, -0.333),
(2, 15, 6, 57, 1, 0, 1, 1.000),
(2, 15, 6, 58, 1, 0, 1, 1.000),
(2, 15, 6, 59, 0, 1, 1, -0.333),
(2, 15, 6, 60, 0, 1, 1, -0.333),
(2, 16, 1, 1, 2, 0, 0, 2.000),
(2, 16, 1, 2, 1, 1, 0, 0.667),
(2, 16, 1, 3, 2, 0, 0, 2.000),
(2, 16, 1, 4, 2, 0, 0, 2.000),
(2, 16, 1, 5, 2, 0, 0, 2.000),
(2, 16, 1, 6, 1, 1, 0, 0.667),
(2, 16, 1, 7, 2, 0, 0, 2.000),
(2, 16, 1, 8, 2, 0, 0, 2.000),
(2, 16, 1, 9, 2, 0, 0, 2.000),
(2, 16, 1, 10, 1, 1, 0, 0.667),
(2, 16, 2, 11, 0, 1, 0, -0.333),
(2, 16, 2, 12, 1, 0, 0, 1.000),
(2, 16, 2, 13, 0, 1, 0, -0.333),
(2, 16, 2, 14, 1, 0, 0, 1.000),
(2, 16, 2, 15, 1, 0, 0, 1.000),
(2, 16, 2, 16, 1, 0, 0, 1.000),
(2, 16, 2, 17, 1, 0, 0, 1.000),
(2, 16, 2, 18, 1, 0, 0, 1.000),
(2, 16, 2, 19, 1, 0, 0, 1.000),
(2, 16, 2, 20, 1, 0, 0, 1.000),
(2, 16, 3, 21, 1, 0, 0, 1.000),
(2, 16, 3, 22, 1, 0, 0, 1.000),
(2, 16, 3, 23, 0, 1, 0, -0.333),
(2, 16, 3, 24, 1, 0, 0, 1.000),
(2, 16, 3, 25, 1, 0, 0, 1.000),
(2, 16, 3, 26, 1, 0, 0, 1.000),
(2, 16, 3, 27, 1, 0, 0, 1.000),
(2, 16, 3, 28, 1, 0, 0, 1.000),
(2, 16, 3, 29, 1, 0, 0, 1.000),
(2, 16, 3, 30, 0, 1, 0, -0.333),
(2, 16, 4, 31, 1, 0, 0, 1.000),
(2, 16, 4, 32, 1, 0, 0, 1.000),
(2, 16, 4, 33, 1, 0, 0, 1.000),
(2, 16, 4, 34, 1, 0, 0, 1.000),
(2, 16, 4, 35, 1, 0, 0, 1.000),
(2, 16, 4, 36, 1, 0, 0, 1.000),
(2, 16, 4, 37, 1, 0, 0, 1.000),
(2, 16, 4, 38, 0, 1, 0, -0.333),
(2, 16, 4, 39, 0, 0, 1, 0.000),
(2, 16, 4, 40, 1, 0, 0, 1.000),
(2, 16, 5, 41, 1, 1, 0, 0.667),
(2, 16, 5, 42, 2, 0, 0, 2.000),
(2, 16, 5, 43, 1, 0, 1, 1.000),
(2, 16, 5, 44, 2, 0, 0, 2.000),
(2, 16, 5, 45, 1, 1, 0, 0.667),
(2, 16, 5, 46, 2, 0, 0, 2.000),
(2, 16, 5, 47, 2, 0, 0, 2.000),
(2, 16, 5, 48, 2, 0, 0, 2.000),
(2, 16, 5, 49, 2, 0, 0, 2.000),
(2, 16, 5, 50, 1, 1, 0, 0.667),
(2, 16, 6, 51, 2, 0, 0, 2.000),
(2, 16, 6, 52, 2, 0, 0, 2.000),
(2, 16, 6, 53, 2, 0, 0, 2.000),
(2, 16, 6, 54, 1, 1, 0, 0.667),
(2, 16, 6, 55, 2, 0, 0, 2.000),
(2, 16, 6, 56, 2, 0, 0, 2.000),
(2, 16, 6, 57, 1, 1, 0, 0.667),
(2, 16, 6, 58, 2, 0, 0, 2.000),
(2, 16, 6, 59, 2, 0, 0, 2.000),
(2, 16, 6, 60, 2, 0, 0, 2.000),
(2, 17, 1, 1, 0, 0, 2, 0.000),
(2, 17, 1, 2, 1, 1, 0, 0.667),
(2, 17, 1, 3, 0, 1, 1, -0.333),
(2, 17, 1, 4, 1, 1, 0, 0.667),
(2, 17, 1, 5, 0, 1, 1, -0.333),
(2, 17, 1, 6, 0, 1, 1, -0.333),
(2, 17, 1, 7, 1, 0, 1, 1.000),
(2, 17, 1, 8, 0, 1, 1, -0.333),
(2, 17, 1, 9, 1, 0, 1, 1.000),
(2, 17, 1, 10, 1, 0, 1, 1.000),
(2, 17, 2, 11, 1, 0, 0, 1.000),
(2, 17, 2, 12, 1, 0, 0, 1.000),
(2, 17, 2, 13, 0, 1, 0, -0.333),
(2, 17, 2, 14, 0, 0, 1, 0.000),
(2, 17, 2, 15, 0, 1, 0, -0.333),
(2, 17, 2, 16, 1, 0, 0, 1.000),
(2, 17, 2, 17, 1, 0, 0, 1.000),
(2, 17, 2, 18, 0, 0, 1, 0.000),
(2, 17, 2, 19, 0, 1, 0, -0.333),
(2, 17, 2, 20, 1, 0, 0, 1.000),
(2, 17, 3, 21, 0, 1, 0, -0.333),
(2, 17, 3, 22, 0, 0, 1, 0.000),
(2, 17, 3, 23, 1, 0, 0, 1.000),
(2, 17, 3, 24, 1, 0, 0, 1.000),
(2, 17, 3, 25, 0, 1, 0, -0.333),
(2, 17, 3, 26, 1, 0, 0, 1.000),
(2, 17, 3, 27, 0, 0, 1, 0.000),
(2, 17, 3, 28, 1, 0, 0, 1.000),
(2, 17, 3, 29, 0, 1, 0, -0.333),
(2, 17, 3, 30, 1, 0, 0, 1.000),
(2, 17, 4, 31, 1, 0, 0, 1.000),
(2, 17, 4, 32, 1, 0, 0, 1.000),
(2, 17, 4, 33, 0, 1, 0, -0.333),
(2, 17, 4, 34, 1, 0, 0, 1.000),
(2, 17, 4, 35, 0, 1, 0, -0.333),
(2, 17, 4, 36, 1, 0, 0, 1.000),
(2, 17, 4, 37, 0, 1, 0, -0.333),
(2, 17, 4, 38, 0, 1, 0, -0.333),
(2, 17, 4, 39, 1, 0, 0, 1.000),
(2, 17, 4, 40, 0, 0, 1, 0.000),
(2, 17, 5, 41, 1, 1, 0, 0.667),
(2, 17, 5, 42, 2, 0, 0, 2.000),
(2, 17, 5, 43, 1, 0, 1, 1.000),
(2, 17, 5, 44, 1, 0, 1, 1.000),
(2, 17, 5, 45, 0, 1, 1, -0.333),
(2, 17, 5, 46, 1, 1, 0, 0.667),
(2, 17, 5, 47, 1, 0, 1, 1.000),
(2, 17, 5, 48, 1, 0, 1, 1.000),
(2, 17, 5, 49, 1, 0, 1, 1.000),
(2, 17, 5, 50, 0, 0, 2, 0.000),
(2, 17, 6, 51, 1, 0, 1, 1.000),
(2, 17, 6, 52, 1, 0, 1, 1.000),
(2, 17, 6, 53, 1, 1, 0, 0.667),
(2, 17, 6, 54, 1, 1, 0, 0.667),
(2, 17, 6, 55, 0, 2, 0, -0.667),
(2, 17, 6, 56, 0, 1, 1, -0.333),
(2, 17, 6, 57, 0, 0, 2, 0.000),
(2, 17, 6, 58, 0, 1, 1, -0.333),
(2, 17, 6, 59, 0, 0, 2, 0.000),
(2, 17, 6, 60, 1, 0, 1, 1.000),
(2, 18, 1, 1, 0, 2, 0, -0.667),
(2, 18, 1, 2, 0, 1, 1, -0.333),
(2, 18, 1, 3, 1, 0, 1, 1.000),
(2, 18, 1, 4, 1, 1, 0, 0.667),
(2, 18, 1, 5, 1, 1, 0, 0.667),
(2, 18, 1, 6, 0, 1, 1, -0.333),
(2, 18, 1, 7, 1, 0, 1, 1.000),
(2, 18, 1, 8, 2, 0, 0, 2.000),
(2, 18, 1, 9, 0, 2, 0, -0.667),
(2, 18, 1, 10, 2, 0, 0, 2.000),
(2, 18, 2, 11, 1, 0, 0, 1.000),
(2, 18, 2, 12, 0, 1, 0, -0.333),
(2, 18, 2, 13, 1, 0, 0, 1.000),
(2, 18, 2, 14, 1, 0, 0, 1.000),
(2, 18, 2, 15, 0, 1, 0, -0.333),
(2, 18, 2, 16, 1, 0, 0, 1.000),
(2, 18, 2, 17, 0, 0, 1, 0.000),
(2, 18, 2, 18, 0, 1, 0, -0.333),
(2, 18, 2, 19, 0, 0, 1, 0.000),
(2, 18, 2, 20, 1, 0, 0, 1.000),
(2, 18, 3, 21, 0, 1, 0, -0.333),
(2, 18, 3, 22, 0, 1, 0, -0.333),
(2, 18, 3, 23, 0, 0, 1, 0.000),
(2, 18, 3, 24, 1, 0, 0, 1.000),
(2, 18, 3, 25, 0, 1, 0, -0.333),
(2, 18, 3, 26, 1, 0, 0, 1.000),
(2, 18, 3, 27, 1, 0, 0, 1.000),
(2, 18, 3, 28, 0, 0, 1, 0.000),
(2, 18, 3, 29, 0, 0, 1, 0.000),
(2, 18, 3, 30, 0, 1, 0, -0.333),
(2, 18, 4, 31, 0, 0, 1, 0.000),
(2, 18, 4, 32, 1, 0, 0, 1.000),
(2, 18, 4, 33, 1, 0, 0, 1.000),
(2, 18, 4, 34, 0, 0, 1, 0.000),
(2, 18, 4, 35, 1, 0, 0, 1.000),
(2, 18, 4, 36, 0, 0, 1, 0.000),
(2, 18, 4, 37, 1, 0, 0, 1.000),
(2, 18, 4, 38, 1, 0, 0, 1.000),
(2, 18, 4, 39, 1, 0, 0, 1.000),
(2, 18, 4, 40, 1, 0, 0, 1.000),
(2, 18, 5, 41, 0, 1, 1, -0.333),
(2, 18, 5, 42, 1, 1, 0, 0.667),
(2, 18, 5, 43, 1, 0, 1, 1.000),
(2, 18, 5, 44, 0, 2, 0, -0.667),
(2, 18, 5, 45, 1, 0, 1, 1.000),
(2, 18, 5, 46, 0, 2, 0, -0.667),
(2, 18, 5, 47, 1, 0, 1, 1.000),
(2, 18, 5, 48, 0, 1, 1, -0.333),
(2, 18, 5, 49, 0, 1, 1, -0.333),
(2, 18, 5, 50, 1, 0, 1, 1.000),
(2, 18, 6, 51, 0, 2, 0, -0.667),
(2, 18, 6, 52, 1, 0, 1, 1.000),
(2, 18, 6, 53, 1, 0, 1, 1.000),
(2, 18, 6, 54, 1, 1, 0, 0.667),
(2, 18, 6, 55, 0, 1, 1, -0.333),
(2, 18, 6, 56, 0, 0, 2, 0.000),
(2, 18, 6, 57, 0, 1, 1, -0.333),
(2, 18, 6, 58, 0, 1, 1, -0.333),
(2, 18, 6, 59, 1, 1, 0, 0.667),
(2, 18, 6, 60, 0, 2, 0, -0.667),
(2, 19, 1, 1, 2, 0, 0, 2.000),
(2, 19, 1, 2, 0, 1, 1, -0.333),
(2, 19, 1, 3, 1, 1, 0, 0.667),
(2, 19, 1, 4, 0, 1, 1, -0.333),
(2, 19, 1, 5, 0, 2, 0, -0.667),
(2, 19, 1, 6, 0, 1, 1, -0.333),
(2, 19, 1, 7, 0, 1, 1, -0.333),
(2, 19, 1, 8, 0, 1, 1, -0.333),
(2, 19, 1, 9, 0, 1, 1, -0.333),
(2, 19, 1, 10, 0, 0, 2, 0.000),
(2, 19, 2, 11, 1, 0, 0, 1.000),
(2, 19, 2, 12, 1, 0, 0, 1.000),
(2, 19, 2, 13, 1, 0, 0, 1.000),
(2, 19, 2, 14, 1, 0, 0, 1.000),
(2, 19, 2, 15, 1, 0, 0, 1.000),
(2, 19, 2, 16, 1, 0, 0, 1.000),
(2, 19, 2, 17, 1, 0, 0, 1.000),
(2, 19, 2, 18, 1, 0, 0, 1.000),
(2, 19, 2, 19, 1, 0, 0, 1.000),
(2, 19, 2, 20, 1, 0, 0, 1.000),
(2, 19, 3, 21, 0, 0, 1, 0.000),
(2, 19, 3, 22, 1, 0, 0, 1.000),
(2, 19, 3, 23, 0, 1, 0, -0.333),
(2, 19, 3, 24, 1, 0, 0, 1.000),
(2, 19, 3, 25, 1, 0, 0, 1.000),
(2, 19, 3, 26, 0, 1, 0, -0.333),
(2, 19, 3, 27, 1, 0, 0, 1.000),
(2, 19, 3, 28, 1, 0, 0, 1.000),
(2, 19, 3, 29, 0, 0, 1, 0.000),
(2, 19, 3, 30, 0, 0, 1, 0.000),
(2, 19, 4, 31, 0, 1, 0, -0.333),
(2, 19, 4, 32, 0, 0, 1, 0.000),
(2, 19, 4, 33, 1, 0, 0, 1.000),
(2, 19, 4, 34, 0, 0, 1, 0.000),
(2, 19, 4, 35, 1, 0, 0, 1.000),
(2, 19, 4, 36, 1, 0, 0, 1.000),
(2, 19, 4, 37, 1, 0, 0, 1.000),
(2, 19, 4, 38, 1, 0, 0, 1.000),
(2, 19, 4, 39, 0, 0, 1, 0.000),
(2, 19, 4, 40, 1, 0, 0, 1.000),
(2, 19, 5, 41, 0, 1, 1, -0.333),
(2, 19, 5, 42, 1, 1, 0, 0.667),
(2, 19, 5, 43, 1, 0, 1, 1.000),
(2, 19, 5, 44, 0, 1, 1, -0.333),
(2, 19, 5, 45, 0, 1, 1, -0.333),
(2, 19, 5, 46, 1, 1, 0, 0.667),
(2, 19, 5, 47, 1, 1, 0, 0.667),
(2, 19, 5, 48, 1, 0, 1, 1.000),
(2, 19, 5, 49, 1, 0, 1, 1.000),
(2, 19, 5, 50, 1, 0, 1, 1.000),
(2, 19, 6, 51, 0, 0, 2, 0.000),
(2, 19, 6, 52, 0, 1, 1, -0.333),
(2, 19, 6, 53, 0, 1, 1, -0.333),
(2, 19, 6, 54, 1, 1, 0, 0.667),
(2, 19, 6, 55, 1, 0, 1, 1.000),
(2, 19, 6, 56, 0, 1, 1, -0.333),
(2, 19, 6, 57, 1, 1, 0, 0.667),
(2, 19, 6, 58, 1, 1, 0, 0.667),
(2, 19, 6, 59, 0, 2, 0, -0.667),
(2, 19, 6, 60, 0, 2, 0, -0.667),
(2, 20, 1, 1, 1, 0, 1, 1.000),
(2, 20, 1, 2, 2, 0, 0, 2.000),
(2, 20, 1, 3, 2, 0, 0, 2.000),
(2, 20, 1, 4, 2, 0, 0, 2.000),
(2, 20, 1, 5, 2, 0, 0, 2.000),
(2, 20, 1, 6, 2, 0, 0, 2.000),
(2, 20, 1, 7, 2, 0, 0, 2.000),
(2, 20, 1, 8, 2, 0, 0, 2.000),
(2, 20, 1, 9, 2, 0, 0, 2.000),
(2, 20, 1, 10, 2, 0, 0, 2.000),
(2, 20, 2, 11, 1, 0, 0, 1.000),
(2, 20, 2, 12, 1, 0, 0, 1.000),
(2, 20, 2, 13, 1, 0, 0, 1.000),
(2, 20, 2, 14, 1, 0, 0, 1.000),
(2, 20, 2, 15, 1, 0, 0, 1.000),
(2, 20, 2, 16, 1, 0, 0, 1.000),
(2, 20, 2, 17, 1, 0, 0, 1.000),
(2, 20, 2, 18, 1, 0, 0, 1.000),
(2, 20, 2, 19, 1, 0, 0, 1.000),
(2, 20, 2, 20, 1, 0, 0, 1.000),
(2, 20, 3, 21, 1, 0, 0, 1.000),
(2, 20, 3, 22, 1, 0, 0, 1.000),
(2, 20, 3, 23, 1, 0, 0, 1.000),
(2, 20, 3, 24, 1, 0, 0, 1.000),
(2, 20, 3, 25, 1, 0, 0, 1.000),
(2, 20, 3, 26, 1, 0, 0, 1.000),
(2, 20, 3, 27, 1, 0, 0, 1.000),
(2, 20, 3, 28, 1, 0, 0, 1.000),
(2, 20, 3, 29, 1, 0, 0, 1.000),
(2, 20, 3, 30, 1, 0, 0, 1.000),
(2, 20, 4, 31, 1, 0, 0, 1.000),
(2, 20, 4, 32, 1, 0, 0, 1.000),
(2, 20, 4, 33, 1, 0, 0, 1.000),
(2, 20, 4, 34, 1, 0, 0, 1.000),
(2, 20, 4, 35, 1, 0, 0, 1.000),
(2, 20, 4, 36, 1, 0, 0, 1.000),
(2, 20, 4, 37, 0, 1, 0, -0.333),
(2, 20, 4, 38, 1, 0, 0, 1.000),
(2, 20, 4, 39, 1, 0, 0, 1.000),
(2, 20, 4, 40, 1, 0, 0, 1.000),
(2, 20, 5, 41, 2, 0, 0, 2.000),
(2, 20, 5, 42, 2, 0, 0, 2.000),
(2, 20, 5, 43, 0, 2, 0, -0.667),
(2, 20, 5, 44, 1, 1, 0, 0.667),
(2, 20, 5, 45, 2, 0, 0, 2.000),
(2, 20, 5, 46, 2, 0, 0, 2.000),
(2, 20, 5, 47, 2, 0, 0, 2.000),
(2, 20, 5, 48, 1, 1, 0, 0.667),
(2, 20, 5, 49, 2, 0, 0, 2.000),
(2, 20, 5, 50, 2, 0, 0, 2.000),
(2, 20, 6, 51, 2, 0, 0, 2.000),
(2, 20, 6, 52, 2, 0, 0, 2.000),
(2, 20, 6, 53, 2, 0, 0, 2.000),
(2, 20, 6, 54, 2, 0, 0, 2.000),
(2, 20, 6, 55, 1, 1, 0, 0.667),
(2, 20, 6, 56, 1, 0, 1, 1.000),
(2, 20, 6, 57, 2, 0, 0, 2.000),
(2, 20, 6, 58, 2, 0, 0, 2.000),
(2, 20, 6, 59, 1, 1, 0, 0.667),
(2, 20, 6, 60, 2, 0, 0, 2.000),
(2, 21, 1, 1, 0, 0, 2, 0.000),
(2, 21, 1, 2, 2, 0, 0, 2.000),
(2, 21, 1, 3, 0, 2, 0, -0.667),
(2, 21, 1, 4, 1, 1, 0, 0.667),
(2, 21, 1, 5, 1, 0, 1, 1.000),
(2, 21, 1, 6, 0, 1, 1, -0.333),
(2, 21, 1, 7, 1, 1, 0, 0.667),
(2, 21, 1, 8, 1, 1, 0, 0.667),
(2, 21, 1, 9, 0, 0, 2, 0.000),
(2, 21, 1, 10, 0, 1, 1, -0.333),
(2, 21, 2, 11, 0, 1, 0, -0.333),
(2, 21, 2, 12, 1, 0, 0, 1.000),
(2, 21, 2, 13, 0, 0, 1, 0.000),
(2, 21, 2, 14, 1, 0, 0, 1.000),
(2, 21, 2, 15, 1, 0, 0, 1.000),
(2, 21, 2, 16, 1, 0, 0, 1.000),
(2, 21, 2, 17, 0, 0, 1, 0.000),
(2, 21, 2, 18, 0, 0, 1, 0.000),
(2, 21, 2, 19, 1, 0, 0, 1.000),
(2, 21, 2, 20, 1, 0, 0, 1.000),
(2, 21, 3, 21, 1, 0, 0, 1.000),
(2, 21, 3, 22, 0, 0, 1, 0.000),
(2, 21, 3, 23, 1, 0, 0, 1.000),
(2, 21, 3, 24, 0, 0, 1, 0.000),
(2, 21, 3, 25, 1, 0, 0, 1.000),
(2, 21, 3, 26, 1, 0, 0, 1.000),
(2, 21, 3, 27, 0, 0, 1, 0.000),
(2, 21, 3, 28, 1, 0, 0, 1.000),
(2, 21, 3, 29, 1, 0, 0, 1.000),
(2, 21, 3, 30, 1, 0, 0, 1.000),
(2, 21, 4, 31, 1, 0, 0, 1.000),
(2, 21, 4, 32, 1, 0, 0, 1.000),
(2, 21, 4, 33, 1, 0, 0, 1.000),
(2, 21, 4, 34, 0, 0, 1, 0.000),
(2, 21, 4, 35, 1, 0, 0, 1.000),
(2, 21, 4, 36, 0, 1, 0, -0.333),
(2, 21, 4, 37, 1, 0, 0, 1.000),
(2, 21, 4, 38, 0, 1, 0, -0.333),
(2, 21, 4, 39, 0, 1, 0, -0.333),
(2, 21, 4, 40, 0, 1, 0, -0.333),
(2, 21, 5, 41, 1, 1, 0, 0.667),
(2, 21, 5, 42, 0, 2, 0, -0.667),
(2, 21, 5, 43, 0, 1, 1, -0.333),
(2, 21, 5, 44, 1, 1, 0, 0.667),
(2, 21, 5, 45, 0, 0, 2, 0.000),
(2, 21, 5, 46, 1, 1, 0, 0.667),
(2, 21, 5, 47, 1, 0, 1, 1.000),
(2, 21, 5, 48, 1, 0, 1, 1.000),
(2, 21, 5, 49, 2, 0, 0, 2.000),
(2, 21, 5, 50, 0, 1, 1, -0.333),
(2, 21, 6, 51, 2, 0, 0, 2.000),
(2, 21, 6, 52, 1, 1, 0, 0.667),
(2, 21, 6, 53, 1, 1, 0, 0.667),
(2, 21, 6, 54, 1, 1, 0, 0.667),
(2, 21, 6, 55, 1, 0, 1, 1.000),
(2, 21, 6, 56, 1, 1, 0, 0.667),
(2, 21, 6, 57, 0, 2, 0, -0.667),
(2, 21, 6, 58, 1, 1, 0, 0.667),
(2, 21, 6, 59, 1, 1, 0, 0.667),
(2, 21, 6, 60, 1, 1, 0, 0.667),
(2, 22, 1, 1, 0, 2, 0, -0.667),
(2, 22, 1, 2, 2, 0, 0, 2.000),
(2, 22, 1, 3, 2, 0, 0, 2.000),
(2, 22, 1, 4, 0, 2, 0, -0.667),
(2, 22, 1, 5, 1, 1, 0, 0.667),
(2, 22, 1, 6, 2, 0, 0, 2.000),
(2, 22, 1, 7, 0, 0, 2, 0.000),
(2, 22, 1, 8, 0, 1, 1, -0.333),
(2, 22, 1, 9, 0, 1, 1, -0.333),
(2, 22, 1, 10, 0, 0, 2, 0.000),
(2, 22, 2, 11, 1, 0, 0, 1.000),
(2, 22, 2, 12, 1, 0, 0, 1.000),
(2, 22, 2, 13, 0, 0, 1, 0.000),
(2, 22, 2, 14, 1, 0, 0, 1.000),
(2, 22, 2, 15, 0, 1, 0, -0.333),
(2, 22, 2, 16, 0, 1, 0, -0.333),
(2, 22, 2, 17, 1, 0, 0, 1.000),
(2, 22, 2, 18, 1, 0, 0, 1.000),
(2, 22, 2, 19, 1, 0, 0, 1.000),
(2, 22, 2, 20, 1, 0, 0, 1.000),
(2, 22, 3, 21, 0, 1, 0, -0.333),
(2, 22, 3, 22, 0, 1, 0, -0.333),
(2, 22, 3, 23, 1, 0, 0, 1.000),
(2, 22, 3, 24, 0, 1, 0, -0.333),
(2, 22, 3, 25, 1, 0, 0, 1.000),
(2, 22, 3, 26, 0, 0, 1, 0.000),
(2, 22, 3, 27, 1, 0, 0, 1.000),
(2, 22, 3, 28, 1, 0, 0, 1.000),
(2, 22, 3, 29, 1, 0, 0, 1.000),
(2, 22, 3, 30, 1, 0, 0, 1.000),
(2, 22, 4, 31, 0, 0, 1, 0.000),
(2, 22, 4, 32, 0, 1, 0, -0.333),
(2, 22, 4, 33, 1, 0, 0, 1.000),
(2, 22, 4, 34, 0, 0, 1, 0.000),
(2, 22, 4, 35, 1, 0, 0, 1.000),
(2, 22, 4, 36, 1, 0, 0, 1.000),
(2, 22, 4, 37, 1, 0, 0, 1.000),
(2, 22, 4, 38, 1, 0, 0, 1.000),
(2, 22, 4, 39, 1, 0, 0, 1.000),
(2, 22, 4, 40, 1, 0, 0, 1.000),
(2, 22, 5, 41, 0, 0, 2, 0.000),
(2, 22, 5, 42, 0, 0, 2, 0.000),
(2, 22, 5, 43, 1, 0, 1, 1.000),
(2, 22, 5, 44, 2, 0, 0, 2.000),
(2, 22, 5, 45, 0, 1, 1, -0.333),
(2, 22, 5, 46, 1, 1, 0, 0.667),
(2, 22, 5, 47, 0, 0, 2, 0.000),
(2, 22, 5, 48, 0, 0, 2, 0.000),
(2, 22, 5, 49, 1, 1, 0, 0.667),
(2, 22, 5, 50, 2, 0, 0, 2.000),
(2, 22, 6, 51, 1, 0, 1, 1.000),
(2, 22, 6, 52, 1, 1, 0, 0.667),
(2, 22, 6, 53, 1, 1, 0, 0.667),
(2, 22, 6, 54, 1, 0, 1, 1.000),
(2, 22, 6, 55, 0, 1, 1, -0.333),
(2, 22, 6, 56, 1, 0, 1, 1.000),
(2, 22, 6, 57, 0, 0, 2, 0.000),
(2, 22, 6, 58, 1, 1, 0, 0.667),
(2, 22, 6, 59, 1, 0, 1, 1.000),
(2, 22, 6, 60, 2, 0, 0, 2.000),
(2, 23, 1, 1, 0, 0, 2, 0.000),
(2, 23, 1, 2, 0, 1, 1, -0.333),
(2, 23, 1, 3, 0, 1, 1, -0.333),
(2, 23, 1, 4, 1, 0, 1, 1.000),
(2, 23, 1, 5, 2, 0, 0, 2.000),
(2, 23, 1, 6, 0, 1, 1, -0.333),
(2, 23, 1, 7, 1, 1, 0, 0.667),
(2, 23, 1, 8, 1, 1, 0, 0.667),
(2, 23, 1, 9, 1, 1, 0, 0.667),
(2, 23, 1, 10, 0, 1, 1, -0.333),
(2, 23, 2, 11, 1, 0, 0, 1.000),
(2, 23, 2, 12, 1, 0, 0, 1.000),
(2, 23, 2, 13, 0, 0, 1, 0.000),
(2, 23, 2, 14, 0, 0, 1, 0.000),
(2, 23, 2, 15, 0, 0, 1, 0.000),
(2, 23, 2, 16, 1, 0, 0, 1.000),
(2, 23, 2, 17, 1, 0, 0, 1.000),
(2, 23, 2, 18, 0, 1, 0, -0.333),
(2, 23, 2, 19, 0, 0, 1, 0.000),
(2, 23, 2, 20, 0, 1, 0, -0.333),
(2, 23, 3, 21, 1, 0, 0, 1.000),
(2, 23, 3, 22, 0, 0, 1, 0.000),
(2, 23, 3, 23, 1, 0, 0, 1.000),
(2, 23, 3, 24, 1, 0, 0, 1.000),
(2, 23, 3, 25, 1, 0, 0, 1.000),
(2, 23, 3, 26, 1, 0, 0, 1.000),
(2, 23, 3, 27, 0, 1, 0, -0.333),
(2, 23, 3, 28, 0, 0, 1, 0.000),
(2, 23, 3, 29, 1, 0, 0, 1.000),
(2, 23, 3, 30, 0, 0, 1, 0.000),
(2, 23, 4, 31, 1, 0, 0, 1.000),
(2, 23, 4, 32, 1, 0, 0, 1.000),
(2, 23, 4, 33, 0, 0, 1, 0.000),
(2, 23, 4, 34, 1, 0, 0, 1.000),
(2, 23, 4, 35, 0, 1, 0, -0.333),
(2, 23, 4, 36, 1, 0, 0, 1.000),
(2, 23, 4, 37, 0, 0, 1, 0.000),
(2, 23, 4, 38, 1, 0, 0, 1.000),
(2, 23, 4, 39, 1, 0, 0, 1.000),
(2, 23, 4, 40, 0, 1, 0, -0.333),
(2, 23, 5, 41, 1, 0, 1, 1.000),
(2, 23, 5, 42, 2, 0, 0, 2.000),
(2, 23, 5, 43, 1, 1, 0, 0.667),
(2, 23, 5, 44, 0, 1, 1, -0.333),
(2, 23, 5, 45, 0, 1, 1, -0.333),
(2, 23, 5, 46, 0, 1, 1, -0.333),
(2, 23, 5, 47, 0, 2, 0, -0.667),
(2, 23, 5, 48, 0, 1, 1, -0.333),
(2, 23, 5, 49, 0, 1, 1, -0.333),
(2, 23, 5, 50, 1, 0, 1, 1.000),
(2, 23, 6, 51, 0, 2, 0, -0.667),
(2, 23, 6, 52, 1, 0, 1, 1.000);
INSERT INTO `notlar` (`deneme_id`, `ogrenci_id`, `ders_kodu`, `konu_id`, `dogru`, `yanlis`, `bos`, `net`) VALUES
(2, 23, 6, 53, 1, 1, 0, 0.667),
(2, 23, 6, 54, 0, 0, 2, 0.000),
(2, 23, 6, 55, 0, 1, 1, -0.333),
(2, 23, 6, 56, 1, 1, 0, 0.667),
(2, 23, 6, 57, 1, 1, 0, 0.667),
(2, 23, 6, 58, 1, 0, 1, 1.000),
(2, 23, 6, 59, 0, 1, 1, -0.333),
(2, 23, 6, 60, 1, 0, 1, 1.000),
(2, 24, 1, 1, 0, 2, 0, -0.667),
(2, 24, 1, 2, 1, 0, 1, 1.000),
(2, 24, 1, 3, 1, 0, 1, 1.000),
(2, 24, 1, 4, 0, 2, 0, -0.667),
(2, 24, 1, 5, 1, 1, 0, 0.667),
(2, 24, 1, 6, 1, 0, 1, 1.000),
(2, 24, 1, 7, 1, 1, 0, 0.667),
(2, 24, 1, 8, 0, 0, 2, 0.000),
(2, 24, 1, 9, 0, 2, 0, -0.667),
(2, 24, 1, 10, 1, 0, 1, 1.000),
(2, 24, 2, 11, 0, 1, 0, -0.333),
(2, 24, 2, 12, 0, 0, 1, 0.000),
(2, 24, 2, 13, 1, 0, 0, 1.000),
(2, 24, 2, 14, 1, 0, 0, 1.000),
(2, 24, 2, 15, 0, 1, 0, -0.333),
(2, 24, 2, 16, 1, 0, 0, 1.000),
(2, 24, 2, 17, 1, 0, 0, 1.000),
(2, 24, 2, 18, 1, 0, 0, 1.000),
(2, 24, 2, 19, 0, 0, 1, 0.000),
(2, 24, 2, 20, 1, 0, 0, 1.000),
(2, 24, 3, 21, 1, 0, 0, 1.000),
(2, 24, 3, 22, 1, 0, 0, 1.000),
(2, 24, 3, 23, 1, 0, 0, 1.000),
(2, 24, 3, 24, 1, 0, 0, 1.000),
(2, 24, 3, 25, 0, 0, 1, 0.000),
(2, 24, 3, 26, 1, 0, 0, 1.000),
(2, 24, 3, 27, 0, 1, 0, -0.333),
(2, 24, 3, 28, 0, 0, 1, 0.000),
(2, 24, 3, 29, 1, 0, 0, 1.000),
(2, 24, 3, 30, 0, 0, 1, 0.000),
(2, 24, 4, 31, 1, 0, 0, 1.000),
(2, 24, 4, 32, 1, 0, 0, 1.000),
(2, 24, 4, 33, 1, 0, 0, 1.000),
(2, 24, 4, 34, 0, 0, 1, 0.000),
(2, 24, 4, 35, 0, 0, 1, 0.000),
(2, 24, 4, 36, 0, 1, 0, -0.333),
(2, 24, 4, 37, 1, 0, 0, 1.000),
(2, 24, 4, 38, 1, 0, 0, 1.000),
(2, 24, 4, 39, 0, 0, 1, 0.000),
(2, 24, 4, 40, 1, 0, 0, 1.000),
(2, 24, 5, 41, 0, 2, 0, -0.667),
(2, 24, 5, 42, 1, 0, 1, 1.000),
(2, 24, 5, 43, 1, 1, 0, 0.667),
(2, 24, 5, 44, 1, 0, 1, 1.000),
(2, 24, 5, 45, 0, 1, 1, -0.333),
(2, 24, 5, 46, 1, 0, 1, 1.000),
(2, 24, 5, 47, 1, 1, 0, 0.667),
(2, 24, 5, 48, 2, 0, 0, 2.000),
(2, 24, 5, 49, 1, 0, 1, 1.000),
(2, 24, 5, 50, 1, 0, 1, 1.000),
(2, 24, 6, 51, 1, 1, 0, 0.667),
(2, 24, 6, 52, 2, 0, 0, 2.000),
(2, 24, 6, 53, 2, 0, 0, 2.000),
(2, 24, 6, 54, 0, 2, 0, -0.667),
(2, 24, 6, 55, 1, 1, 0, 0.667),
(2, 24, 6, 56, 2, 0, 0, 2.000),
(2, 24, 6, 57, 2, 0, 0, 2.000),
(2, 24, 6, 58, 0, 2, 0, -0.667),
(2, 24, 6, 59, 0, 1, 1, -0.333),
(2, 24, 6, 60, 1, 0, 1, 1.000),
(2, 25, 1, 1, 1, 1, 0, 0.667),
(2, 25, 1, 2, 0, 1, 1, -0.333),
(2, 25, 1, 3, 0, 1, 1, -0.333),
(2, 25, 1, 4, 0, 2, 0, -0.667),
(2, 25, 1, 5, 1, 0, 1, 1.000),
(2, 25, 1, 6, 0, 0, 2, 0.000),
(2, 25, 1, 7, 2, 0, 0, 2.000),
(2, 25, 1, 8, 1, 1, 0, 0.667),
(2, 25, 1, 9, 0, 0, 2, 0.000),
(2, 25, 1, 10, 1, 1, 0, 0.667),
(2, 25, 2, 11, 0, 0, 1, 0.000),
(2, 25, 2, 12, 1, 0, 0, 1.000),
(2, 25, 2, 13, 1, 0, 0, 1.000),
(2, 25, 2, 14, 0, 0, 1, 0.000),
(2, 25, 2, 15, 1, 0, 0, 1.000),
(2, 25, 2, 16, 1, 0, 0, 1.000),
(2, 25, 2, 17, 0, 1, 0, -0.333),
(2, 25, 2, 18, 0, 1, 0, -0.333),
(2, 25, 2, 19, 1, 0, 0, 1.000),
(2, 25, 2, 20, 0, 0, 1, 0.000),
(2, 25, 3, 21, 1, 0, 0, 1.000),
(2, 25, 3, 22, 1, 0, 0, 1.000),
(2, 25, 3, 23, 1, 0, 0, 1.000),
(2, 25, 3, 24, 1, 0, 0, 1.000),
(2, 25, 3, 25, 0, 0, 1, 0.000),
(2, 25, 3, 26, 1, 0, 0, 1.000),
(2, 25, 3, 27, 1, 0, 0, 1.000),
(2, 25, 3, 28, 1, 0, 0, 1.000),
(2, 25, 3, 29, 1, 0, 0, 1.000),
(2, 25, 3, 30, 1, 0, 0, 1.000),
(2, 25, 4, 31, 1, 0, 0, 1.000),
(2, 25, 4, 32, 1, 0, 0, 1.000),
(2, 25, 4, 33, 0, 0, 1, 0.000),
(2, 25, 4, 34, 0, 0, 1, 0.000),
(2, 25, 4, 35, 0, 0, 1, 0.000),
(2, 25, 4, 36, 1, 0, 0, 1.000),
(2, 25, 4, 37, 0, 1, 0, -0.333),
(2, 25, 4, 38, 0, 0, 1, 0.000),
(2, 25, 4, 39, 0, 1, 0, -0.333),
(2, 25, 4, 40, 0, 0, 1, 0.000),
(2, 25, 5, 41, 2, 0, 0, 2.000),
(2, 25, 5, 42, 0, 0, 2, 0.000),
(2, 25, 5, 43, 1, 1, 0, 0.667),
(2, 25, 5, 44, 0, 1, 1, -0.333),
(2, 25, 5, 45, 1, 1, 0, 0.667),
(2, 25, 5, 46, 0, 1, 1, -0.333),
(2, 25, 5, 47, 1, 0, 1, 1.000),
(2, 25, 5, 48, 0, 0, 2, 0.000),
(2, 25, 5, 49, 0, 1, 1, -0.333),
(2, 25, 5, 50, 1, 1, 0, 0.667),
(2, 25, 6, 51, 1, 1, 0, 0.667),
(2, 25, 6, 52, 0, 1, 1, -0.333),
(2, 25, 6, 53, 0, 1, 1, -0.333),
(2, 25, 6, 54, 2, 0, 0, 2.000),
(2, 25, 6, 55, 0, 1, 1, -0.333),
(2, 25, 6, 56, 1, 0, 1, 1.000),
(2, 25, 6, 57, 0, 2, 0, -0.667),
(2, 25, 6, 58, 1, 0, 1, 1.000),
(2, 25, 6, 59, 1, 1, 0, 0.667),
(2, 25, 6, 60, 0, 0, 2, 0.000),
(2, 26, 1, 1, 1, 1, 0, 0.667),
(2, 26, 1, 2, 2, 0, 0, 2.000),
(2, 26, 1, 3, 0, 0, 2, 0.000),
(2, 26, 1, 4, 0, 2, 0, -0.667),
(2, 26, 1, 5, 2, 0, 0, 2.000),
(2, 26, 1, 6, 0, 0, 2, 0.000),
(2, 26, 1, 7, 0, 1, 1, -0.333),
(2, 26, 1, 8, 0, 0, 2, 0.000),
(2, 26, 1, 9, 0, 2, 0, -0.667),
(2, 26, 1, 10, 1, 1, 0, 0.667),
(2, 26, 2, 11, 1, 0, 0, 1.000),
(2, 26, 2, 12, 1, 0, 0, 1.000),
(2, 26, 2, 13, 0, 0, 1, 0.000),
(2, 26, 2, 14, 0, 0, 1, 0.000),
(2, 26, 2, 15, 1, 0, 0, 1.000),
(2, 26, 2, 16, 1, 0, 0, 1.000),
(2, 26, 2, 17, 1, 0, 0, 1.000),
(2, 26, 2, 18, 0, 0, 1, 0.000),
(2, 26, 2, 19, 1, 0, 0, 1.000),
(2, 26, 2, 20, 1, 0, 0, 1.000),
(2, 26, 3, 21, 0, 1, 0, -0.333),
(2, 26, 3, 22, 1, 0, 0, 1.000),
(2, 26, 3, 23, 1, 0, 0, 1.000),
(2, 26, 3, 24, 1, 0, 0, 1.000),
(2, 26, 3, 25, 0, 0, 1, 0.000),
(2, 26, 3, 26, 0, 0, 1, 0.000),
(2, 26, 3, 27, 1, 0, 0, 1.000),
(2, 26, 3, 28, 1, 0, 0, 1.000),
(2, 26, 3, 29, 0, 0, 1, 0.000),
(2, 26, 3, 30, 0, 0, 1, 0.000),
(2, 26, 4, 31, 1, 0, 0, 1.000),
(2, 26, 4, 32, 1, 0, 0, 1.000),
(2, 26, 4, 33, 0, 1, 0, -0.333),
(2, 26, 4, 34, 1, 0, 0, 1.000),
(2, 26, 4, 35, 1, 0, 0, 1.000),
(2, 26, 4, 36, 0, 1, 0, -0.333),
(2, 26, 4, 37, 0, 0, 1, 0.000),
(2, 26, 4, 38, 0, 0, 1, 0.000),
(2, 26, 4, 39, 0, 0, 1, 0.000),
(2, 26, 4, 40, 1, 0, 0, 1.000),
(2, 26, 5, 41, 0, 1, 1, -0.333),
(2, 26, 5, 42, 1, 1, 0, 0.667),
(2, 26, 5, 43, 0, 1, 1, -0.333),
(2, 26, 5, 44, 0, 2, 0, -0.667),
(2, 26, 5, 45, 1, 1, 0, 0.667),
(2, 26, 5, 46, 1, 1, 0, 0.667),
(2, 26, 5, 47, 2, 0, 0, 2.000),
(2, 26, 5, 48, 1, 0, 1, 1.000),
(2, 26, 5, 49, 1, 0, 1, 1.000),
(2, 26, 5, 50, 1, 1, 0, 0.667),
(2, 26, 6, 51, 0, 1, 1, -0.333),
(2, 26, 6, 52, 0, 1, 1, -0.333),
(2, 26, 6, 53, 0, 1, 1, -0.333),
(2, 26, 6, 54, 1, 0, 1, 1.000),
(2, 26, 6, 55, 0, 2, 0, -0.667),
(2, 26, 6, 56, 0, 1, 1, -0.333),
(2, 26, 6, 57, 0, 0, 2, 0.000),
(2, 26, 6, 58, 1, 1, 0, 0.667),
(2, 26, 6, 59, 1, 1, 0, 0.667),
(2, 26, 6, 60, 0, 1, 1, -0.333),
(2, 27, 1, 1, 2, 0, 0, 2.000),
(2, 27, 1, 2, 0, 1, 1, -0.333),
(2, 27, 1, 3, 0, 2, 0, -0.667),
(2, 27, 1, 4, 1, 1, 0, 0.667),
(2, 27, 1, 5, 1, 0, 1, 1.000),
(2, 27, 1, 6, 1, 0, 1, 1.000),
(2, 27, 1, 7, 0, 0, 2, 0.000),
(2, 27, 1, 8, 1, 0, 1, 1.000),
(2, 27, 1, 9, 1, 1, 0, 0.667),
(2, 27, 1, 10, 2, 0, 0, 2.000),
(2, 27, 2, 11, 1, 0, 0, 1.000),
(2, 27, 2, 12, 0, 1, 0, -0.333),
(2, 27, 2, 13, 1, 0, 0, 1.000),
(2, 27, 2, 14, 0, 0, 1, 0.000),
(2, 27, 2, 15, 0, 1, 0, -0.333),
(2, 27, 2, 16, 1, 0, 0, 1.000),
(2, 27, 2, 17, 1, 0, 0, 1.000),
(2, 27, 2, 18, 1, 0, 0, 1.000),
(2, 27, 2, 19, 1, 0, 0, 1.000),
(2, 27, 2, 20, 0, 0, 1, 0.000),
(2, 27, 3, 21, 1, 0, 0, 1.000),
(2, 27, 3, 22, 0, 1, 0, -0.333),
(2, 27, 3, 23, 1, 0, 0, 1.000),
(2, 27, 3, 24, 0, 0, 1, 0.000),
(2, 27, 3, 25, 1, 0, 0, 1.000),
(2, 27, 3, 26, 0, 1, 0, -0.333),
(2, 27, 3, 27, 0, 1, 0, -0.333),
(2, 27, 3, 28, 1, 0, 0, 1.000),
(2, 27, 3, 29, 0, 0, 1, 0.000),
(2, 27, 3, 30, 1, 0, 0, 1.000),
(2, 27, 4, 31, 1, 0, 0, 1.000),
(2, 27, 4, 32, 0, 1, 0, -0.333),
(2, 27, 4, 33, 1, 0, 0, 1.000),
(2, 27, 4, 34, 1, 0, 0, 1.000),
(2, 27, 4, 35, 0, 1, 0, -0.333),
(2, 27, 4, 36, 1, 0, 0, 1.000),
(2, 27, 4, 37, 1, 0, 0, 1.000),
(2, 27, 4, 38, 1, 0, 0, 1.000),
(2, 27, 4, 39, 0, 1, 0, -0.333),
(2, 27, 4, 40, 0, 1, 0, -0.333),
(2, 27, 5, 41, 0, 1, 1, -0.333),
(2, 27, 5, 42, 1, 0, 1, 1.000),
(2, 27, 5, 43, 2, 0, 0, 2.000),
(2, 27, 5, 44, 0, 0, 2, 0.000),
(2, 27, 5, 45, 0, 2, 0, -0.667),
(2, 27, 5, 46, 1, 0, 1, 1.000),
(2, 27, 5, 47, 1, 0, 1, 1.000),
(2, 27, 5, 48, 0, 2, 0, -0.667),
(2, 27, 5, 49, 0, 1, 1, -0.333),
(2, 27, 5, 50, 0, 2, 0, -0.667),
(2, 27, 6, 51, 2, 0, 0, 2.000),
(2, 27, 6, 52, 1, 0, 1, 1.000),
(2, 27, 6, 53, 0, 0, 2, 0.000),
(2, 27, 6, 54, 1, 1, 0, 0.667),
(2, 27, 6, 55, 1, 1, 0, 0.667),
(2, 27, 6, 56, 1, 0, 1, 1.000),
(2, 27, 6, 57, 2, 0, 0, 2.000),
(2, 27, 6, 58, 1, 0, 1, 1.000),
(2, 27, 6, 59, 0, 1, 1, -0.333),
(2, 27, 6, 60, 0, 1, 1, -0.333),
(2, 28, 1, 1, 0, 1, 1, -0.333),
(2, 28, 1, 2, 1, 1, 0, 0.667),
(2, 28, 1, 3, 0, 2, 0, -0.667),
(2, 28, 1, 4, 1, 1, 0, 0.667),
(2, 28, 1, 5, 0, 2, 0, -0.667),
(2, 28, 1, 6, 0, 0, 2, 0.000),
(2, 28, 1, 7, 0, 1, 1, -0.333),
(2, 28, 1, 8, 0, 1, 1, -0.333),
(2, 28, 1, 9, 0, 1, 1, -0.333),
(2, 28, 1, 10, 1, 1, 0, 0.667),
(2, 28, 2, 11, 0, 1, 0, -0.333),
(2, 28, 2, 12, 1, 0, 0, 1.000),
(2, 28, 2, 13, 0, 1, 0, -0.333),
(2, 28, 2, 14, 0, 1, 0, -0.333),
(2, 28, 2, 15, 0, 0, 1, 0.000),
(2, 28, 2, 16, 1, 0, 0, 1.000),
(2, 28, 2, 17, 0, 0, 1, 0.000),
(2, 28, 2, 18, 1, 0, 0, 1.000),
(2, 28, 2, 19, 0, 0, 1, 0.000),
(2, 28, 2, 20, 1, 0, 0, 1.000),
(2, 28, 3, 21, 1, 0, 0, 1.000),
(2, 28, 3, 22, 1, 0, 0, 1.000),
(2, 28, 3, 23, 0, 1, 0, -0.333),
(2, 28, 3, 24, 0, 0, 1, 0.000),
(2, 28, 3, 25, 1, 0, 0, 1.000),
(2, 28, 3, 26, 0, 1, 0, -0.333),
(2, 28, 3, 27, 0, 0, 1, 0.000),
(2, 28, 3, 28, 1, 0, 0, 1.000),
(2, 28, 3, 29, 1, 0, 0, 1.000),
(2, 28, 3, 30, 0, 1, 0, -0.333),
(2, 28, 4, 31, 1, 0, 0, 1.000),
(2, 28, 4, 32, 1, 0, 0, 1.000),
(2, 28, 4, 33, 1, 0, 0, 1.000),
(2, 28, 4, 34, 1, 0, 0, 1.000),
(2, 28, 4, 35, 0, 1, 0, -0.333),
(2, 28, 4, 36, 0, 0, 1, 0.000),
(2, 28, 4, 37, 0, 0, 1, 0.000),
(2, 28, 4, 38, 1, 0, 0, 1.000),
(2, 28, 4, 39, 1, 0, 0, 1.000),
(2, 28, 4, 40, 1, 0, 0, 1.000),
(2, 28, 5, 41, 0, 0, 2, 0.000),
(2, 28, 5, 42, 1, 1, 0, 0.667),
(2, 28, 5, 43, 0, 2, 0, -0.667),
(2, 28, 5, 44, 1, 1, 0, 0.667),
(2, 28, 5, 45, 1, 1, 0, 0.667),
(2, 28, 5, 46, 0, 2, 0, -0.667),
(2, 28, 5, 47, 1, 1, 0, 0.667),
(2, 28, 5, 48, 2, 0, 0, 2.000),
(2, 28, 5, 49, 0, 1, 1, -0.333),
(2, 28, 5, 50, 0, 1, 1, -0.333),
(2, 28, 6, 51, 0, 0, 2, 0.000),
(2, 28, 6, 52, 0, 1, 1, -0.333),
(2, 28, 6, 53, 0, 0, 2, 0.000),
(2, 28, 6, 54, 1, 0, 1, 1.000),
(2, 28, 6, 55, 1, 0, 1, 1.000),
(2, 28, 6, 56, 1, 1, 0, 0.667),
(2, 28, 6, 57, 0, 2, 0, -0.667),
(2, 28, 6, 58, 0, 2, 0, -0.667),
(2, 28, 6, 59, 1, 1, 0, 0.667),
(2, 28, 6, 60, 0, 2, 0, -0.667),
(2, 29, 1, 1, 0, 1, 1, -0.333),
(2, 29, 1, 2, 1, 1, 0, 0.667),
(2, 29, 1, 3, 1, 1, 0, 0.667),
(2, 29, 1, 4, 0, 1, 1, -0.333),
(2, 29, 1, 5, 1, 1, 0, 0.667),
(2, 29, 1, 6, 1, 0, 1, 1.000),
(2, 29, 1, 7, 0, 0, 2, 0.000),
(2, 29, 1, 8, 0, 2, 0, -0.667),
(2, 29, 1, 9, 1, 1, 0, 0.667),
(2, 29, 1, 10, 1, 0, 1, 1.000),
(2, 29, 2, 11, 1, 0, 0, 1.000),
(2, 29, 2, 12, 1, 0, 0, 1.000),
(2, 29, 2, 13, 1, 0, 0, 1.000),
(2, 29, 2, 14, 1, 0, 0, 1.000),
(2, 29, 2, 15, 1, 0, 0, 1.000),
(2, 29, 2, 16, 0, 0, 1, 0.000),
(2, 29, 2, 17, 1, 0, 0, 1.000),
(2, 29, 2, 18, 1, 0, 0, 1.000),
(2, 29, 2, 19, 1, 0, 0, 1.000),
(2, 29, 2, 20, 1, 0, 0, 1.000),
(2, 29, 3, 21, 0, 0, 1, 0.000),
(2, 29, 3, 22, 1, 0, 0, 1.000),
(2, 29, 3, 23, 0, 1, 0, -0.333),
(2, 29, 3, 24, 0, 0, 1, 0.000),
(2, 29, 3, 25, 0, 0, 1, 0.000),
(2, 29, 3, 26, 0, 0, 1, 0.000),
(2, 29, 3, 27, 0, 0, 1, 0.000),
(2, 29, 3, 28, 1, 0, 0, 1.000),
(2, 29, 3, 29, 0, 1, 0, -0.333),
(2, 29, 3, 30, 1, 0, 0, 1.000),
(2, 29, 4, 31, 1, 0, 0, 1.000),
(2, 29, 4, 32, 0, 0, 1, 0.000),
(2, 29, 4, 33, 1, 0, 0, 1.000),
(2, 29, 4, 34, 0, 0, 1, 0.000),
(2, 29, 4, 35, 1, 0, 0, 1.000),
(2, 29, 4, 36, 1, 0, 0, 1.000),
(2, 29, 4, 37, 1, 0, 0, 1.000),
(2, 29, 4, 38, 0, 0, 1, 0.000),
(2, 29, 4, 39, 0, 0, 1, 0.000),
(2, 29, 4, 40, 0, 0, 1, 0.000),
(2, 29, 5, 41, 1, 1, 0, 0.667),
(2, 29, 5, 42, 0, 0, 2, 0.000),
(2, 29, 5, 43, 0, 0, 2, 0.000),
(2, 29, 5, 44, 0, 1, 1, -0.333),
(2, 29, 5, 45, 0, 0, 2, 0.000),
(2, 29, 5, 46, 1, 1, 0, 0.667),
(2, 29, 5, 47, 0, 1, 1, -0.333),
(2, 29, 5, 48, 0, 2, 0, -0.667),
(2, 29, 5, 49, 1, 1, 0, 0.667),
(2, 29, 5, 50, 1, 1, 0, 0.667),
(2, 29, 6, 51, 1, 0, 1, 1.000),
(2, 29, 6, 52, 0, 2, 0, -0.667),
(2, 29, 6, 53, 0, 1, 1, -0.333),
(2, 29, 6, 54, 1, 0, 1, 1.000),
(2, 29, 6, 55, 1, 0, 1, 1.000),
(2, 29, 6, 56, 1, 1, 0, 0.667),
(2, 29, 6, 57, 1, 1, 0, 0.667),
(2, 29, 6, 58, 0, 1, 1, -0.333),
(2, 29, 6, 59, 0, 1, 1, -0.333),
(2, 29, 6, 60, 1, 1, 0, 0.667),
(2, 30, 1, 1, 1, 1, 0, 0.667),
(2, 30, 1, 2, 0, 1, 1, -0.333),
(2, 30, 1, 3, 2, 0, 0, 2.000),
(2, 30, 1, 4, 0, 1, 1, -0.333),
(2, 30, 1, 5, 1, 0, 1, 1.000),
(2, 30, 1, 6, 2, 0, 0, 2.000),
(2, 30, 1, 7, 1, 0, 1, 1.000),
(2, 30, 1, 8, 1, 1, 0, 0.667),
(2, 30, 1, 9, 1, 0, 1, 1.000),
(2, 30, 1, 10, 1, 1, 0, 0.667),
(2, 30, 2, 11, 0, 1, 0, -0.333),
(2, 30, 2, 12, 0, 1, 0, -0.333),
(2, 30, 2, 13, 1, 0, 0, 1.000),
(2, 30, 2, 14, 1, 0, 0, 1.000),
(2, 30, 2, 15, 0, 1, 0, -0.333),
(2, 30, 2, 16, 1, 0, 0, 1.000),
(2, 30, 2, 17, 0, 0, 1, 0.000),
(2, 30, 2, 18, 0, 0, 1, 0.000),
(2, 30, 2, 19, 1, 0, 0, 1.000),
(2, 30, 2, 20, 0, 1, 0, -0.333),
(2, 30, 3, 21, 1, 0, 0, 1.000),
(2, 30, 3, 22, 1, 0, 0, 1.000),
(2, 30, 3, 23, 0, 0, 1, 0.000),
(2, 30, 3, 24, 0, 0, 1, 0.000),
(2, 30, 3, 25, 1, 0, 0, 1.000),
(2, 30, 3, 26, 1, 0, 0, 1.000),
(2, 30, 3, 27, 1, 0, 0, 1.000),
(2, 30, 3, 28, 0, 0, 1, 0.000),
(2, 30, 3, 29, 0, 0, 1, 0.000),
(2, 30, 3, 30, 1, 0, 0, 1.000),
(2, 30, 4, 31, 0, 0, 1, 0.000),
(2, 30, 4, 32, 0, 1, 0, -0.333),
(2, 30, 4, 33, 0, 0, 1, 0.000),
(2, 30, 4, 34, 0, 1, 0, -0.333),
(2, 30, 4, 35, 0, 1, 0, -0.333),
(2, 30, 4, 36, 1, 0, 0, 1.000),
(2, 30, 4, 37, 0, 0, 1, 0.000),
(2, 30, 4, 38, 1, 0, 0, 1.000),
(2, 30, 4, 39, 1, 0, 0, 1.000),
(2, 30, 4, 40, 1, 0, 0, 1.000),
(2, 30, 5, 41, 1, 1, 0, 0.667),
(2, 30, 5, 42, 0, 1, 1, -0.333),
(2, 30, 5, 43, 0, 1, 1, -0.333),
(2, 30, 5, 44, 0, 1, 1, -0.333),
(2, 30, 5, 45, 0, 2, 0, -0.667),
(2, 30, 5, 46, 1, 0, 1, 1.000),
(2, 30, 5, 47, 1, 1, 0, 0.667),
(2, 30, 5, 48, 0, 0, 2, 0.000),
(2, 30, 5, 49, 1, 0, 1, 1.000),
(2, 30, 5, 50, 1, 1, 0, 0.667),
(2, 30, 6, 51, 1, 0, 1, 1.000),
(2, 30, 6, 52, 0, 1, 1, -0.333),
(2, 30, 6, 53, 1, 1, 0, 0.667),
(2, 30, 6, 54, 1, 0, 1, 1.000),
(2, 30, 6, 55, 0, 2, 0, -0.667),
(2, 30, 6, 56, 2, 0, 0, 2.000),
(2, 30, 6, 57, 0, 1, 1, -0.333),
(2, 30, 6, 58, 1, 1, 0, 0.667),
(2, 30, 6, 59, 1, 1, 0, 0.667),
(2, 30, 6, 60, 0, 1, 1, -0.333),
(2, 31, 1, 1, 1, 0, 1, 1.000),
(2, 31, 1, 2, 1, 0, 1, 1.000),
(2, 31, 1, 3, 1, 0, 1, 1.000),
(2, 31, 1, 4, 0, 2, 0, -0.667),
(2, 31, 1, 5, 2, 0, 0, 2.000),
(2, 31, 1, 6, 0, 1, 1, -0.333),
(2, 31, 1, 7, 0, 2, 0, -0.667),
(2, 31, 1, 8, 0, 2, 0, -0.667),
(2, 31, 1, 9, 0, 2, 0, -0.667),
(2, 31, 1, 10, 0, 1, 1, -0.333),
(2, 31, 2, 11, 1, 0, 0, 1.000),
(2, 31, 2, 12, 0, 1, 0, -0.333),
(2, 31, 2, 13, 1, 0, 0, 1.000),
(2, 31, 2, 14, 1, 0, 0, 1.000),
(2, 31, 2, 15, 1, 0, 0, 1.000),
(2, 31, 2, 16, 1, 0, 0, 1.000),
(2, 31, 2, 17, 1, 0, 0, 1.000),
(2, 31, 2, 18, 0, 1, 0, -0.333),
(2, 31, 2, 19, 1, 0, 0, 1.000),
(2, 31, 2, 20, 0, 1, 0, -0.333),
(2, 31, 3, 21, 1, 0, 0, 1.000),
(2, 31, 3, 22, 0, 1, 0, -0.333),
(2, 31, 3, 23, 1, 0, 0, 1.000),
(2, 31, 3, 24, 1, 0, 0, 1.000),
(2, 31, 3, 25, 1, 0, 0, 1.000),
(2, 31, 3, 26, 1, 0, 0, 1.000),
(2, 31, 3, 27, 1, 0, 0, 1.000),
(2, 31, 3, 28, 0, 1, 0, -0.333),
(2, 31, 3, 29, 1, 0, 0, 1.000),
(2, 31, 3, 30, 0, 0, 1, 0.000),
(2, 31, 4, 31, 0, 0, 1, 0.000),
(2, 31, 4, 32, 0, 1, 0, -0.333),
(2, 31, 4, 33, 0, 1, 0, -0.333),
(2, 31, 4, 34, 1, 0, 0, 1.000),
(2, 31, 4, 35, 1, 0, 0, 1.000),
(2, 31, 4, 36, 1, 0, 0, 1.000),
(2, 31, 4, 37, 1, 0, 0, 1.000),
(2, 31, 4, 38, 1, 0, 0, 1.000),
(2, 31, 4, 39, 0, 1, 0, -0.333),
(2, 31, 4, 40, 1, 0, 0, 1.000),
(2, 31, 5, 41, 0, 0, 2, 0.000),
(2, 31, 5, 42, 0, 1, 1, -0.333),
(2, 31, 5, 43, 1, 0, 1, 1.000),
(2, 31, 5, 44, 0, 0, 2, 0.000),
(2, 31, 5, 45, 2, 0, 0, 2.000),
(2, 31, 5, 46, 0, 1, 1, -0.333),
(2, 31, 5, 47, 0, 1, 1, -0.333),
(2, 31, 5, 48, 0, 2, 0, -0.667),
(2, 31, 5, 49, 0, 1, 1, -0.333),
(2, 31, 5, 50, 1, 1, 0, 0.667),
(2, 31, 6, 51, 2, 0, 0, 2.000),
(2, 31, 6, 52, 1, 0, 1, 1.000),
(2, 31, 6, 53, 1, 0, 1, 1.000),
(2, 31, 6, 54, 1, 0, 1, 1.000),
(2, 31, 6, 55, 2, 0, 0, 2.000),
(2, 31, 6, 56, 1, 1, 0, 0.667),
(2, 31, 6, 57, 1, 1, 0, 0.667),
(2, 31, 6, 58, 0, 1, 1, -0.333),
(2, 31, 6, 59, 0, 1, 1, -0.333),
(2, 31, 6, 60, 0, 1, 1, -0.333),
(2, 32, 1, 1, 0, 0, 2, 0.000),
(2, 32, 1, 2, 0, 1, 1, -0.333),
(2, 32, 1, 3, 1, 1, 0, 0.667),
(2, 32, 1, 4, 0, 2, 0, -0.667),
(2, 32, 1, 5, 0, 1, 1, -0.333),
(2, 32, 1, 6, 0, 2, 0, -0.667),
(2, 32, 1, 7, 0, 2, 0, -0.667),
(2, 32, 1, 8, 0, 1, 1, -0.333),
(2, 32, 1, 9, 1, 0, 1, 1.000),
(2, 32, 1, 10, 0, 1, 1, -0.333),
(2, 32, 2, 11, 0, 0, 1, 0.000),
(2, 32, 2, 12, 0, 1, 0, -0.333),
(2, 32, 2, 13, 0, 1, 0, -0.333),
(2, 32, 2, 14, 0, 1, 0, -0.333),
(2, 32, 2, 15, 0, 1, 0, -0.333),
(2, 32, 2, 16, 0, 1, 0, -0.333),
(2, 32, 2, 17, 0, 1, 0, -0.333),
(2, 32, 2, 18, 0, 0, 1, 0.000),
(2, 32, 2, 19, 1, 0, 0, 1.000),
(2, 32, 2, 20, 1, 0, 0, 1.000),
(2, 32, 3, 21, 1, 0, 0, 1.000),
(2, 32, 3, 22, 0, 1, 0, -0.333),
(2, 32, 3, 23, 0, 0, 1, 0.000),
(2, 32, 3, 24, 1, 0, 0, 1.000),
(2, 32, 3, 25, 0, 1, 0, -0.333),
(2, 32, 3, 26, 0, 1, 0, -0.333),
(2, 32, 3, 27, 0, 1, 0, -0.333),
(2, 32, 3, 28, 1, 0, 0, 1.000),
(2, 32, 3, 29, 0, 0, 1, 0.000),
(2, 32, 3, 30, 0, 0, 1, 0.000),
(2, 32, 4, 31, 1, 0, 0, 1.000),
(2, 32, 4, 32, 0, 0, 1, 0.000),
(2, 32, 4, 33, 0, 0, 1, 0.000),
(2, 32, 4, 34, 1, 0, 0, 1.000),
(2, 32, 4, 35, 0, 0, 1, 0.000),
(2, 32, 4, 36, 0, 1, 0, -0.333),
(2, 32, 4, 37, 0, 0, 1, 0.000),
(2, 32, 4, 38, 0, 1, 0, -0.333),
(2, 32, 4, 39, 0, 0, 1, 0.000),
(2, 32, 4, 40, 0, 1, 0, -0.333),
(2, 32, 5, 41, 0, 0, 2, 0.000),
(2, 32, 5, 42, 0, 1, 1, -0.333),
(2, 32, 5, 43, 1, 1, 0, 0.667),
(2, 32, 5, 44, 0, 1, 1, -0.333),
(2, 32, 5, 45, 0, 0, 2, 0.000),
(2, 32, 5, 46, 0, 0, 2, 0.000),
(2, 32, 5, 47, 0, 0, 2, 0.000),
(2, 32, 5, 48, 1, 0, 1, 1.000),
(2, 32, 5, 49, 0, 0, 2, 0.000),
(2, 32, 5, 50, 0, 0, 2, 0.000),
(2, 32, 6, 51, 0, 1, 1, -0.333),
(2, 32, 6, 52, 0, 1, 1, -0.333),
(2, 32, 6, 53, 1, 0, 1, 1.000),
(2, 32, 6, 54, 0, 1, 1, -0.333),
(2, 32, 6, 55, 1, 0, 1, 1.000),
(2, 32, 6, 56, 0, 1, 1, -0.333),
(2, 32, 6, 57, 0, 1, 1, -0.333),
(2, 32, 6, 58, 0, 1, 1, -0.333),
(2, 32, 6, 59, 0, 2, 0, -0.667),
(2, 32, 6, 60, 0, 2, 0, -0.667),
(2, 33, 1, 1, 1, 1, 0, 0.667),
(2, 33, 1, 2, 2, 0, 0, 2.000),
(2, 33, 1, 3, 2, 0, 0, 2.000),
(2, 33, 1, 4, 2, 0, 0, 2.000),
(2, 33, 1, 5, 2, 0, 0, 2.000),
(2, 33, 1, 6, 2, 0, 0, 2.000),
(2, 33, 1, 7, 2, 0, 0, 2.000),
(2, 33, 1, 8, 2, 0, 0, 2.000),
(2, 33, 1, 9, 2, 0, 0, 2.000),
(2, 33, 1, 10, 2, 0, 0, 2.000),
(2, 33, 2, 11, 1, 0, 0, 1.000),
(2, 33, 2, 12, 1, 0, 0, 1.000),
(2, 33, 2, 13, 0, 1, 0, -0.333),
(2, 33, 2, 14, 1, 0, 0, 1.000),
(2, 33, 2, 15, 1, 0, 0, 1.000),
(2, 33, 2, 16, 0, 1, 0, -0.333),
(2, 33, 2, 17, 0, 1, 0, -0.333),
(2, 33, 2, 18, 1, 0, 0, 1.000),
(2, 33, 2, 19, 0, 1, 0, -0.333),
(2, 33, 2, 20, 1, 0, 0, 1.000),
(2, 33, 3, 21, 1, 0, 0, 1.000),
(2, 33, 3, 22, 1, 0, 0, 1.000),
(2, 33, 3, 23, 1, 0, 0, 1.000),
(2, 33, 3, 24, 0, 0, 1, 0.000),
(2, 33, 3, 25, 1, 0, 0, 1.000),
(2, 33, 3, 26, 0, 0, 1, 0.000),
(2, 33, 3, 27, 1, 0, 0, 1.000),
(2, 33, 3, 28, 1, 0, 0, 1.000),
(2, 33, 3, 29, 1, 0, 0, 1.000),
(2, 33, 3, 30, 1, 0, 0, 1.000),
(2, 33, 4, 31, 1, 0, 0, 1.000),
(2, 33, 4, 32, 1, 0, 0, 1.000),
(2, 33, 4, 33, 1, 0, 0, 1.000),
(2, 33, 4, 34, 1, 0, 0, 1.000),
(2, 33, 4, 35, 1, 0, 0, 1.000),
(2, 33, 4, 36, 0, 1, 0, -0.333),
(2, 33, 4, 37, 1, 0, 0, 1.000),
(2, 33, 4, 38, 0, 1, 0, -0.333),
(2, 33, 4, 39, 1, 0, 0, 1.000),
(2, 33, 4, 40, 1, 0, 0, 1.000),
(2, 33, 5, 41, 2, 0, 0, 2.000),
(2, 33, 5, 42, 2, 0, 0, 2.000),
(2, 33, 5, 43, 1, 1, 0, 0.667),
(2, 33, 5, 44, 2, 0, 0, 2.000),
(2, 33, 5, 45, 2, 0, 0, 2.000),
(2, 33, 5, 46, 2, 0, 0, 2.000),
(2, 33, 5, 47, 1, 1, 0, 0.667),
(2, 33, 5, 48, 1, 1, 0, 0.667),
(2, 33, 5, 49, 2, 0, 0, 2.000),
(2, 33, 5, 50, 2, 0, 0, 2.000),
(2, 33, 6, 51, 2, 0, 0, 2.000),
(2, 33, 6, 52, 2, 0, 0, 2.000),
(2, 33, 6, 53, 2, 0, 0, 2.000),
(2, 33, 6, 54, 0, 1, 1, -0.333),
(2, 33, 6, 55, 1, 1, 0, 0.667),
(2, 33, 6, 56, 0, 1, 1, -0.333),
(2, 33, 6, 57, 2, 0, 0, 2.000),
(2, 33, 6, 58, 2, 0, 0, 2.000),
(2, 33, 6, 59, 2, 0, 0, 2.000),
(2, 33, 6, 60, 1, 1, 0, 0.667),
(3, 1, 1, 1, 0, 1, 1, -0.333),
(3, 1, 1, 2, 0, 1, 1, -0.333),
(3, 1, 1, 3, 1, 0, 1, 1.000),
(3, 1, 1, 4, 0, 1, 1, -0.333),
(3, 1, 1, 5, 0, 0, 2, 0.000),
(3, 1, 1, 6, 0, 0, 2, 0.000),
(3, 1, 1, 7, 0, 2, 0, -0.667),
(3, 1, 1, 8, 0, 1, 1, -0.333),
(3, 1, 1, 9, 1, 0, 1, 1.000),
(3, 1, 1, 10, 0, 2, 0, -0.667),
(3, 1, 2, 11, 1, 0, 0, 1.000),
(3, 1, 2, 12, 1, 0, 0, 1.000),
(3, 1, 2, 13, 1, 0, 0, 1.000),
(3, 1, 2, 14, 1, 0, 0, 1.000),
(3, 1, 2, 15, 1, 0, 0, 1.000),
(3, 1, 2, 16, 1, 0, 0, 1.000),
(3, 1, 2, 17, 1, 0, 0, 1.000),
(3, 1, 2, 18, 1, 0, 0, 1.000),
(3, 1, 2, 19, 1, 0, 0, 1.000),
(3, 1, 2, 20, 1, 0, 0, 1.000),
(3, 1, 3, 21, 0, 0, 0, 0.000),
(3, 1, 3, 22, 0, 0, 0, 0.000),
(3, 1, 3, 23, 0, 0, 0, 0.000),
(3, 1, 3, 24, 0, 0, 0, 0.000),
(3, 1, 3, 25, 0, 0, 0, 0.000),
(3, 1, 3, 26, 0, 0, 0, 0.000),
(3, 1, 3, 27, 0, 0, 0, 0.000),
(3, 1, 3, 28, 0, 0, 0, 0.000),
(3, 1, 3, 29, 0, 0, 0, 0.000),
(3, 1, 3, 30, 0, 0, 0, 0.000),
(3, 1, 4, 31, 1, 0, 0, 1.000),
(3, 1, 4, 32, 1, 0, 0, 1.000),
(3, 1, 4, 33, 1, 0, 0, 1.000),
(3, 1, 4, 34, 1, 0, 0, 1.000),
(3, 1, 4, 35, 1, 0, 0, 1.000),
(3, 1, 4, 36, 1, 0, 0, 1.000),
(3, 1, 4, 37, 1, 0, 0, 1.000),
(3, 1, 4, 38, 1, 0, 0, 1.000),
(3, 1, 4, 39, 1, 0, 0, 1.000),
(3, 1, 4, 40, 1, 0, 0, 1.000),
(3, 1, 5, 41, 1, 1, 0, 0.667),
(3, 1, 5, 42, 1, 1, 0, 0.667),
(3, 1, 5, 43, 1, 1, 0, 0.667),
(3, 1, 5, 44, 1, 1, 0, 0.667),
(3, 1, 5, 45, 1, 1, 0, 0.667),
(3, 1, 5, 46, 1, 1, 0, 0.667),
(3, 1, 5, 47, 1, 1, 0, 0.667),
(3, 1, 5, 48, 1, 1, 0, 0.667),
(3, 1, 5, 49, 1, 1, 0, 0.667),
(3, 1, 5, 50, 1, 1, 0, 0.667),
(3, 1, 6, 51, 1, 1, 0, 0.667),
(3, 1, 6, 52, 1, 1, 0, 0.667),
(3, 1, 6, 53, 1, 1, 0, 0.667),
(3, 1, 6, 54, 1, 1, 0, 0.667),
(3, 1, 6, 55, 1, 1, 0, 0.667),
(3, 1, 6, 56, 1, 1, 0, 0.667),
(3, 1, 6, 57, 1, 1, 0, 0.667),
(3, 1, 6, 58, 1, 1, 0, 0.667),
(3, 1, 6, 59, 1, 1, 0, 0.667),
(3, 1, 6, 60, 1, 1, 0, 0.667),
(3, 2, 1, 1, 2, 0, 0, 2.000),
(3, 2, 1, 2, 2, 0, 0, 2.000),
(3, 2, 1, 3, 1, 1, 0, 0.667),
(3, 2, 1, 4, 2, 0, 0, 2.000),
(3, 2, 1, 5, 1, 0, 1, 1.000),
(3, 2, 1, 6, 2, 0, 0, 2.000),
(3, 2, 1, 7, 2, 0, 0, 2.000),
(3, 2, 1, 8, 1, 1, 0, 0.667),
(3, 2, 1, 9, 2, 0, 0, 2.000),
(3, 2, 1, 10, 2, 0, 0, 2.000),
(3, 2, 2, 11, 1, 0, 0, 1.000),
(3, 2, 2, 12, 1, 0, 0, 1.000),
(3, 2, 2, 13, 0, 0, 1, 0.000),
(3, 2, 2, 14, 0, 0, 1, 0.000),
(3, 2, 2, 15, 0, 1, 0, -0.333),
(3, 2, 2, 16, 1, 0, 0, 1.000),
(3, 2, 2, 17, 1, 0, 0, 1.000),
(3, 2, 2, 18, 1, 0, 0, 1.000),
(3, 2, 2, 19, 0, 0, 1, 0.000),
(3, 2, 2, 20, 1, 0, 0, 1.000),
(3, 2, 3, 21, 1, 0, 0, 1.000),
(3, 2, 3, 22, 1, 0, 0, 1.000),
(3, 2, 3, 23, 1, 0, 0, 1.000),
(3, 2, 3, 24, 1, 0, 0, 1.000),
(3, 2, 3, 25, 0, 1, 0, -0.333),
(3, 2, 3, 26, 1, 0, 0, 1.000),
(3, 2, 3, 27, 1, 0, 0, 1.000),
(3, 2, 3, 28, 1, 0, 0, 1.000),
(3, 2, 3, 29, 1, 0, 0, 1.000),
(3, 2, 3, 30, 1, 0, 0, 1.000),
(3, 2, 4, 31, 0, 1, 0, -0.333),
(3, 2, 4, 32, 1, 0, 0, 1.000),
(3, 2, 4, 33, 0, 1, 0, -0.333),
(3, 2, 4, 34, 1, 0, 0, 1.000),
(3, 2, 4, 35, 0, 0, 1, 0.000),
(3, 2, 4, 36, 1, 0, 0, 1.000),
(3, 2, 4, 37, 1, 0, 0, 1.000),
(3, 2, 4, 38, 1, 0, 0, 1.000),
(3, 2, 4, 39, 1, 0, 0, 1.000),
(3, 2, 4, 40, 1, 0, 0, 1.000),
(3, 2, 5, 41, 1, 1, 0, 0.667),
(3, 2, 5, 42, 2, 0, 0, 2.000),
(3, 2, 5, 43, 2, 0, 0, 2.000),
(3, 2, 5, 44, 2, 0, 0, 2.000),
(3, 2, 5, 45, 2, 0, 0, 2.000),
(3, 2, 5, 46, 1, 0, 1, 1.000),
(3, 2, 5, 47, 2, 0, 0, 2.000),
(3, 2, 5, 48, 2, 0, 0, 2.000),
(3, 2, 5, 49, 2, 0, 0, 2.000),
(3, 2, 5, 50, 2, 0, 0, 2.000),
(3, 2, 6, 51, 2, 0, 0, 2.000),
(3, 2, 6, 52, 2, 0, 0, 2.000),
(3, 2, 6, 53, 2, 0, 0, 2.000),
(3, 2, 6, 54, 2, 0, 0, 2.000),
(3, 2, 6, 55, 2, 0, 0, 2.000),
(3, 2, 6, 56, 1, 1, 0, 0.667),
(3, 2, 6, 57, 2, 0, 0, 2.000),
(3, 2, 6, 58, 2, 0, 0, 2.000),
(3, 2, 6, 59, 0, 2, 0, -0.667),
(3, 2, 6, 60, 2, 0, 0, 2.000),
(3, 3, 1, 1, 2, 0, 0, 2.000),
(3, 3, 1, 2, 2, 0, 0, 2.000),
(3, 3, 1, 3, 2, 0, 0, 2.000),
(3, 3, 1, 4, 2, 0, 0, 2.000),
(3, 3, 1, 5, 2, 0, 0, 2.000),
(3, 3, 1, 6, 1, 1, 0, 0.667),
(3, 3, 1, 7, 2, 0, 0, 2.000),
(3, 3, 1, 8, 1, 1, 0, 0.667),
(3, 3, 1, 9, 2, 0, 0, 2.000),
(3, 3, 1, 10, 2, 0, 0, 2.000),
(3, 3, 2, 11, 1, 0, 0, 1.000),
(3, 3, 2, 12, 0, 1, 0, -0.333),
(3, 3, 2, 13, 0, 0, 1, 0.000),
(3, 3, 2, 14, 1, 0, 0, 1.000),
(3, 3, 2, 15, 1, 0, 0, 1.000),
(3, 3, 2, 16, 1, 0, 0, 1.000),
(3, 3, 2, 17, 1, 0, 0, 1.000),
(3, 3, 2, 18, 1, 0, 0, 1.000),
(3, 3, 2, 19, 1, 0, 0, 1.000),
(3, 3, 2, 20, 1, 0, 0, 1.000),
(3, 3, 3, 21, 1, 0, 0, 1.000),
(3, 3, 3, 22, 1, 0, 0, 1.000),
(3, 3, 3, 23, 1, 0, 0, 1.000),
(3, 3, 3, 24, 0, 0, 1, 0.000),
(3, 3, 3, 25, 1, 0, 0, 1.000),
(3, 3, 3, 26, 0, 1, 0, -0.333),
(3, 3, 3, 27, 1, 0, 0, 1.000),
(3, 3, 3, 28, 1, 0, 0, 1.000),
(3, 3, 3, 29, 1, 0, 0, 1.000),
(3, 3, 3, 30, 0, 1, 0, -0.333),
(3, 3, 4, 31, 0, 1, 0, -0.333),
(3, 3, 4, 32, 1, 0, 0, 1.000),
(3, 3, 4, 33, 0, 1, 0, -0.333),
(3, 3, 4, 34, 1, 0, 0, 1.000),
(3, 3, 4, 35, 1, 0, 0, 1.000),
(3, 3, 4, 36, 1, 0, 0, 1.000),
(3, 3, 4, 37, 1, 0, 0, 1.000),
(3, 3, 4, 38, 1, 0, 0, 1.000),
(3, 3, 4, 39, 1, 0, 0, 1.000),
(3, 3, 4, 40, 1, 0, 0, 1.000),
(3, 3, 5, 41, 1, 1, 0, 0.667),
(3, 3, 5, 42, 2, 0, 0, 2.000),
(3, 3, 5, 43, 2, 0, 0, 2.000),
(3, 3, 5, 44, 2, 0, 0, 2.000),
(3, 3, 5, 45, 2, 0, 0, 2.000),
(3, 3, 5, 46, 2, 0, 0, 2.000),
(3, 3, 5, 47, 2, 0, 0, 2.000),
(3, 3, 5, 48, 2, 0, 0, 2.000),
(3, 3, 5, 49, 2, 0, 0, 2.000),
(3, 3, 5, 50, 1, 0, 1, 1.000),
(3, 3, 6, 51, 1, 0, 1, 1.000),
(3, 3, 6, 52, 2, 0, 0, 2.000),
(3, 3, 6, 53, 0, 2, 0, -0.667),
(3, 3, 6, 54, 2, 0, 0, 2.000),
(3, 3, 6, 55, 2, 0, 0, 2.000),
(3, 3, 6, 56, 2, 0, 0, 2.000),
(3, 3, 6, 57, 2, 0, 0, 2.000),
(3, 3, 6, 58, 2, 0, 0, 2.000),
(3, 3, 6, 59, 2, 0, 0, 2.000),
(3, 3, 6, 60, 2, 0, 0, 2.000),
(3, 4, 1, 1, 0, 1, 1, -0.333),
(3, 4, 1, 2, 0, 0, 2, 0.000),
(3, 4, 1, 3, 0, 1, 1, -0.333),
(3, 4, 1, 4, 0, 0, 2, 0.000),
(3, 4, 1, 5, 0, 0, 2, 0.000),
(3, 4, 1, 6, 0, 1, 1, -0.333),
(3, 4, 1, 7, 1, 0, 1, 1.000),
(3, 4, 1, 8, 1, 1, 0, 0.667),
(3, 4, 1, 9, 1, 1, 0, 0.667),
(3, 4, 1, 10, 1, 1, 0, 0.667),
(3, 4, 2, 11, 1, 0, 0, 1.000),
(3, 4, 2, 12, 0, 0, 1, 0.000),
(3, 4, 2, 13, 1, 0, 0, 1.000),
(3, 4, 2, 14, 1, 0, 0, 1.000),
(3, 4, 2, 15, 0, 0, 1, 0.000),
(3, 4, 2, 16, 0, 0, 1, 0.000),
(3, 4, 2, 17, 1, 0, 0, 1.000),
(3, 4, 2, 18, 1, 0, 0, 1.000),
(3, 4, 2, 19, 1, 0, 0, 1.000),
(3, 4, 2, 20, 1, 0, 0, 1.000),
(3, 4, 3, 21, 1, 0, 0, 1.000),
(3, 4, 3, 22, 1, 0, 0, 1.000),
(3, 4, 3, 23, 1, 0, 0, 1.000),
(3, 4, 3, 24, 1, 0, 0, 1.000),
(3, 4, 3, 25, 0, 1, 0, -0.333),
(3, 4, 3, 26, 1, 0, 0, 1.000),
(3, 4, 3, 27, 1, 0, 0, 1.000),
(3, 4, 3, 28, 1, 0, 0, 1.000),
(3, 4, 3, 29, 0, 1, 0, -0.333),
(3, 4, 3, 30, 0, 0, 1, 0.000),
(3, 4, 4, 31, 1, 0, 0, 1.000),
(3, 4, 4, 32, 0, 1, 0, -0.333),
(3, 4, 4, 33, 1, 0, 0, 1.000),
(3, 4, 4, 34, 0, 0, 1, 0.000),
(3, 4, 4, 35, 0, 0, 1, 0.000),
(3, 4, 4, 36, 0, 0, 1, 0.000),
(3, 4, 4, 37, 1, 0, 0, 1.000),
(3, 4, 4, 38, 1, 0, 0, 1.000),
(3, 4, 4, 39, 1, 0, 0, 1.000),
(3, 4, 4, 40, 1, 0, 0, 1.000),
(3, 4, 5, 41, 1, 0, 1, 1.000),
(3, 4, 5, 42, 2, 0, 0, 2.000),
(3, 4, 5, 43, 2, 0, 0, 2.000),
(3, 4, 5, 44, 0, 0, 2, 0.000),
(3, 4, 5, 45, 1, 0, 1, 1.000),
(3, 4, 5, 46, 1, 1, 0, 0.667),
(3, 4, 5, 47, 0, 0, 2, 0.000),
(3, 4, 5, 48, 0, 0, 2, 0.000),
(3, 4, 5, 49, 0, 0, 2, 0.000),
(3, 4, 5, 50, 0, 1, 1, -0.333),
(3, 4, 6, 51, 1, 1, 0, 0.667),
(3, 4, 6, 52, 1, 1, 0, 0.667),
(3, 4, 6, 53, 1, 1, 0, 0.667),
(3, 4, 6, 54, 0, 0, 2, 0.000),
(3, 4, 6, 55, 1, 1, 0, 0.667),
(3, 4, 6, 56, 1, 0, 1, 1.000),
(3, 4, 6, 57, 1, 0, 1, 1.000),
(3, 4, 6, 58, 1, 1, 0, 0.667),
(3, 4, 6, 59, 1, 1, 0, 0.667),
(3, 4, 6, 60, 0, 1, 1, -0.333),
(3, 5, 1, 1, 2, 0, 0, 2.000),
(3, 5, 1, 2, 2, 0, 0, 2.000),
(3, 5, 1, 3, 2, 0, 0, 2.000),
(3, 5, 1, 4, 2, 0, 0, 2.000),
(3, 5, 1, 5, 2, 0, 0, 2.000),
(3, 5, 1, 6, 2, 0, 0, 2.000),
(3, 5, 1, 7, 2, 0, 0, 2.000),
(3, 5, 1, 8, 1, 1, 0, 0.667),
(3, 5, 1, 9, 2, 0, 0, 2.000),
(3, 5, 1, 10, 2, 0, 0, 2.000),
(3, 5, 2, 11, 1, 0, 0, 1.000),
(3, 5, 2, 12, 1, 0, 0, 1.000),
(3, 5, 2, 13, 0, 0, 1, 0.000),
(3, 5, 2, 14, 1, 0, 0, 1.000),
(3, 5, 2, 15, 0, 1, 0, -0.333),
(3, 5, 2, 16, 0, 1, 0, -0.333),
(3, 5, 2, 17, 0, 0, 1, 0.000),
(3, 5, 2, 18, 1, 0, 0, 1.000),
(3, 5, 2, 19, 1, 0, 0, 1.000),
(3, 5, 2, 20, 0, 1, 0, -0.333),
(3, 5, 3, 21, 1, 0, 0, 1.000),
(3, 5, 3, 22, 1, 0, 0, 1.000),
(3, 5, 3, 23, 1, 0, 0, 1.000),
(3, 5, 3, 24, 1, 0, 0, 1.000),
(3, 5, 3, 25, 1, 0, 0, 1.000),
(3, 5, 3, 26, 0, 1, 0, -0.333),
(3, 5, 3, 27, 1, 0, 0, 1.000),
(3, 5, 3, 28, 1, 0, 0, 1.000),
(3, 5, 3, 29, 1, 0, 0, 1.000),
(3, 5, 3, 30, 1, 0, 0, 1.000),
(3, 5, 4, 31, 1, 0, 0, 1.000),
(3, 5, 4, 32, 1, 0, 0, 1.000),
(3, 5, 4, 33, 1, 0, 0, 1.000),
(3, 5, 4, 34, 0, 1, 0, -0.333),
(3, 5, 4, 35, 1, 0, 0, 1.000),
(3, 5, 4, 36, 1, 0, 0, 1.000),
(3, 5, 4, 37, 1, 0, 0, 1.000),
(3, 5, 4, 38, 1, 0, 0, 1.000),
(3, 5, 4, 39, 1, 0, 0, 1.000),
(3, 5, 4, 40, 1, 0, 0, 1.000),
(3, 5, 5, 41, 2, 0, 0, 2.000),
(3, 5, 5, 42, 2, 0, 0, 2.000),
(3, 5, 5, 43, 2, 0, 0, 2.000),
(3, 5, 5, 44, 2, 0, 0, 2.000),
(3, 5, 5, 45, 2, 0, 0, 2.000),
(3, 5, 5, 46, 2, 0, 0, 2.000),
(3, 5, 5, 47, 2, 0, 0, 2.000),
(3, 5, 5, 48, 2, 0, 0, 2.000),
(3, 5, 5, 49, 2, 0, 0, 2.000),
(3, 5, 5, 50, 2, 0, 0, 2.000),
(3, 5, 6, 51, 2, 0, 0, 2.000),
(3, 5, 6, 52, 2, 0, 0, 2.000),
(3, 5, 6, 53, 2, 0, 0, 2.000),
(3, 5, 6, 54, 2, 0, 0, 2.000),
(3, 5, 6, 55, 2, 0, 0, 2.000),
(3, 5, 6, 56, 2, 0, 0, 2.000),
(3, 5, 6, 57, 2, 0, 0, 2.000),
(3, 5, 6, 58, 2, 0, 0, 2.000),
(3, 5, 6, 59, 2, 0, 0, 2.000),
(3, 5, 6, 60, 1, 1, 0, 0.667),
(3, 6, 1, 1, 2, 0, 0, 2.000),
(3, 6, 1, 2, 1, 1, 0, 0.667),
(3, 6, 1, 3, 2, 0, 0, 2.000),
(3, 6, 1, 4, 1, 0, 1, 1.000),
(3, 6, 1, 5, 2, 0, 0, 2.000),
(3, 6, 1, 6, 1, 1, 0, 0.667),
(3, 6, 1, 7, 1, 1, 0, 0.667),
(3, 6, 1, 8, 2, 0, 0, 2.000),
(3, 6, 1, 9, 2, 0, 0, 2.000),
(3, 6, 1, 10, 2, 0, 0, 2.000),
(3, 6, 2, 11, 1, 0, 0, 1.000),
(3, 6, 2, 12, 1, 0, 0, 1.000),
(3, 6, 2, 13, 1, 0, 0, 1.000),
(3, 6, 2, 14, 1, 0, 0, 1.000),
(3, 6, 2, 15, 1, 0, 0, 1.000),
(3, 6, 2, 16, 0, 1, 0, -0.333),
(3, 6, 2, 17, 1, 0, 0, 1.000),
(3, 6, 2, 18, 1, 0, 0, 1.000),
(3, 6, 2, 19, 1, 0, 0, 1.000),
(3, 6, 2, 20, 0, 1, 0, -0.333),
(3, 6, 3, 21, 1, 0, 0, 1.000),
(3, 6, 3, 22, 1, 0, 0, 1.000),
(3, 6, 3, 23, 1, 0, 0, 1.000),
(3, 6, 3, 24, 1, 0, 0, 1.000),
(3, 6, 3, 25, 1, 0, 0, 1.000),
(3, 6, 3, 26, 0, 0, 1, 0.000),
(3, 6, 3, 27, 1, 0, 0, 1.000),
(3, 6, 3, 28, 1, 0, 0, 1.000),
(3, 6, 3, 29, 1, 0, 0, 1.000),
(3, 6, 3, 30, 1, 0, 0, 1.000),
(3, 6, 4, 31, 1, 0, 0, 1.000),
(3, 6, 4, 32, 1, 0, 0, 1.000),
(3, 6, 4, 33, 1, 0, 0, 1.000),
(3, 6, 4, 34, 0, 1, 0, -0.333),
(3, 6, 4, 35, 1, 0, 0, 1.000),
(3, 6, 4, 36, 1, 0, 0, 1.000),
(3, 6, 4, 37, 0, 1, 0, -0.333),
(3, 6, 4, 38, 1, 0, 0, 1.000),
(3, 6, 4, 39, 1, 0, 0, 1.000),
(3, 6, 4, 40, 0, 0, 1, 0.000),
(3, 6, 5, 41, 0, 1, 1, -0.333),
(3, 6, 5, 42, 2, 0, 0, 2.000),
(3, 6, 5, 43, 2, 0, 0, 2.000),
(3, 6, 5, 44, 2, 0, 0, 2.000),
(3, 6, 5, 45, 2, 0, 0, 2.000),
(3, 6, 5, 46, 2, 0, 0, 2.000),
(3, 6, 5, 47, 2, 0, 0, 2.000),
(3, 6, 5, 48, 2, 0, 0, 2.000),
(3, 6, 5, 49, 2, 0, 0, 2.000),
(3, 6, 5, 50, 2, 0, 0, 2.000),
(3, 6, 6, 51, 2, 0, 0, 2.000),
(3, 6, 6, 52, 2, 0, 0, 2.000),
(3, 6, 6, 53, 1, 0, 1, 1.000),
(3, 6, 6, 54, 2, 0, 0, 2.000),
(3, 6, 6, 55, 2, 0, 0, 2.000),
(3, 6, 6, 56, 1, 1, 0, 0.667),
(3, 6, 6, 57, 2, 0, 0, 2.000),
(3, 6, 6, 58, 1, 0, 1, 1.000),
(3, 6, 6, 59, 2, 0, 0, 2.000),
(3, 6, 6, 60, 2, 0, 0, 2.000),
(3, 7, 1, 1, 1, 0, 1, 1.000),
(3, 7, 1, 2, 0, 2, 0, -0.667),
(3, 7, 1, 3, 1, 1, 0, 0.667),
(3, 7, 1, 4, 0, 2, 0, -0.667),
(3, 7, 1, 5, 1, 1, 0, 0.667),
(3, 7, 1, 6, 0, 1, 1, -0.333),
(3, 7, 1, 7, 0, 1, 1, -0.333),
(3, 7, 1, 8, 1, 1, 0, 0.667),
(3, 7, 1, 9, 1, 0, 1, 1.000),
(3, 7, 1, 10, 0, 0, 2, 0.000),
(3, 7, 2, 11, 1, 0, 0, 1.000),
(3, 7, 2, 12, 1, 0, 0, 1.000),
(3, 7, 2, 13, 1, 0, 0, 1.000),
(3, 7, 2, 14, 1, 0, 0, 1.000),
(3, 7, 2, 15, 0, 0, 1, 0.000),
(3, 7, 2, 16, 0, 1, 0, -0.333),
(3, 7, 2, 17, 0, 0, 1, 0.000),
(3, 7, 2, 18, 0, 0, 1, 0.000),
(3, 7, 2, 19, 0, 1, 0, -0.333),
(3, 7, 2, 20, 0, 1, 0, -0.333),
(3, 7, 3, 21, 0, 0, 1, 0.000),
(3, 7, 3, 22, 0, 1, 0, -0.333),
(3, 7, 3, 23, 1, 0, 0, 1.000),
(3, 7, 3, 24, 1, 0, 0, 1.000),
(3, 7, 3, 25, 1, 0, 0, 1.000),
(3, 7, 3, 26, 1, 0, 0, 1.000),
(3, 7, 3, 27, 1, 0, 0, 1.000),
(3, 7, 3, 28, 0, 0, 1, 0.000),
(3, 7, 3, 29, 0, 1, 0, -0.333),
(3, 7, 3, 30, 0, 0, 1, 0.000),
(3, 7, 4, 31, 1, 0, 0, 1.000),
(3, 7, 4, 32, 0, 0, 1, 0.000),
(3, 7, 4, 33, 1, 0, 0, 1.000),
(3, 7, 4, 34, 1, 0, 0, 1.000),
(3, 7, 4, 35, 0, 1, 0, -0.333),
(3, 7, 4, 36, 0, 0, 1, 0.000),
(3, 7, 4, 37, 0, 0, 1, 0.000),
(3, 7, 4, 38, 1, 0, 0, 1.000),
(3, 7, 4, 39, 0, 1, 0, -0.333),
(3, 7, 4, 40, 0, 0, 1, 0.000),
(3, 7, 5, 41, 0, 0, 2, 0.000),
(3, 7, 5, 42, 0, 1, 1, -0.333),
(3, 7, 5, 43, 1, 1, 0, 0.667),
(3, 7, 5, 44, 0, 0, 2, 0.000),
(3, 7, 5, 45, 0, 0, 2, 0.000),
(3, 7, 5, 46, 1, 0, 1, 1.000),
(3, 7, 5, 47, 1, 0, 1, 1.000),
(3, 7, 5, 48, 0, 1, 1, -0.333),
(3, 7, 5, 49, 1, 0, 1, 1.000),
(3, 7, 5, 50, 1, 0, 1, 1.000),
(3, 7, 6, 51, 0, 1, 1, -0.333),
(3, 7, 6, 52, 1, 1, 0, 0.667),
(3, 7, 6, 53, 2, 0, 0, 2.000),
(3, 7, 6, 54, 0, 1, 1, -0.333),
(3, 7, 6, 55, 2, 0, 0, 2.000),
(3, 7, 6, 56, 1, 1, 0, 0.667),
(3, 7, 6, 57, 0, 0, 2, 0.000),
(3, 7, 6, 58, 1, 1, 0, 0.667),
(3, 7, 6, 59, 0, 1, 1, -0.333),
(3, 7, 6, 60, 1, 0, 1, 1.000),
(3, 8, 1, 1, 1, 1, 0, 0.667),
(3, 8, 1, 2, 1, 0, 1, 1.000),
(3, 8, 1, 3, 1, 0, 1, 1.000),
(3, 8, 1, 4, 0, 0, 2, 0.000),
(3, 8, 1, 5, 1, 1, 0, 0.667),
(3, 8, 1, 6, 0, 1, 1, -0.333),
(3, 8, 1, 7, 0, 0, 2, 0.000),
(3, 8, 1, 8, 0, 2, 0, -0.667),
(3, 8, 1, 9, 0, 1, 1, -0.333),
(3, 8, 1, 10, 0, 1, 1, -0.333),
(3, 8, 2, 11, 1, 0, 0, 1.000),
(3, 8, 2, 12, 1, 0, 0, 1.000),
(3, 8, 2, 13, 1, 0, 0, 1.000),
(3, 8, 2, 14, 1, 0, 0, 1.000),
(3, 8, 2, 15, 0, 1, 0, -0.333),
(3, 8, 2, 16, 1, 0, 0, 1.000),
(3, 8, 2, 17, 1, 0, 0, 1.000),
(3, 8, 2, 18, 0, 0, 1, 0.000),
(3, 8, 2, 19, 0, 0, 1, 0.000),
(3, 8, 2, 20, 1, 0, 0, 1.000),
(3, 8, 3, 21, 0, 0, 1, 0.000),
(3, 8, 3, 22, 0, 0, 1, 0.000),
(3, 8, 3, 23, 0, 1, 0, -0.333),
(3, 8, 3, 24, 0, 0, 1, 0.000),
(3, 8, 3, 25, 1, 0, 0, 1.000),
(3, 8, 3, 26, 1, 0, 0, 1.000),
(3, 8, 3, 27, 0, 0, 1, 0.000),
(3, 8, 3, 28, 0, 0, 1, 0.000),
(3, 8, 3, 29, 0, 0, 1, 0.000),
(3, 8, 3, 30, 1, 0, 0, 1.000),
(3, 8, 4, 31, 0, 0, 1, 0.000),
(3, 8, 4, 32, 1, 0, 0, 1.000),
(3, 8, 4, 33, 1, 0, 0, 1.000),
(3, 8, 4, 34, 0, 0, 1, 0.000),
(3, 8, 4, 35, 1, 0, 0, 1.000),
(3, 8, 4, 36, 1, 0, 0, 1.000),
(3, 8, 4, 37, 1, 0, 0, 1.000),
(3, 8, 4, 38, 0, 0, 1, 0.000),
(3, 8, 4, 39, 0, 0, 1, 0.000),
(3, 8, 4, 40, 1, 0, 0, 1.000),
(3, 8, 5, 41, 0, 1, 1, -0.333),
(3, 8, 5, 42, 0, 2, 0, -0.667),
(3, 8, 5, 43, 0, 0, 2, 0.000),
(3, 8, 5, 44, 1, 0, 1, 1.000),
(3, 8, 5, 45, 1, 0, 1, 1.000),
(3, 8, 5, 46, 1, 0, 1, 1.000),
(3, 8, 5, 47, 1, 1, 0, 0.667),
(3, 8, 5, 48, 1, 0, 1, 1.000),
(3, 8, 5, 49, 1, 1, 0, 0.667),
(3, 8, 5, 50, 0, 1, 1, -0.333),
(3, 8, 6, 51, 1, 0, 1, 1.000),
(3, 8, 6, 52, 2, 0, 0, 2.000),
(3, 8, 6, 53, 1, 0, 1, 1.000),
(3, 8, 6, 54, 0, 2, 0, -0.667),
(3, 8, 6, 55, 0, 2, 0, -0.667),
(3, 8, 6, 56, 0, 0, 2, 0.000),
(3, 8, 6, 57, 0, 1, 1, -0.333),
(3, 8, 6, 58, 0, 0, 2, 0.000),
(3, 8, 6, 59, 0, 2, 0, -0.667),
(3, 8, 6, 60, 2, 0, 0, 2.000),
(3, 9, 1, 1, 2, 0, 0, 2.000),
(3, 9, 1, 2, 1, 1, 0, 0.667),
(3, 9, 1, 3, 0, 0, 2, 0.000),
(3, 9, 1, 4, 0, 2, 0, -0.667),
(3, 9, 1, 5, 1, 1, 0, 0.667),
(3, 9, 1, 6, 0, 1, 1, -0.333),
(3, 9, 1, 7, 0, 1, 1, -0.333),
(3, 9, 1, 8, 0, 2, 0, -0.667),
(3, 9, 1, 9, 0, 2, 0, -0.667),
(3, 9, 1, 10, 0, 1, 1, -0.333),
(3, 9, 2, 11, 0, 0, 1, 0.000),
(3, 9, 2, 12, 0, 0, 1, 0.000),
(3, 9, 2, 13, 1, 0, 0, 1.000),
(3, 9, 2, 14, 0, 0, 1, 0.000),
(3, 9, 2, 15, 0, 0, 1, 0.000),
(3, 9, 2, 16, 0, 0, 1, 0.000),
(3, 9, 2, 17, 0, 1, 0, -0.333),
(3, 9, 2, 18, 1, 0, 0, 1.000),
(3, 9, 2, 19, 0, 0, 1, 0.000),
(3, 9, 2, 20, 1, 0, 0, 1.000),
(3, 9, 3, 21, 1, 0, 0, 1.000),
(3, 9, 3, 22, 1, 0, 0, 1.000),
(3, 9, 3, 23, 1, 0, 0, 1.000),
(3, 9, 3, 24, 0, 0, 1, 0.000),
(3, 9, 3, 25, 1, 0, 0, 1.000),
(3, 9, 3, 26, 1, 0, 0, 1.000),
(3, 9, 3, 27, 0, 1, 0, -0.333),
(3, 9, 3, 28, 1, 0, 0, 1.000),
(3, 9, 3, 29, 0, 1, 0, -0.333),
(3, 9, 3, 30, 0, 1, 0, -0.333),
(3, 9, 4, 31, 1, 0, 0, 1.000),
(3, 9, 4, 32, 1, 0, 0, 1.000),
(3, 9, 4, 33, 1, 0, 0, 1.000),
(3, 9, 4, 34, 1, 0, 0, 1.000),
(3, 9, 4, 35, 0, 1, 0, -0.333),
(3, 9, 4, 36, 0, 1, 0, -0.333),
(3, 9, 4, 37, 1, 0, 0, 1.000),
(3, 9, 4, 38, 0, 0, 1, 0.000),
(3, 9, 4, 39, 0, 0, 1, 0.000),
(3, 9, 4, 40, 1, 0, 0, 1.000),
(3, 9, 5, 41, 0, 1, 1, -0.333),
(3, 9, 5, 42, 1, 0, 1, 1.000),
(3, 9, 5, 43, 0, 1, 1, -0.333),
(3, 9, 5, 44, 1, 1, 0, 0.667),
(3, 9, 5, 45, 2, 0, 0, 2.000),
(3, 9, 5, 46, 2, 0, 0, 2.000),
(3, 9, 5, 47, 1, 1, 0, 0.667),
(3, 9, 5, 48, 0, 2, 0, -0.667),
(3, 9, 5, 49, 0, 1, 1, -0.333),
(3, 9, 5, 50, 0, 0, 2, 0.000),
(3, 9, 6, 51, 0, 0, 2, 0.000),
(3, 9, 6, 52, 0, 0, 2, 0.000),
(3, 9, 6, 53, 0, 1, 1, -0.333),
(3, 9, 6, 54, 0, 0, 2, 0.000),
(3, 9, 6, 55, 0, 1, 1, -0.333),
(3, 9, 6, 56, 2, 0, 0, 2.000),
(3, 9, 6, 57, 0, 2, 0, -0.667),
(3, 9, 6, 58, 0, 0, 2, 0.000),
(3, 9, 6, 59, 0, 0, 2, 0.000),
(3, 9, 6, 60, 0, 1, 1, -0.333),
(3, 10, 1, 1, 2, 0, 0, 2.000),
(3, 10, 1, 2, 2, 0, 0, 2.000),
(3, 10, 1, 3, 2, 0, 0, 2.000),
(3, 10, 1, 4, 2, 0, 0, 2.000),
(3, 10, 1, 5, 1, 1, 0, 0.667),
(3, 10, 1, 6, 2, 0, 0, 2.000),
(3, 10, 1, 7, 2, 0, 0, 2.000),
(3, 10, 1, 8, 2, 0, 0, 2.000),
(3, 10, 1, 9, 2, 0, 0, 2.000),
(3, 10, 1, 10, 2, 0, 0, 2.000),
(3, 10, 2, 11, 1, 0, 0, 1.000),
(3, 10, 2, 12, 1, 0, 0, 1.000),
(3, 10, 2, 13, 1, 0, 0, 1.000),
(3, 10, 2, 14, 1, 0, 0, 1.000),
(3, 10, 2, 15, 1, 0, 0, 1.000),
(3, 10, 2, 16, 0, 1, 0, -0.333),
(3, 10, 2, 17, 1, 0, 0, 1.000),
(3, 10, 2, 18, 1, 0, 0, 1.000),
(3, 10, 2, 19, 1, 0, 0, 1.000),
(3, 10, 2, 20, 1, 0, 0, 1.000),
(3, 10, 3, 21, 1, 0, 0, 1.000),
(3, 10, 3, 22, 1, 0, 0, 1.000),
(3, 10, 3, 23, 0, 1, 0, -0.333),
(3, 10, 3, 24, 1, 0, 0, 1.000),
(3, 10, 3, 25, 1, 0, 0, 1.000),
(3, 10, 3, 26, 1, 0, 0, 1.000),
(3, 10, 3, 27, 1, 0, 0, 1.000),
(3, 10, 3, 28, 1, 0, 0, 1.000),
(3, 10, 3, 29, 1, 0, 0, 1.000),
(3, 10, 3, 30, 1, 0, 0, 1.000),
(3, 10, 4, 31, 0, 1, 0, -0.333),
(3, 10, 4, 32, 1, 0, 0, 1.000),
(3, 10, 4, 33, 1, 0, 0, 1.000),
(3, 10, 4, 34, 1, 0, 0, 1.000),
(3, 10, 4, 35, 1, 0, 0, 1.000),
(3, 10, 4, 36, 1, 0, 0, 1.000),
(3, 10, 4, 37, 1, 0, 0, 1.000),
(3, 10, 4, 38, 1, 0, 0, 1.000),
(3, 10, 4, 39, 1, 0, 0, 1.000),
(3, 10, 4, 40, 1, 0, 0, 1.000),
(3, 10, 5, 41, 2, 0, 0, 2.000),
(3, 10, 5, 42, 2, 0, 0, 2.000),
(3, 10, 5, 43, 2, 0, 0, 2.000),
(3, 10, 5, 44, 1, 0, 1, 1.000),
(3, 10, 5, 45, 2, 0, 0, 2.000),
(3, 10, 5, 46, 2, 0, 0, 2.000),
(3, 10, 5, 47, 0, 2, 0, -0.667),
(3, 10, 5, 48, 2, 0, 0, 2.000),
(3, 10, 5, 49, 2, 0, 0, 2.000),
(3, 10, 5, 50, 2, 0, 0, 2.000),
(3, 10, 6, 51, 2, 0, 0, 2.000),
(3, 10, 6, 52, 2, 0, 0, 2.000),
(3, 10, 6, 53, 2, 0, 0, 2.000),
(3, 10, 6, 54, 2, 0, 0, 2.000),
(3, 10, 6, 55, 2, 0, 0, 2.000),
(3, 10, 6, 56, 2, 0, 0, 2.000),
(3, 10, 6, 57, 2, 0, 0, 2.000),
(3, 10, 6, 58, 2, 0, 0, 2.000),
(3, 10, 6, 59, 2, 0, 0, 2.000),
(3, 10, 6, 60, 2, 0, 0, 2.000),
(3, 11, 1, 1, 0, 2, 0, -0.667),
(3, 11, 1, 2, 0, 1, 1, -0.333),
(3, 11, 1, 3, 2, 0, 0, 2.000),
(3, 11, 1, 4, 2, 0, 0, 2.000),
(3, 11, 1, 5, 1, 1, 0, 0.667),
(3, 11, 1, 6, 1, 0, 1, 1.000),
(3, 11, 1, 7, 1, 1, 0, 0.667),
(3, 11, 1, 8, 0, 1, 1, -0.333),
(3, 11, 1, 9, 1, 1, 0, 0.667),
(3, 11, 1, 10, 1, 0, 1, 1.000),
(3, 11, 2, 11, 1, 0, 0, 1.000),
(3, 11, 2, 12, 1, 0, 0, 1.000),
(3, 11, 2, 13, 1, 0, 0, 1.000),
(3, 11, 2, 14, 0, 0, 1, 0.000),
(3, 11, 2, 15, 0, 0, 1, 0.000),
(3, 11, 2, 16, 0, 0, 1, 0.000),
(3, 11, 2, 17, 1, 0, 0, 1.000),
(3, 11, 2, 18, 0, 0, 1, 0.000),
(3, 11, 2, 19, 1, 0, 0, 1.000),
(3, 11, 2, 20, 0, 0, 1, 0.000),
(3, 11, 3, 21, 0, 1, 0, -0.333),
(3, 11, 3, 22, 0, 1, 0, -0.333),
(3, 11, 3, 23, 0, 0, 1, 0.000),
(3, 11, 3, 24, 0, 1, 0, -0.333),
(3, 11, 3, 25, 0, 1, 0, -0.333),
(3, 11, 3, 26, 1, 0, 0, 1.000),
(3, 11, 3, 27, 0, 1, 0, -0.333),
(3, 11, 3, 28, 1, 0, 0, 1.000),
(3, 11, 3, 29, 1, 0, 0, 1.000),
(3, 11, 3, 30, 0, 0, 1, 0.000),
(3, 11, 4, 31, 1, 0, 0, 1.000),
(3, 11, 4, 32, 0, 1, 0, -0.333),
(3, 11, 4, 33, 0, 0, 1, 0.000),
(3, 11, 4, 34, 0, 1, 0, -0.333),
(3, 11, 4, 35, 1, 0, 0, 1.000),
(3, 11, 4, 36, 0, 1, 0, -0.333),
(3, 11, 4, 37, 1, 0, 0, 1.000),
(3, 11, 4, 38, 1, 0, 0, 1.000),
(3, 11, 4, 39, 0, 0, 1, 0.000),
(3, 11, 4, 40, 1, 0, 0, 1.000),
(3, 11, 5, 41, 0, 1, 1, -0.333),
(3, 11, 5, 42, 1, 0, 1, 1.000),
(3, 11, 5, 43, 0, 0, 2, 0.000),
(3, 11, 5, 44, 1, 1, 0, 0.667),
(3, 11, 5, 45, 1, 0, 1, 1.000),
(3, 11, 5, 46, 0, 1, 1, -0.333),
(3, 11, 5, 47, 0, 1, 1, -0.333),
(3, 11, 5, 48, 0, 1, 1, -0.333),
(3, 11, 5, 49, 0, 2, 0, -0.667),
(3, 11, 5, 50, 1, 0, 1, 1.000),
(3, 11, 6, 51, 1, 0, 1, 1.000),
(3, 11, 6, 52, 0, 0, 2, 0.000),
(3, 11, 6, 53, 1, 1, 0, 0.667),
(3, 11, 6, 54, 1, 1, 0, 0.667),
(3, 11, 6, 55, 0, 2, 0, -0.667),
(3, 11, 6, 56, 0, 1, 1, -0.333),
(3, 11, 6, 57, 1, 0, 1, 1.000),
(3, 11, 6, 58, 0, 1, 1, -0.333),
(3, 11, 6, 59, 2, 0, 0, 2.000),
(3, 11, 6, 60, 1, 0, 1, 1.000),
(3, 12, 1, 1, 1, 1, 0, 0.667),
(3, 12, 1, 2, 2, 0, 0, 2.000),
(3, 12, 1, 3, 0, 1, 1, -0.333),
(3, 12, 1, 4, 1, 0, 1, 1.000),
(3, 12, 1, 5, 1, 0, 1, 1.000),
(3, 12, 1, 6, 1, 1, 0, 0.667),
(3, 12, 1, 7, 1, 0, 1, 1.000),
(3, 12, 1, 8, 0, 1, 1, -0.333),
(3, 12, 1, 9, 1, 0, 1, 1.000),
(3, 12, 1, 10, 1, 0, 1, 1.000),
(3, 12, 2, 11, 0, 0, 1, 0.000),
(3, 12, 2, 12, 1, 0, 0, 1.000),
(3, 12, 2, 13, 0, 0, 1, 0.000),
(3, 12, 2, 14, 1, 0, 0, 1.000),
(3, 12, 2, 15, 1, 0, 0, 1.000),
(3, 12, 2, 16, 0, 0, 1, 0.000),
(3, 12, 2, 17, 1, 0, 0, 1.000),
(3, 12, 2, 18, 1, 0, 0, 1.000),
(3, 12, 2, 19, 0, 0, 1, 0.000),
(3, 12, 2, 20, 0, 0, 1, 0.000),
(3, 12, 3, 21, 0, 1, 0, -0.333),
(3, 12, 3, 22, 1, 0, 0, 1.000),
(3, 12, 3, 23, 1, 0, 0, 1.000),
(3, 12, 3, 24, 1, 0, 0, 1.000),
(3, 12, 3, 25, 0, 1, 0, -0.333),
(3, 12, 3, 26, 1, 0, 0, 1.000),
(3, 12, 3, 27, 0, 1, 0, -0.333),
(3, 12, 3, 28, 0, 0, 1, 0.000),
(3, 12, 3, 29, 0, 0, 1, 0.000),
(3, 12, 3, 30, 1, 0, 0, 1.000),
(3, 12, 4, 31, 1, 0, 0, 1.000),
(3, 12, 4, 32, 1, 0, 0, 1.000),
(3, 12, 4, 33, 1, 0, 0, 1.000),
(3, 12, 4, 34, 0, 1, 0, -0.333),
(3, 12, 4, 35, 1, 0, 0, 1.000),
(3, 12, 4, 36, 0, 0, 1, 0.000),
(3, 12, 4, 37, 1, 0, 0, 1.000),
(3, 12, 4, 38, 0, 0, 1, 0.000),
(3, 12, 4, 39, 1, 0, 0, 1.000),
(3, 12, 4, 40, 1, 0, 0, 1.000),
(3, 12, 5, 41, 1, 1, 0, 0.667),
(3, 12, 5, 42, 0, 1, 1, -0.333),
(3, 12, 5, 43, 0, 0, 2, 0.000),
(3, 12, 5, 44, 0, 2, 0, -0.667),
(3, 12, 5, 45, 2, 0, 0, 2.000),
(3, 12, 5, 46, 0, 0, 2, 0.000),
(3, 12, 5, 47, 0, 1, 1, -0.333),
(3, 12, 5, 48, 0, 0, 2, 0.000),
(3, 12, 5, 49, 0, 0, 2, 0.000),
(3, 12, 5, 50, 0, 1, 1, -0.333),
(3, 12, 6, 51, 0, 1, 1, -0.333),
(3, 12, 6, 52, 1, 1, 0, 0.667),
(3, 12, 6, 53, 1, 1, 0, 0.667),
(3, 12, 6, 54, 1, 1, 0, 0.667),
(3, 12, 6, 55, 0, 1, 1, -0.333),
(3, 12, 6, 56, 0, 1, 1, -0.333),
(3, 12, 6, 57, 0, 0, 2, 0.000),
(3, 12, 6, 58, 1, 1, 0, 0.667),
(3, 12, 6, 59, 2, 0, 0, 2.000),
(3, 12, 6, 60, 2, 0, 0, 2.000),
(3, 13, 1, 1, 0, 0, 2, 0.000),
(3, 13, 1, 2, 1, 1, 0, 0.667),
(3, 13, 1, 3, 1, 0, 1, 1.000),
(3, 13, 1, 4, 1, 0, 1, 1.000),
(3, 13, 1, 5, 0, 0, 2, 0.000),
(3, 13, 1, 6, 1, 0, 1, 1.000),
(3, 13, 1, 7, 1, 1, 0, 0.667),
(3, 13, 1, 8, 2, 0, 0, 2.000),
(3, 13, 1, 9, 2, 0, 0, 2.000),
(3, 13, 1, 10, 1, 1, 0, 0.667),
(3, 13, 2, 11, 1, 0, 0, 1.000),
(3, 13, 2, 12, 0, 0, 1, 0.000),
(3, 13, 2, 13, 1, 0, 0, 1.000),
(3, 13, 2, 14, 1, 0, 0, 1.000),
(3, 13, 2, 15, 1, 0, 0, 1.000),
(3, 13, 2, 16, 0, 1, 0, -0.333),
(3, 13, 2, 17, 0, 0, 1, 0.000),
(3, 13, 2, 18, 0, 0, 1, 0.000),
(3, 13, 2, 19, 0, 0, 1, 0.000),
(3, 13, 2, 20, 0, 1, 0, -0.333),
(3, 13, 3, 21, 1, 0, 0, 1.000),
(3, 13, 3, 22, 0, 1, 0, -0.333),
(3, 13, 3, 23, 0, 1, 0, -0.333),
(3, 13, 3, 24, 1, 0, 0, 1.000),
(3, 13, 3, 25, 0, 1, 0, -0.333),
(3, 13, 3, 26, 1, 0, 0, 1.000),
(3, 13, 3, 27, 0, 0, 1, 0.000),
(3, 13, 3, 28, 0, 0, 1, 0.000),
(3, 13, 3, 29, 0, 0, 1, 0.000),
(3, 13, 3, 30, 0, 0, 1, 0.000),
(3, 13, 4, 31, 1, 0, 0, 1.000),
(3, 13, 4, 32, 1, 0, 0, 1.000),
(3, 13, 4, 33, 0, 0, 1, 0.000),
(3, 13, 4, 34, 0, 0, 1, 0.000),
(3, 13, 4, 35, 1, 0, 0, 1.000),
(3, 13, 4, 36, 0, 1, 0, -0.333),
(3, 13, 4, 37, 1, 0, 0, 1.000),
(3, 13, 4, 38, 0, 0, 1, 0.000),
(3, 13, 4, 39, 1, 0, 0, 1.000),
(3, 13, 4, 40, 0, 0, 1, 0.000),
(3, 13, 5, 41, 1, 1, 0, 0.667),
(3, 13, 5, 42, 0, 1, 1, -0.333),
(3, 13, 5, 43, 1, 0, 1, 1.000),
(3, 13, 5, 44, 1, 0, 1, 1.000),
(3, 13, 5, 45, 0, 1, 1, -0.333),
(3, 13, 5, 46, 0, 0, 2, 0.000),
(3, 13, 5, 47, 2, 0, 0, 2.000),
(3, 13, 5, 48, 1, 0, 1, 1.000),
(3, 13, 5, 49, 0, 1, 1, -0.333),
(3, 13, 5, 50, 1, 1, 0, 0.667),
(3, 13, 6, 51, 0, 1, 1, -0.333),
(3, 13, 6, 52, 1, 0, 1, 1.000),
(3, 13, 6, 53, 1, 0, 1, 1.000),
(3, 13, 6, 54, 0, 2, 0, -0.667),
(3, 13, 6, 55, 0, 1, 1, -0.333),
(3, 13, 6, 56, 0, 1, 1, -0.333),
(3, 13, 6, 57, 0, 2, 0, -0.667),
(3, 13, 6, 58, 2, 0, 0, 2.000),
(3, 13, 6, 59, 0, 1, 1, -0.333),
(3, 13, 6, 60, 0, 1, 1, -0.333),
(3, 14, 1, 1, 1, 1, 0, 0.667),
(3, 14, 1, 2, 1, 0, 1, 1.000),
(3, 14, 1, 3, 1, 0, 1, 1.000),
(3, 14, 1, 4, 0, 1, 1, -0.333),
(3, 14, 1, 5, 1, 1, 0, 0.667),
(3, 14, 1, 6, 1, 1, 0, 0.667),
(3, 14, 1, 7, 1, 0, 1, 1.000),
(3, 14, 1, 8, 2, 0, 0, 2.000),
(3, 14, 1, 9, 0, 1, 1, -0.333),
(3, 14, 1, 10, 2, 0, 0, 2.000),
(3, 14, 2, 11, 1, 0, 0, 1.000),
(3, 14, 2, 12, 0, 1, 0, -0.333),
(3, 14, 2, 13, 1, 0, 0, 1.000),
(3, 14, 2, 14, 0, 1, 0, -0.333),
(3, 14, 2, 15, 1, 0, 0, 1.000),
(3, 14, 2, 16, 1, 0, 0, 1.000),
(3, 14, 2, 17, 0, 0, 1, 0.000),
(3, 14, 2, 18, 0, 0, 1, 0.000),
(3, 14, 2, 19, 1, 0, 0, 1.000),
(3, 14, 2, 20, 1, 0, 0, 1.000),
(3, 14, 3, 21, 1, 0, 0, 1.000),
(3, 14, 3, 22, 1, 0, 0, 1.000),
(3, 14, 3, 23, 0, 0, 1, 0.000),
(3, 14, 3, 24, 0, 0, 1, 0.000),
(3, 14, 3, 25, 0, 0, 1, 0.000),
(3, 14, 3, 26, 0, 0, 1, 0.000),
(3, 14, 3, 27, 1, 0, 0, 1.000),
(3, 14, 3, 28, 0, 1, 0, -0.333),
(3, 14, 3, 29, 1, 0, 0, 1.000),
(3, 14, 3, 30, 1, 0, 0, 1.000),
(3, 14, 4, 31, 1, 0, 0, 1.000),
(3, 14, 4, 32, 1, 0, 0, 1.000),
(3, 14, 4, 33, 0, 1, 0, -0.333),
(3, 14, 4, 34, 0, 1, 0, -0.333),
(3, 14, 4, 35, 0, 0, 1, 0.000),
(3, 14, 4, 36, 0, 0, 1, 0.000),
(3, 14, 4, 37, 1, 0, 0, 1.000),
(3, 14, 4, 38, 1, 0, 0, 1.000),
(3, 14, 4, 39, 0, 0, 1, 0.000),
(3, 14, 4, 40, 1, 0, 0, 1.000),
(3, 14, 5, 41, 2, 0, 0, 2.000),
(3, 14, 5, 42, 1, 0, 1, 1.000),
(3, 14, 5, 43, 0, 1, 1, -0.333),
(3, 14, 5, 44, 0, 1, 1, -0.333),
(3, 14, 5, 45, 0, 2, 0, -0.667),
(3, 14, 5, 46, 0, 2, 0, -0.667),
(3, 14, 5, 47, 1, 1, 0, 0.667),
(3, 14, 5, 48, 0, 2, 0, -0.667),
(3, 14, 5, 49, 0, 1, 1, -0.333),
(3, 14, 5, 50, 0, 0, 2, 0.000),
(3, 14, 6, 51, 0, 0, 2, 0.000),
(3, 14, 6, 52, 1, 1, 0, 0.667),
(3, 14, 6, 53, 1, 0, 1, 1.000),
(3, 14, 6, 54, 1, 1, 0, 0.667),
(3, 14, 6, 55, 1, 1, 0, 0.667),
(3, 14, 6, 56, 0, 2, 0, -0.667),
(3, 14, 6, 57, 2, 0, 0, 2.000),
(3, 14, 6, 58, 0, 1, 1, -0.333),
(3, 14, 6, 59, 0, 2, 0, -0.667),
(3, 14, 6, 60, 1, 1, 0, 0.667),
(3, 15, 1, 1, 2, 0, 0, 2.000),
(3, 15, 1, 2, 2, 0, 0, 2.000),
(3, 15, 1, 3, 1, 1, 0, 0.667),
(3, 15, 1, 4, 2, 0, 0, 2.000),
(3, 15, 1, 5, 2, 0, 0, 2.000),
(3, 15, 1, 6, 2, 0, 0, 2.000),
(3, 15, 1, 7, 1, 1, 0, 0.667),
(3, 15, 1, 8, 2, 0, 0, 2.000),
(3, 15, 1, 9, 2, 0, 0, 2.000),
(3, 15, 1, 10, 2, 0, 0, 2.000),
(3, 15, 2, 11, 1, 0, 0, 1.000),
(3, 15, 2, 12, 0, 0, 1, 0.000),
(3, 15, 2, 13, 1, 0, 0, 1.000),
(3, 15, 2, 14, 0, 1, 0, -0.333),
(3, 15, 2, 15, 1, 0, 0, 1.000),
(3, 15, 2, 16, 1, 0, 0, 1.000),
(3, 15, 2, 17, 1, 0, 0, 1.000),
(3, 15, 2, 18, 1, 0, 0, 1.000),
(3, 15, 2, 19, 1, 0, 0, 1.000),
(3, 15, 2, 20, 1, 0, 0, 1.000),
(3, 15, 3, 21, 1, 0, 0, 1.000),
(3, 15, 3, 22, 1, 0, 0, 1.000),
(3, 15, 3, 23, 0, 1, 0, -0.333),
(3, 15, 3, 24, 1, 0, 0, 1.000),
(3, 15, 3, 25, 1, 0, 0, 1.000),
(3, 15, 3, 26, 1, 0, 0, 1.000),
(3, 15, 3, 27, 1, 0, 0, 1.000),
(3, 15, 3, 28, 1, 0, 0, 1.000),
(3, 15, 3, 29, 1, 0, 0, 1.000),
(3, 15, 3, 30, 1, 0, 0, 1.000),
(3, 15, 4, 31, 1, 0, 0, 1.000),
(3, 15, 4, 32, 0, 1, 0, -0.333),
(3, 15, 4, 33, 1, 0, 0, 1.000),
(3, 15, 4, 34, 1, 0, 0, 1.000),
(3, 15, 4, 35, 1, 0, 0, 1.000),
(3, 15, 4, 36, 1, 0, 0, 1.000),
(3, 15, 4, 37, 0, 1, 0, -0.333),
(3, 15, 4, 38, 1, 0, 0, 1.000),
(3, 15, 4, 39, 0, 1, 0, -0.333),
(3, 15, 4, 40, 1, 0, 0, 1.000),
(3, 15, 5, 41, 2, 0, 0, 2.000),
(3, 15, 5, 42, 2, 0, 0, 2.000),
(3, 15, 5, 43, 1, 0, 1, 1.000),
(3, 15, 5, 44, 2, 0, 0, 2.000),
(3, 15, 5, 45, 1, 0, 1, 1.000),
(3, 15, 5, 46, 1, 0, 1, 1.000),
(3, 15, 5, 47, 1, 0, 1, 1.000),
(3, 15, 5, 48, 1, 1, 0, 0.667),
(3, 15, 5, 49, 1, 1, 0, 0.667),
(3, 15, 5, 50, 2, 0, 0, 2.000),
(3, 15, 6, 51, 2, 0, 0, 2.000),
(3, 15, 6, 52, 2, 0, 0, 2.000),
(3, 15, 6, 53, 2, 0, 0, 2.000),
(3, 15, 6, 54, 2, 0, 0, 2.000),
(3, 15, 6, 55, 1, 1, 0, 0.667),
(3, 15, 6, 56, 2, 0, 0, 2.000),
(3, 15, 6, 57, 2, 0, 0, 2.000),
(3, 15, 6, 58, 1, 0, 1, 1.000),
(3, 15, 6, 59, 2, 0, 0, 2.000),
(3, 15, 6, 60, 2, 0, 0, 2.000),
(3, 16, 1, 1, 0, 1, 1, -0.333),
(3, 16, 1, 2, 0, 1, 1, -0.333),
(3, 16, 1, 3, 1, 1, 0, 0.667),
(3, 16, 1, 4, 0, 1, 1, -0.333),
(3, 16, 1, 5, 1, 0, 1, 1.000),
(3, 16, 1, 6, 0, 2, 0, -0.667),
(3, 16, 1, 7, 1, 0, 1, 1.000),
(3, 16, 1, 8, 0, 1, 1, -0.333),
(3, 16, 1, 9, 1, 1, 0, 0.667),
(3, 16, 1, 10, 0, 1, 1, -0.333),
(3, 16, 2, 11, 0, 1, 0, -0.333),
(3, 16, 2, 12, 0, 0, 1, 0.000),
(3, 16, 2, 13, 0, 1, 0, -0.333),
(3, 16, 2, 14, 0, 0, 1, 0.000),
(3, 16, 2, 15, 1, 0, 0, 1.000),
(3, 16, 2, 16, 0, 0, 1, 0.000),
(3, 16, 2, 17, 0, 0, 1, 0.000),
(3, 16, 2, 18, 0, 0, 1, 0.000),
(3, 16, 2, 19, 0, 1, 0, -0.333),
(3, 16, 2, 20, 1, 0, 0, 1.000),
(3, 16, 3, 21, 0, 0, 1, 0.000),
(3, 16, 3, 22, 1, 0, 0, 1.000),
(3, 16, 3, 23, 0, 0, 1, 0.000),
(3, 16, 3, 24, 1, 0, 0, 1.000),
(3, 16, 3, 25, 0, 1, 0, -0.333),
(3, 16, 3, 26, 0, 0, 1, 0.000),
(3, 16, 3, 27, 0, 0, 1, 0.000),
(3, 16, 3, 28, 1, 0, 0, 1.000),
(3, 16, 3, 29, 1, 0, 0, 1.000),
(3, 16, 3, 30, 1, 0, 0, 1.000),
(3, 16, 4, 31, 1, 0, 0, 1.000),
(3, 16, 4, 32, 0, 1, 0, -0.333),
(3, 16, 4, 33, 0, 1, 0, -0.333),
(3, 16, 4, 34, 1, 0, 0, 1.000),
(3, 16, 4, 35, 0, 0, 1, 0.000),
(3, 16, 4, 36, 0, 1, 0, -0.333),
(3, 16, 4, 37, 1, 0, 0, 1.000),
(3, 16, 4, 38, 0, 0, 1, 0.000),
(3, 16, 4, 39, 0, 0, 1, 0.000),
(3, 16, 4, 40, 0, 0, 1, 0.000),
(3, 16, 5, 41, 0, 2, 0, -0.667),
(3, 16, 5, 42, 0, 1, 1, -0.333),
(3, 16, 5, 43, 0, 1, 1, -0.333),
(3, 16, 5, 44, 0, 1, 1, -0.333),
(3, 16, 5, 45, 0, 0, 2, 0.000),
(3, 16, 5, 46, 0, 1, 1, -0.333),
(3, 16, 5, 47, 1, 1, 0, 0.667),
(3, 16, 5, 48, 1, 1, 0, 0.667),
(3, 16, 5, 49, 0, 0, 2, 0.000),
(3, 16, 5, 50, 0, 1, 1, -0.333),
(3, 16, 6, 51, 0, 1, 1, -0.333),
(3, 16, 6, 52, 0, 1, 1, -0.333),
(3, 16, 6, 53, 0, 2, 0, -0.667),
(3, 16, 6, 54, 0, 0, 2, 0.000),
(3, 16, 6, 55, 0, 0, 2, 0.000),
(3, 16, 6, 56, 0, 2, 0, -0.667),
(3, 16, 6, 57, 0, 1, 1, -0.333),
(3, 16, 6, 58, 0, 1, 1, -0.333),
(3, 16, 6, 59, 1, 0, 1, 1.000),
(3, 16, 6, 60, 1, 1, 0, 0.667),
(3, 17, 1, 1, 2, 0, 0, 2.000),
(3, 17, 1, 2, 1, 1, 0, 0.667),
(3, 17, 1, 3, 1, 1, 0, 0.667),
(3, 17, 1, 4, 2, 0, 0, 2.000),
(3, 17, 1, 5, 2, 0, 0, 2.000),
(3, 17, 1, 6, 2, 0, 0, 2.000),
(3, 17, 1, 7, 2, 0, 0, 2.000),
(3, 17, 1, 8, 2, 0, 0, 2.000),
(3, 17, 1, 9, 2, 0, 0, 2.000),
(3, 17, 1, 10, 2, 0, 0, 2.000),
(3, 17, 2, 11, 0, 0, 1, 0.000),
(3, 17, 2, 12, 1, 0, 0, 1.000),
(3, 17, 2, 13, 1, 0, 0, 1.000),
(3, 17, 2, 14, 1, 0, 0, 1.000),
(3, 17, 2, 15, 1, 0, 0, 1.000),
(3, 17, 2, 16, 0, 1, 0, -0.333),
(3, 17, 2, 17, 0, 1, 0, -0.333),
(3, 17, 2, 18, 1, 0, 0, 1.000),
(3, 17, 2, 19, 1, 0, 0, 1.000),
(3, 17, 2, 20, 1, 0, 0, 1.000),
(3, 17, 3, 21, 1, 0, 0, 1.000),
(3, 17, 3, 22, 0, 1, 0, -0.333),
(3, 17, 3, 23, 0, 0, 1, 0.000),
(3, 17, 3, 24, 0, 1, 0, -0.333),
(3, 17, 3, 25, 1, 0, 0, 1.000),
(3, 17, 3, 26, 0, 1, 0, -0.333),
(3, 17, 3, 27, 1, 0, 0, 1.000),
(3, 17, 3, 28, 1, 0, 0, 1.000),
(3, 17, 3, 29, 1, 0, 0, 1.000),
(3, 17, 3, 30, 1, 0, 0, 1.000),
(3, 17, 4, 31, 1, 0, 0, 1.000),
(3, 17, 4, 32, 1, 0, 0, 1.000),
(3, 17, 4, 33, 0, 1, 0, -0.333),
(3, 17, 4, 34, 1, 0, 0, 1.000),
(3, 17, 4, 35, 1, 0, 0, 1.000),
(3, 17, 4, 36, 1, 0, 0, 1.000),
(3, 17, 4, 37, 1, 0, 0, 1.000),
(3, 17, 4, 38, 0, 1, 0, -0.333),
(3, 17, 4, 39, 0, 1, 0, -0.333),
(3, 17, 4, 40, 1, 0, 0, 1.000),
(3, 17, 5, 41, 2, 0, 0, 2.000),
(3, 17, 5, 42, 1, 0, 1, 1.000),
(3, 17, 5, 43, 2, 0, 0, 2.000),
(3, 17, 5, 44, 2, 0, 0, 2.000),
(3, 17, 5, 45, 2, 0, 0, 2.000),
(3, 17, 5, 46, 2, 0, 0, 2.000),
(3, 17, 5, 47, 2, 0, 0, 2.000),
(3, 17, 5, 48, 2, 0, 0, 2.000),
(3, 17, 5, 49, 1, 1, 0, 0.667),
(3, 17, 5, 50, 2, 0, 0, 2.000),
(3, 17, 6, 51, 2, 0, 0, 2.000),
(3, 17, 6, 52, 1, 0, 1, 1.000),
(3, 17, 6, 53, 2, 0, 0, 2.000),
(3, 17, 6, 54, 1, 1, 0, 0.667),
(3, 17, 6, 55, 1, 1, 0, 0.667),
(3, 17, 6, 56, 1, 0, 1, 1.000),
(3, 17, 6, 57, 2, 0, 0, 2.000),
(3, 17, 6, 58, 2, 0, 0, 2.000),
(3, 17, 6, 59, 2, 0, 0, 2.000),
(3, 17, 6, 60, 2, 0, 0, 2.000),
(3, 18, 1, 1, 0, 1, 1, -0.333),
(3, 18, 1, 2, 1, 1, 0, 0.667),
(3, 18, 1, 3, 1, 1, 0, 0.667),
(3, 18, 1, 4, 2, 0, 0, 2.000),
(3, 18, 1, 5, 0, 0, 2, 0.000),
(3, 18, 1, 6, 0, 1, 1, -0.333),
(3, 18, 1, 7, 0, 1, 1, -0.333),
(3, 18, 1, 8, 0, 0, 2, 0.000),
(3, 18, 1, 9, 1, 0, 1, 1.000),
(3, 18, 1, 10, 0, 1, 1, -0.333),
(3, 18, 2, 11, 1, 0, 0, 1.000),
(3, 18, 2, 12, 1, 0, 0, 1.000),
(3, 18, 2, 13, 1, 0, 0, 1.000),
(3, 18, 2, 14, 1, 0, 0, 1.000),
(3, 18, 2, 15, 0, 0, 1, 0.000),
(3, 18, 2, 16, 0, 0, 1, 0.000),
(3, 18, 2, 17, 0, 0, 1, 0.000),
(3, 18, 2, 18, 1, 0, 0, 1.000),
(3, 18, 2, 19, 1, 0, 0, 1.000),
(3, 18, 2, 20, 0, 0, 1, 0.000),
(3, 18, 3, 21, 0, 1, 0, -0.333),
(3, 18, 3, 22, 1, 0, 0, 1.000),
(3, 18, 3, 23, 0, 0, 1, 0.000),
(3, 18, 3, 24, 0, 0, 1, 0.000),
(3, 18, 3, 25, 1, 0, 0, 1.000),
(3, 18, 3, 26, 0, 0, 1, 0.000),
(3, 18, 3, 27, 1, 0, 0, 1.000),
(3, 18, 3, 28, 1, 0, 0, 1.000),
(3, 18, 3, 29, 0, 0, 1, 0.000),
(3, 18, 3, 30, 1, 0, 0, 1.000),
(3, 18, 4, 31, 0, 1, 0, -0.333),
(3, 18, 4, 32, 1, 0, 0, 1.000),
(3, 18, 4, 33, 1, 0, 0, 1.000),
(3, 18, 4, 34, 1, 0, 0, 1.000),
(3, 18, 4, 35, 0, 0, 1, 0.000),
(3, 18, 4, 36, 1, 0, 0, 1.000),
(3, 18, 4, 37, 1, 0, 0, 1.000),
(3, 18, 4, 38, 1, 0, 0, 1.000),
(3, 18, 4, 39, 0, 1, 0, -0.333),
(3, 18, 4, 40, 1, 0, 0, 1.000),
(3, 18, 5, 41, 1, 0, 1, 1.000),
(3, 18, 5, 42, 0, 0, 2, 0.000),
(3, 18, 5, 43, 1, 1, 0, 0.667),
(3, 18, 5, 44, 2, 0, 0, 2.000),
(3, 18, 5, 45, 1, 0, 1, 1.000),
(3, 18, 5, 46, 0, 1, 1, -0.333),
(3, 18, 5, 47, 1, 1, 0, 0.667),
(3, 18, 5, 48, 1, 1, 0, 0.667),
(3, 18, 5, 49, 1, 0, 1, 1.000);
INSERT INTO `notlar` (`deneme_id`, `ogrenci_id`, `ders_kodu`, `konu_id`, `dogru`, `yanlis`, `bos`, `net`) VALUES
(3, 18, 5, 50, 0, 1, 1, -0.333),
(3, 18, 6, 51, 1, 1, 0, 0.667),
(3, 18, 6, 52, 0, 2, 0, -0.667),
(3, 18, 6, 53, 1, 1, 0, 0.667),
(3, 18, 6, 54, 0, 0, 2, 0.000),
(3, 18, 6, 55, 0, 1, 1, -0.333),
(3, 18, 6, 56, 1, 0, 1, 1.000),
(3, 18, 6, 57, 1, 1, 0, 0.667),
(3, 18, 6, 58, 1, 1, 0, 0.667),
(3, 18, 6, 59, 1, 1, 0, 0.667),
(3, 18, 6, 60, 0, 1, 1, -0.333),
(3, 19, 1, 1, 1, 1, 0, 0.667),
(3, 19, 1, 2, 2, 0, 0, 2.000),
(3, 19, 1, 3, 1, 0, 1, 1.000),
(3, 19, 1, 4, 2, 0, 0, 2.000),
(3, 19, 1, 5, 1, 0, 1, 1.000),
(3, 19, 1, 6, 2, 0, 0, 2.000),
(3, 19, 1, 7, 2, 0, 0, 2.000),
(3, 19, 1, 8, 2, 0, 0, 2.000),
(3, 19, 1, 9, 2, 0, 0, 2.000),
(3, 19, 1, 10, 2, 0, 0, 2.000),
(3, 19, 2, 11, 1, 0, 0, 1.000),
(3, 19, 2, 12, 1, 0, 0, 1.000),
(3, 19, 2, 13, 1, 0, 0, 1.000),
(3, 19, 2, 14, 1, 0, 0, 1.000),
(3, 19, 2, 15, 1, 0, 0, 1.000),
(3, 19, 2, 16, 1, 0, 0, 1.000),
(3, 19, 2, 17, 1, 0, 0, 1.000),
(3, 19, 2, 18, 1, 0, 0, 1.000),
(3, 19, 2, 19, 1, 0, 0, 1.000),
(3, 19, 2, 20, 0, 1, 0, -0.333),
(3, 19, 3, 21, 1, 0, 0, 1.000),
(3, 19, 3, 22, 1, 0, 0, 1.000),
(3, 19, 3, 23, 1, 0, 0, 1.000),
(3, 19, 3, 24, 1, 0, 0, 1.000),
(3, 19, 3, 25, 0, 0, 1, 0.000),
(3, 19, 3, 26, 1, 0, 0, 1.000),
(3, 19, 3, 27, 0, 0, 1, 0.000),
(3, 19, 3, 28, 0, 1, 0, -0.333),
(3, 19, 3, 29, 1, 0, 0, 1.000),
(3, 19, 3, 30, 1, 0, 0, 1.000),
(3, 19, 4, 31, 1, 0, 0, 1.000),
(3, 19, 4, 32, 1, 0, 0, 1.000),
(3, 19, 4, 33, 1, 0, 0, 1.000),
(3, 19, 4, 34, 1, 0, 0, 1.000),
(3, 19, 4, 35, 1, 0, 0, 1.000),
(3, 19, 4, 36, 1, 0, 0, 1.000),
(3, 19, 4, 37, 1, 0, 0, 1.000),
(3, 19, 4, 38, 0, 0, 1, 0.000),
(3, 19, 4, 39, 1, 0, 0, 1.000),
(3, 19, 4, 40, 1, 0, 0, 1.000),
(3, 19, 5, 41, 0, 2, 0, -0.667),
(3, 19, 5, 42, 1, 1, 0, 0.667),
(3, 19, 5, 43, 2, 0, 0, 2.000),
(3, 19, 5, 44, 2, 0, 0, 2.000),
(3, 19, 5, 45, 2, 0, 0, 2.000),
(3, 19, 5, 46, 2, 0, 0, 2.000),
(3, 19, 5, 47, 2, 0, 0, 2.000),
(3, 19, 5, 48, 2, 0, 0, 2.000),
(3, 19, 5, 49, 2, 0, 0, 2.000),
(3, 19, 5, 50, 2, 0, 0, 2.000),
(3, 19, 6, 51, 2, 0, 0, 2.000),
(3, 19, 6, 52, 2, 0, 0, 2.000),
(3, 19, 6, 53, 2, 0, 0, 2.000),
(3, 19, 6, 54, 1, 1, 0, 0.667),
(3, 19, 6, 55, 1, 0, 1, 1.000),
(3, 19, 6, 56, 1, 1, 0, 0.667),
(3, 19, 6, 57, 2, 0, 0, 2.000),
(3, 19, 6, 58, 1, 1, 0, 0.667),
(3, 19, 6, 59, 1, 0, 1, 1.000),
(3, 19, 6, 60, 2, 0, 0, 2.000),
(3, 20, 1, 1, 0, 2, 0, -0.667),
(3, 20, 1, 2, 0, 1, 1, -0.333),
(3, 20, 1, 3, 1, 0, 1, 1.000),
(3, 20, 1, 4, 1, 1, 0, 0.667),
(3, 20, 1, 5, 0, 2, 0, -0.667),
(3, 20, 1, 6, 1, 0, 1, 1.000),
(3, 20, 1, 7, 0, 0, 2, 0.000),
(3, 20, 1, 8, 1, 0, 1, 1.000),
(3, 20, 1, 9, 1, 1, 0, 0.667),
(3, 20, 1, 10, 1, 0, 1, 1.000),
(3, 20, 2, 11, 0, 0, 1, 0.000),
(3, 20, 2, 12, 1, 0, 0, 1.000),
(3, 20, 2, 13, 1, 0, 0, 1.000),
(3, 20, 2, 14, 1, 0, 0, 1.000),
(3, 20, 2, 15, 0, 1, 0, -0.333),
(3, 20, 2, 16, 1, 0, 0, 1.000),
(3, 20, 2, 17, 0, 1, 0, -0.333),
(3, 20, 2, 18, 0, 0, 1, 0.000),
(3, 20, 2, 19, 0, 0, 1, 0.000),
(3, 20, 2, 20, 1, 0, 0, 1.000),
(3, 20, 3, 21, 1, 0, 0, 1.000),
(3, 20, 3, 22, 1, 0, 0, 1.000),
(3, 20, 3, 23, 1, 0, 0, 1.000),
(3, 20, 3, 24, 1, 0, 0, 1.000),
(3, 20, 3, 25, 1, 0, 0, 1.000),
(3, 20, 3, 26, 0, 0, 1, 0.000),
(3, 20, 3, 27, 0, 1, 0, -0.333),
(3, 20, 3, 28, 0, 1, 0, -0.333),
(3, 20, 3, 29, 1, 0, 0, 1.000),
(3, 20, 3, 30, 1, 0, 0, 1.000),
(3, 20, 4, 31, 0, 1, 0, -0.333),
(3, 20, 4, 32, 0, 0, 1, 0.000),
(3, 20, 4, 33, 1, 0, 0, 1.000),
(3, 20, 4, 34, 0, 0, 1, 0.000),
(3, 20, 4, 35, 0, 1, 0, -0.333),
(3, 20, 4, 36, 1, 0, 0, 1.000),
(3, 20, 4, 37, 1, 0, 0, 1.000),
(3, 20, 4, 38, 1, 0, 0, 1.000),
(3, 20, 4, 39, 1, 0, 0, 1.000),
(3, 20, 4, 40, 1, 0, 0, 1.000),
(3, 20, 5, 41, 1, 0, 1, 1.000),
(3, 20, 5, 42, 2, 0, 0, 2.000),
(3, 20, 5, 43, 1, 1, 0, 0.667),
(3, 20, 5, 44, 0, 1, 1, -0.333),
(3, 20, 5, 45, 0, 1, 1, -0.333),
(3, 20, 5, 46, 1, 0, 1, 1.000),
(3, 20, 5, 47, 0, 1, 1, -0.333),
(3, 20, 5, 48, 1, 0, 1, 1.000),
(3, 20, 5, 49, 0, 1, 1, -0.333),
(3, 20, 5, 50, 2, 0, 0, 2.000),
(3, 20, 6, 51, 2, 0, 0, 2.000),
(3, 20, 6, 52, 1, 0, 1, 1.000),
(3, 20, 6, 53, 1, 1, 0, 0.667),
(3, 20, 6, 54, 0, 0, 2, 0.000),
(3, 20, 6, 55, 1, 1, 0, 0.667),
(3, 20, 6, 56, 1, 1, 0, 0.667),
(3, 20, 6, 57, 0, 1, 1, -0.333),
(3, 20, 6, 58, 1, 0, 1, 1.000),
(3, 20, 6, 59, 2, 0, 0, 2.000),
(3, 20, 6, 60, 0, 2, 0, -0.667),
(3, 21, 1, 1, 0, 0, 2, 0.000),
(3, 21, 1, 2, 0, 2, 0, -0.667),
(3, 21, 1, 3, 0, 1, 1, -0.333),
(3, 21, 1, 4, 0, 1, 1, -0.333),
(3, 21, 1, 5, 0, 1, 1, -0.333),
(3, 21, 1, 6, 0, 0, 2, 0.000),
(3, 21, 1, 7, 2, 0, 0, 2.000),
(3, 21, 1, 8, 1, 0, 1, 1.000),
(3, 21, 1, 9, 0, 0, 2, 0.000),
(3, 21, 1, 10, 2, 0, 0, 2.000),
(3, 21, 2, 11, 0, 1, 0, -0.333),
(3, 21, 2, 12, 0, 1, 0, -0.333),
(3, 21, 2, 13, 0, 0, 1, 0.000),
(3, 21, 2, 14, 0, 1, 0, -0.333),
(3, 21, 2, 15, 0, 0, 1, 0.000),
(3, 21, 2, 16, 1, 0, 0, 1.000),
(3, 21, 2, 17, 0, 0, 1, 0.000),
(3, 21, 2, 18, 1, 0, 0, 1.000),
(3, 21, 2, 19, 1, 0, 0, 1.000),
(3, 21, 2, 20, 1, 0, 0, 1.000),
(3, 21, 3, 21, 1, 0, 0, 1.000),
(3, 21, 3, 22, 1, 0, 0, 1.000),
(3, 21, 3, 23, 1, 0, 0, 1.000),
(3, 21, 3, 24, 0, 0, 1, 0.000),
(3, 21, 3, 25, 1, 0, 0, 1.000),
(3, 21, 3, 26, 1, 0, 0, 1.000),
(3, 21, 3, 27, 1, 0, 0, 1.000),
(3, 21, 3, 28, 1, 0, 0, 1.000),
(3, 21, 3, 29, 0, 0, 1, 0.000),
(3, 21, 3, 30, 0, 0, 1, 0.000),
(3, 21, 4, 31, 1, 0, 0, 1.000),
(3, 21, 4, 32, 0, 0, 1, 0.000),
(3, 21, 4, 33, 0, 0, 1, 0.000),
(3, 21, 4, 34, 1, 0, 0, 1.000),
(3, 21, 4, 35, 0, 0, 1, 0.000),
(3, 21, 4, 36, 1, 0, 0, 1.000),
(3, 21, 4, 37, 1, 0, 0, 1.000),
(3, 21, 4, 38, 1, 0, 0, 1.000),
(3, 21, 4, 39, 0, 0, 1, 0.000),
(3, 21, 4, 40, 0, 1, 0, -0.333),
(3, 21, 5, 41, 0, 0, 2, 0.000),
(3, 21, 5, 42, 1, 1, 0, 0.667),
(3, 21, 5, 43, 0, 2, 0, -0.667),
(3, 21, 5, 44, 1, 0, 1, 1.000),
(3, 21, 5, 45, 1, 0, 1, 1.000),
(3, 21, 5, 46, 1, 1, 0, 0.667),
(3, 21, 5, 47, 0, 2, 0, -0.667),
(3, 21, 5, 48, 0, 1, 1, -0.333),
(3, 21, 5, 49, 1, 1, 0, 0.667),
(3, 21, 5, 50, 0, 2, 0, -0.667),
(3, 21, 6, 51, 1, 0, 1, 1.000),
(3, 21, 6, 52, 0, 1, 1, -0.333),
(3, 21, 6, 53, 0, 1, 1, -0.333),
(3, 21, 6, 54, 0, 1, 1, -0.333),
(3, 21, 6, 55, 0, 0, 2, 0.000),
(3, 21, 6, 56, 1, 0, 1, 1.000),
(3, 21, 6, 57, 1, 1, 0, 0.667),
(3, 21, 6, 58, 0, 0, 2, 0.000),
(3, 21, 6, 59, 0, 1, 1, -0.333),
(3, 21, 6, 60, 1, 1, 0, 0.667),
(3, 22, 1, 1, 0, 1, 1, -0.333),
(3, 22, 1, 2, 1, 0, 1, 1.000),
(3, 22, 1, 3, 1, 0, 1, 1.000),
(3, 22, 1, 4, 1, 0, 1, 1.000),
(3, 22, 1, 5, 1, 0, 1, 1.000),
(3, 22, 1, 6, 0, 1, 1, -0.333),
(3, 22, 1, 7, 1, 1, 0, 0.667),
(3, 22, 1, 8, 1, 0, 1, 1.000),
(3, 22, 1, 9, 0, 1, 1, -0.333),
(3, 22, 1, 10, 0, 0, 2, 0.000),
(3, 22, 2, 11, 1, 0, 0, 1.000),
(3, 22, 2, 12, 0, 0, 1, 0.000),
(3, 22, 2, 13, 0, 0, 1, 0.000),
(3, 22, 2, 14, 0, 1, 0, -0.333),
(3, 22, 2, 15, 1, 0, 0, 1.000),
(3, 22, 2, 16, 0, 1, 0, -0.333),
(3, 22, 2, 17, 1, 0, 0, 1.000),
(3, 22, 2, 18, 1, 0, 0, 1.000),
(3, 22, 2, 19, 0, 0, 1, 0.000),
(3, 22, 2, 20, 1, 0, 0, 1.000),
(3, 22, 3, 21, 0, 0, 1, 0.000),
(3, 22, 3, 22, 1, 0, 0, 1.000),
(3, 22, 3, 23, 1, 0, 0, 1.000),
(3, 22, 3, 24, 1, 0, 0, 1.000),
(3, 22, 3, 25, 0, 1, 0, -0.333),
(3, 22, 3, 26, 0, 0, 1, 0.000),
(3, 22, 3, 27, 0, 0, 1, 0.000),
(3, 22, 3, 28, 1, 0, 0, 1.000),
(3, 22, 3, 29, 1, 0, 0, 1.000),
(3, 22, 3, 30, 0, 0, 1, 0.000),
(3, 22, 4, 31, 1, 0, 0, 1.000),
(3, 22, 4, 32, 0, 0, 1, 0.000),
(3, 22, 4, 33, 1, 0, 0, 1.000),
(3, 22, 4, 34, 1, 0, 0, 1.000),
(3, 22, 4, 35, 1, 0, 0, 1.000),
(3, 22, 4, 36, 1, 0, 0, 1.000),
(3, 22, 4, 37, 0, 0, 1, 0.000),
(3, 22, 4, 38, 1, 0, 0, 1.000),
(3, 22, 4, 39, 1, 0, 0, 1.000),
(3, 22, 4, 40, 0, 0, 1, 0.000),
(3, 22, 5, 41, 0, 1, 1, -0.333),
(3, 22, 5, 42, 1, 0, 1, 1.000),
(3, 22, 5, 43, 0, 2, 0, -0.667),
(3, 22, 5, 44, 2, 0, 0, 2.000),
(3, 22, 5, 45, 0, 1, 1, -0.333),
(3, 22, 5, 46, 1, 1, 0, 0.667),
(3, 22, 5, 47, 1, 1, 0, 0.667),
(3, 22, 5, 48, 0, 2, 0, -0.667),
(3, 22, 5, 49, 1, 1, 0, 0.667),
(3, 22, 5, 50, 1, 0, 1, 1.000),
(3, 22, 6, 51, 1, 1, 0, 0.667),
(3, 22, 6, 52, 1, 0, 1, 1.000),
(3, 22, 6, 53, 0, 1, 1, -0.333),
(3, 22, 6, 54, 1, 0, 1, 1.000),
(3, 22, 6, 55, 0, 1, 1, -0.333),
(3, 22, 6, 56, 0, 1, 1, -0.333),
(3, 22, 6, 57, 1, 1, 0, 0.667),
(3, 22, 6, 58, 1, 0, 1, 1.000),
(3, 22, 6, 59, 1, 0, 1, 1.000),
(3, 22, 6, 60, 1, 0, 1, 1.000),
(3, 23, 1, 1, 1, 1, 0, 0.667),
(3, 23, 1, 2, 0, 1, 1, -0.333),
(3, 23, 1, 3, 0, 1, 1, -0.333),
(3, 23, 1, 4, 0, 0, 2, 0.000),
(3, 23, 1, 5, 1, 0, 1, 1.000),
(3, 23, 1, 6, 0, 1, 1, -0.333),
(3, 23, 1, 7, 0, 1, 1, -0.333),
(3, 23, 1, 8, 1, 0, 1, 1.000),
(3, 23, 1, 9, 0, 1, 1, -0.333),
(3, 23, 1, 10, 0, 1, 1, -0.333),
(3, 23, 2, 11, 0, 0, 1, 0.000),
(3, 23, 2, 12, 0, 0, 1, 0.000),
(3, 23, 2, 13, 1, 0, 0, 1.000),
(3, 23, 2, 14, 0, 0, 1, 0.000),
(3, 23, 2, 15, 0, 0, 1, 0.000),
(3, 23, 2, 16, 0, 0, 1, 0.000),
(3, 23, 2, 17, 0, 0, 1, 0.000),
(3, 23, 2, 18, 1, 0, 0, 1.000),
(3, 23, 2, 19, 0, 0, 1, 0.000),
(3, 23, 2, 20, 0, 1, 0, -0.333),
(3, 23, 3, 21, 0, 0, 1, 0.000),
(3, 23, 3, 22, 0, 0, 1, 0.000),
(3, 23, 3, 23, 0, 1, 0, -0.333),
(3, 23, 3, 24, 0, 1, 0, -0.333),
(3, 23, 3, 25, 0, 1, 0, -0.333),
(3, 23, 3, 26, 0, 0, 1, 0.000),
(3, 23, 3, 27, 0, 1, 0, -0.333),
(3, 23, 3, 28, 0, 1, 0, -0.333),
(3, 23, 3, 29, 1, 0, 0, 1.000),
(3, 23, 3, 30, 1, 0, 0, 1.000),
(3, 23, 4, 31, 0, 1, 0, -0.333),
(3, 23, 4, 32, 1, 0, 0, 1.000),
(3, 23, 4, 33, 1, 0, 0, 1.000),
(3, 23, 4, 34, 0, 0, 1, 0.000),
(3, 23, 4, 35, 0, 0, 1, 0.000),
(3, 23, 4, 36, 0, 0, 1, 0.000),
(3, 23, 4, 37, 0, 1, 0, -0.333),
(3, 23, 4, 38, 0, 1, 0, -0.333),
(3, 23, 4, 39, 0, 1, 0, -0.333),
(3, 23, 4, 40, 1, 0, 0, 1.000),
(3, 23, 5, 41, 0, 1, 1, -0.333),
(3, 23, 5, 42, 0, 1, 1, -0.333),
(3, 23, 5, 43, 0, 1, 1, -0.333),
(3, 23, 5, 44, 0, 1, 1, -0.333),
(3, 23, 5, 45, 0, 2, 0, -0.667),
(3, 23, 5, 46, 1, 1, 0, 0.667),
(3, 23, 5, 47, 1, 1, 0, 0.667),
(3, 23, 5, 48, 0, 1, 1, -0.333),
(3, 23, 5, 49, 0, 0, 2, 0.000),
(3, 23, 5, 50, 0, 1, 1, -0.333),
(3, 23, 6, 51, 0, 2, 0, -0.667),
(3, 23, 6, 52, 0, 1, 1, -0.333),
(3, 23, 6, 53, 0, 1, 1, -0.333),
(3, 23, 6, 54, 0, 1, 1, -0.333),
(3, 23, 6, 55, 0, 1, 1, -0.333),
(3, 23, 6, 56, 0, 1, 1, -0.333),
(3, 23, 6, 57, 0, 0, 2, 0.000),
(3, 23, 6, 58, 0, 0, 2, 0.000),
(3, 23, 6, 59, 1, 0, 1, 1.000),
(3, 23, 6, 60, 1, 0, 1, 1.000),
(3, 24, 1, 1, 0, 1, 1, -0.333),
(3, 24, 1, 2, 2, 0, 0, 2.000),
(3, 24, 1, 3, 0, 0, 2, 0.000),
(3, 24, 1, 4, 0, 0, 2, 0.000),
(3, 24, 1, 5, 1, 1, 0, 0.667),
(3, 24, 1, 6, 1, 0, 1, 1.000),
(3, 24, 1, 7, 0, 2, 0, -0.667),
(3, 24, 1, 8, 1, 1, 0, 0.667),
(3, 24, 1, 9, 0, 2, 0, -0.667),
(3, 24, 1, 10, 0, 0, 2, 0.000),
(3, 24, 2, 11, 1, 0, 0, 1.000),
(3, 24, 2, 12, 1, 0, 0, 1.000),
(3, 24, 2, 13, 0, 1, 0, -0.333),
(3, 24, 2, 14, 1, 0, 0, 1.000),
(3, 24, 2, 15, 1, 0, 0, 1.000),
(3, 24, 2, 16, 1, 0, 0, 1.000),
(3, 24, 2, 17, 1, 0, 0, 1.000),
(3, 24, 2, 18, 1, 0, 0, 1.000),
(3, 24, 2, 19, 0, 0, 1, 0.000),
(3, 24, 2, 20, 0, 0, 1, 0.000),
(3, 24, 3, 21, 1, 0, 0, 1.000),
(3, 24, 3, 22, 1, 0, 0, 1.000),
(3, 24, 3, 23, 1, 0, 0, 1.000),
(3, 24, 3, 24, 1, 0, 0, 1.000),
(3, 24, 3, 25, 1, 0, 0, 1.000),
(3, 24, 3, 26, 0, 1, 0, -0.333),
(3, 24, 3, 27, 1, 0, 0, 1.000),
(3, 24, 3, 28, 0, 0, 1, 0.000),
(3, 24, 3, 29, 0, 0, 1, 0.000),
(3, 24, 3, 30, 0, 0, 1, 0.000),
(3, 24, 4, 31, 0, 0, 1, 0.000),
(3, 24, 4, 32, 1, 0, 0, 1.000),
(3, 24, 4, 33, 1, 0, 0, 1.000),
(3, 24, 4, 34, 0, 1, 0, -0.333),
(3, 24, 4, 35, 1, 0, 0, 1.000),
(3, 24, 4, 36, 0, 0, 1, 0.000),
(3, 24, 4, 37, 0, 0, 1, 0.000),
(3, 24, 4, 38, 1, 0, 0, 1.000),
(3, 24, 4, 39, 0, 0, 1, 0.000),
(3, 24, 4, 40, 1, 0, 0, 1.000),
(3, 24, 5, 41, 0, 2, 0, -0.667),
(3, 24, 5, 42, 0, 2, 0, -0.667),
(3, 24, 5, 43, 0, 2, 0, -0.667),
(3, 24, 5, 44, 0, 1, 1, -0.333),
(3, 24, 5, 45, 1, 1, 0, 0.667),
(3, 24, 5, 46, 0, 0, 2, 0.000),
(3, 24, 5, 47, 0, 1, 1, -0.333),
(3, 24, 5, 48, 2, 0, 0, 2.000),
(3, 24, 5, 49, 0, 1, 1, -0.333),
(3, 24, 5, 50, 1, 0, 1, 1.000),
(3, 24, 6, 51, 1, 0, 1, 1.000),
(3, 24, 6, 52, 1, 1, 0, 0.667),
(3, 24, 6, 53, 1, 1, 0, 0.667),
(3, 24, 6, 54, 0, 0, 2, 0.000),
(3, 24, 6, 55, 0, 1, 1, -0.333),
(3, 24, 6, 56, 0, 2, 0, -0.667),
(3, 24, 6, 57, 1, 1, 0, 0.667),
(3, 24, 6, 58, 0, 1, 1, -0.333),
(3, 24, 6, 59, 0, 1, 1, -0.333),
(3, 24, 6, 60, 1, 1, 0, 0.667),
(3, 25, 1, 1, 1, 1, 0, 0.667),
(3, 25, 1, 2, 2, 0, 0, 2.000),
(3, 25, 1, 3, 1, 0, 1, 1.000),
(3, 25, 1, 4, 2, 0, 0, 2.000),
(3, 25, 1, 5, 2, 0, 0, 2.000),
(3, 25, 1, 6, 2, 0, 0, 2.000),
(3, 25, 1, 7, 2, 0, 0, 2.000),
(3, 25, 1, 8, 2, 0, 0, 2.000),
(3, 25, 1, 9, 2, 0, 0, 2.000),
(3, 25, 1, 10, 1, 1, 0, 0.667),
(3, 25, 2, 11, 1, 0, 0, 1.000),
(3, 25, 2, 12, 1, 0, 0, 1.000),
(3, 25, 2, 13, 1, 0, 0, 1.000),
(3, 25, 2, 14, 1, 0, 0, 1.000),
(3, 25, 2, 15, 1, 0, 0, 1.000),
(3, 25, 2, 16, 1, 0, 0, 1.000),
(3, 25, 2, 17, 1, 0, 0, 1.000),
(3, 25, 2, 18, 1, 0, 0, 1.000),
(3, 25, 2, 19, 0, 1, 0, -0.333),
(3, 25, 2, 20, 1, 0, 0, 1.000),
(3, 25, 3, 21, 1, 0, 0, 1.000),
(3, 25, 3, 22, 1, 0, 0, 1.000),
(3, 25, 3, 23, 1, 0, 0, 1.000),
(3, 25, 3, 24, 1, 0, 0, 1.000),
(3, 25, 3, 25, 1, 0, 0, 1.000),
(3, 25, 3, 26, 1, 0, 0, 1.000),
(3, 25, 3, 27, 1, 0, 0, 1.000),
(3, 25, 3, 28, 1, 0, 0, 1.000),
(3, 25, 3, 29, 1, 0, 0, 1.000),
(3, 25, 3, 30, 1, 0, 0, 1.000),
(3, 25, 4, 31, 1, 0, 0, 1.000),
(3, 25, 4, 32, 1, 0, 0, 1.000),
(3, 25, 4, 33, 1, 0, 0, 1.000),
(3, 25, 4, 34, 1, 0, 0, 1.000),
(3, 25, 4, 35, 1, 0, 0, 1.000),
(3, 25, 4, 36, 1, 0, 0, 1.000),
(3, 25, 4, 37, 1, 0, 0, 1.000),
(3, 25, 4, 38, 1, 0, 0, 1.000),
(3, 25, 4, 39, 1, 0, 0, 1.000),
(3, 25, 4, 40, 1, 0, 0, 1.000),
(3, 25, 5, 41, 1, 1, 0, 0.667),
(3, 25, 5, 42, 2, 0, 0, 2.000),
(3, 25, 5, 43, 2, 0, 0, 2.000),
(3, 25, 5, 44, 2, 0, 0, 2.000),
(3, 25, 5, 45, 1, 0, 1, 1.000),
(3, 25, 5, 46, 1, 1, 0, 0.667),
(3, 25, 5, 47, 1, 1, 0, 0.667),
(3, 25, 5, 48, 2, 0, 0, 2.000),
(3, 25, 5, 49, 2, 0, 0, 2.000),
(3, 25, 5, 50, 2, 0, 0, 2.000),
(3, 25, 6, 51, 2, 0, 0, 2.000),
(3, 25, 6, 52, 1, 0, 1, 1.000),
(3, 25, 6, 53, 2, 0, 0, 2.000),
(3, 25, 6, 54, 2, 0, 0, 2.000),
(3, 25, 6, 55, 2, 0, 0, 2.000),
(3, 25, 6, 56, 2, 0, 0, 2.000),
(3, 25, 6, 57, 1, 1, 0, 0.667),
(3, 25, 6, 58, 2, 0, 0, 2.000),
(3, 25, 6, 59, 1, 0, 1, 1.000),
(3, 25, 6, 60, 2, 0, 0, 2.000),
(3, 26, 1, 1, 0, 1, 1, -0.333),
(3, 26, 1, 2, 1, 0, 1, 1.000),
(3, 26, 1, 3, 0, 0, 2, 0.000),
(3, 26, 1, 4, 0, 1, 1, -0.333),
(3, 26, 1, 5, 0, 0, 2, 0.000),
(3, 26, 1, 6, 0, 2, 0, -0.667),
(3, 26, 1, 7, 0, 2, 0, -0.667),
(3, 26, 1, 8, 0, 2, 0, -0.667),
(3, 26, 1, 9, 1, 0, 1, 1.000),
(3, 26, 1, 10, 0, 1, 1, -0.333),
(3, 26, 2, 11, 0, 0, 1, 0.000),
(3, 26, 2, 12, 1, 0, 0, 1.000),
(3, 26, 2, 13, 1, 0, 0, 1.000),
(3, 26, 2, 14, 0, 1, 0, -0.333),
(3, 26, 2, 15, 0, 0, 1, 0.000),
(3, 26, 2, 16, 0, 1, 0, -0.333),
(3, 26, 2, 17, 1, 0, 0, 1.000),
(3, 26, 2, 18, 0, 0, 1, 0.000),
(3, 26, 2, 19, 0, 0, 1, 0.000),
(3, 26, 2, 20, 0, 0, 1, 0.000),
(3, 26, 3, 21, 1, 0, 0, 1.000),
(3, 26, 3, 22, 1, 0, 0, 1.000),
(3, 26, 3, 23, 0, 0, 1, 0.000),
(3, 26, 3, 24, 0, 1, 0, -0.333),
(3, 26, 3, 25, 0, 1, 0, -0.333),
(3, 26, 3, 26, 1, 0, 0, 1.000),
(3, 26, 3, 27, 0, 0, 1, 0.000),
(3, 26, 3, 28, 0, 0, 1, 0.000),
(3, 26, 3, 29, 0, 1, 0, -0.333),
(3, 26, 3, 30, 0, 0, 1, 0.000),
(3, 26, 4, 31, 1, 0, 0, 1.000),
(3, 26, 4, 32, 1, 0, 0, 1.000),
(3, 26, 4, 33, 0, 1, 0, -0.333),
(3, 26, 4, 34, 0, 0, 1, 0.000),
(3, 26, 4, 35, 0, 1, 0, -0.333),
(3, 26, 4, 36, 1, 0, 0, 1.000),
(3, 26, 4, 37, 0, 0, 1, 0.000),
(3, 26, 4, 38, 0, 0, 1, 0.000),
(3, 26, 4, 39, 1, 0, 0, 1.000),
(3, 26, 4, 40, 0, 0, 1, 0.000),
(3, 26, 5, 41, 0, 2, 0, -0.667),
(3, 26, 5, 42, 0, 2, 0, -0.667),
(3, 26, 5, 43, 0, 0, 2, 0.000),
(3, 26, 5, 44, 0, 2, 0, -0.667),
(3, 26, 5, 45, 0, 1, 1, -0.333),
(3, 26, 5, 46, 0, 2, 0, -0.667),
(3, 26, 5, 47, 0, 1, 1, -0.333),
(3, 26, 5, 48, 0, 2, 0, -0.667),
(3, 26, 5, 49, 0, 1, 1, -0.333),
(3, 26, 5, 50, 0, 1, 1, -0.333),
(3, 26, 6, 51, 0, 2, 0, -0.667),
(3, 26, 6, 52, 0, 1, 1, -0.333),
(3, 26, 6, 53, 0, 1, 1, -0.333),
(3, 26, 6, 54, 0, 0, 2, 0.000),
(3, 26, 6, 55, 0, 1, 1, -0.333),
(3, 26, 6, 56, 0, 2, 0, -0.667),
(3, 26, 6, 57, 0, 1, 1, -0.333),
(3, 26, 6, 58, 0, 0, 2, 0.000),
(3, 26, 6, 59, 0, 1, 1, -0.333),
(3, 26, 6, 60, 0, 1, 1, -0.333),
(3, 27, 1, 1, 1, 1, 0, 0.667),
(3, 27, 1, 2, 0, 0, 2, 0.000),
(3, 27, 1, 3, 1, 1, 0, 0.667),
(3, 27, 1, 4, 1, 0, 1, 1.000),
(3, 27, 1, 5, 0, 1, 1, -0.333),
(3, 27, 1, 6, 0, 0, 2, 0.000),
(3, 27, 1, 7, 0, 2, 0, -0.667),
(3, 27, 1, 8, 0, 1, 1, -0.333),
(3, 27, 1, 9, 1, 0, 1, 1.000),
(3, 27, 1, 10, 0, 2, 0, -0.667),
(3, 27, 2, 11, 0, 1, 0, -0.333),
(3, 27, 2, 12, 0, 0, 1, 0.000),
(3, 27, 2, 13, 1, 0, 0, 1.000),
(3, 27, 2, 14, 0, 0, 1, 0.000),
(3, 27, 2, 15, 0, 1, 0, -0.333),
(3, 27, 2, 16, 1, 0, 0, 1.000),
(3, 27, 2, 17, 0, 1, 0, -0.333),
(3, 27, 2, 18, 1, 0, 0, 1.000),
(3, 27, 2, 19, 0, 0, 1, 0.000),
(3, 27, 2, 20, 0, 0, 1, 0.000),
(3, 27, 3, 21, 1, 0, 0, 1.000),
(3, 27, 3, 22, 0, 1, 0, -0.333),
(3, 27, 3, 23, 1, 0, 0, 1.000),
(3, 27, 3, 24, 1, 0, 0, 1.000),
(3, 27, 3, 25, 0, 0, 1, 0.000),
(3, 27, 3, 26, 1, 0, 0, 1.000),
(3, 27, 3, 27, 1, 0, 0, 1.000),
(3, 27, 3, 28, 1, 0, 0, 1.000),
(3, 27, 3, 29, 0, 0, 1, 0.000),
(3, 27, 3, 30, 1, 0, 0, 1.000),
(3, 27, 4, 31, 0, 0, 1, 0.000),
(3, 27, 4, 32, 1, 0, 0, 1.000),
(3, 27, 4, 33, 0, 1, 0, -0.333),
(3, 27, 4, 34, 1, 0, 0, 1.000),
(3, 27, 4, 35, 1, 0, 0, 1.000),
(3, 27, 4, 36, 0, 1, 0, -0.333),
(3, 27, 4, 37, 0, 0, 1, 0.000),
(3, 27, 4, 38, 1, 0, 0, 1.000),
(3, 27, 4, 39, 0, 0, 1, 0.000),
(3, 27, 4, 40, 1, 0, 0, 1.000),
(3, 27, 5, 41, 0, 2, 0, -0.667),
(3, 27, 5, 42, 2, 0, 0, 2.000),
(3, 27, 5, 43, 1, 0, 1, 1.000),
(3, 27, 5, 44, 2, 0, 0, 2.000),
(3, 27, 5, 45, 0, 2, 0, -0.667),
(3, 27, 5, 46, 2, 0, 0, 2.000),
(3, 27, 5, 47, 0, 1, 1, -0.333),
(3, 27, 5, 48, 2, 0, 0, 2.000),
(3, 27, 5, 49, 0, 1, 1, -0.333),
(3, 27, 5, 50, 0, 1, 1, -0.333),
(3, 27, 6, 51, 0, 2, 0, -0.667),
(3, 27, 6, 52, 1, 1, 0, 0.667),
(3, 27, 6, 53, 2, 0, 0, 2.000),
(3, 27, 6, 54, 0, 1, 1, -0.333),
(3, 27, 6, 55, 1, 1, 0, 0.667),
(3, 27, 6, 56, 1, 0, 1, 1.000),
(3, 27, 6, 57, 0, 2, 0, -0.667),
(3, 27, 6, 58, 2, 0, 0, 2.000),
(3, 27, 6, 59, 0, 0, 2, 0.000),
(3, 27, 6, 60, 2, 0, 0, 2.000),
(3, 28, 1, 1, 0, 2, 0, -0.667),
(3, 28, 1, 2, 0, 0, 2, 0.000),
(3, 28, 1, 3, 0, 0, 2, 0.000),
(3, 28, 1, 4, 0, 2, 0, -0.667),
(3, 28, 1, 5, 1, 1, 0, 0.667),
(3, 28, 1, 6, 1, 0, 1, 1.000),
(3, 28, 1, 7, 2, 0, 0, 2.000),
(3, 28, 1, 8, 0, 0, 2, 0.000),
(3, 28, 1, 9, 0, 0, 2, 0.000),
(3, 28, 1, 10, 1, 1, 0, 0.667),
(3, 28, 2, 11, 1, 0, 0, 1.000),
(3, 28, 2, 12, 1, 0, 0, 1.000),
(3, 28, 2, 13, 0, 1, 0, -0.333),
(3, 28, 2, 14, 0, 0, 1, 0.000),
(3, 28, 2, 15, 1, 0, 0, 1.000),
(3, 28, 2, 16, 0, 0, 1, 0.000),
(3, 28, 2, 17, 1, 0, 0, 1.000),
(3, 28, 2, 18, 1, 0, 0, 1.000),
(3, 28, 2, 19, 0, 0, 1, 0.000),
(3, 28, 2, 20, 1, 0, 0, 1.000),
(3, 28, 3, 21, 0, 1, 0, -0.333),
(3, 28, 3, 22, 1, 0, 0, 1.000),
(3, 28, 3, 23, 1, 0, 0, 1.000),
(3, 28, 3, 24, 0, 0, 1, 0.000),
(3, 28, 3, 25, 0, 0, 1, 0.000),
(3, 28, 3, 26, 1, 0, 0, 1.000),
(3, 28, 3, 27, 0, 0, 1, 0.000),
(3, 28, 3, 28, 1, 0, 0, 1.000),
(3, 28, 3, 29, 0, 0, 1, 0.000),
(3, 28, 3, 30, 0, 1, 0, -0.333),
(3, 28, 4, 31, 0, 1, 0, -0.333),
(3, 28, 4, 32, 0, 0, 1, 0.000),
(3, 28, 4, 33, 0, 1, 0, -0.333),
(3, 28, 4, 34, 0, 0, 1, 0.000),
(3, 28, 4, 35, 1, 0, 0, 1.000),
(3, 28, 4, 36, 1, 0, 0, 1.000),
(3, 28, 4, 37, 0, 0, 1, 0.000),
(3, 28, 4, 38, 1, 0, 0, 1.000),
(3, 28, 4, 39, 1, 0, 0, 1.000),
(3, 28, 4, 40, 1, 0, 0, 1.000),
(3, 28, 5, 41, 1, 0, 1, 1.000),
(3, 28, 5, 42, 0, 1, 1, -0.333),
(3, 28, 5, 43, 0, 1, 1, -0.333),
(3, 28, 5, 44, 0, 2, 0, -0.667),
(3, 28, 5, 45, 1, 1, 0, 0.667),
(3, 28, 5, 46, 0, 2, 0, -0.667),
(3, 28, 5, 47, 1, 1, 0, 0.667),
(3, 28, 5, 48, 1, 0, 1, 1.000),
(3, 28, 5, 49, 2, 0, 0, 2.000),
(3, 28, 5, 50, 1, 1, 0, 0.667),
(3, 28, 6, 51, 0, 0, 2, 0.000),
(3, 28, 6, 52, 1, 0, 1, 1.000),
(3, 28, 6, 53, 1, 0, 1, 1.000),
(3, 28, 6, 54, 0, 1, 1, -0.333),
(3, 28, 6, 55, 0, 0, 2, 0.000),
(3, 28, 6, 56, 1, 0, 1, 1.000),
(3, 28, 6, 57, 1, 0, 1, 1.000),
(3, 28, 6, 58, 0, 2, 0, -0.667),
(3, 28, 6, 59, 0, 2, 0, -0.667),
(3, 28, 6, 60, 0, 1, 1, -0.333),
(3, 29, 1, 1, 1, 1, 0, 0.667),
(3, 29, 1, 2, 0, 1, 1, -0.333),
(3, 29, 1, 3, 1, 0, 1, 1.000),
(3, 29, 1, 4, 1, 0, 1, 1.000),
(3, 29, 1, 5, 1, 1, 0, 0.667),
(3, 29, 1, 6, 1, 1, 0, 0.667),
(3, 29, 1, 7, 1, 0, 1, 1.000),
(3, 29, 1, 8, 0, 1, 1, -0.333),
(3, 29, 1, 9, 1, 1, 0, 0.667),
(3, 29, 1, 10, 1, 0, 1, 1.000),
(3, 29, 2, 11, 1, 0, 0, 1.000),
(3, 29, 2, 12, 0, 0, 1, 0.000),
(3, 29, 2, 13, 1, 0, 0, 1.000),
(3, 29, 2, 14, 0, 0, 1, 0.000),
(3, 29, 2, 15, 0, 0, 1, 0.000),
(3, 29, 2, 16, 0, 1, 0, -0.333),
(3, 29, 2, 17, 1, 0, 0, 1.000),
(3, 29, 2, 18, 1, 0, 0, 1.000),
(3, 29, 2, 19, 0, 0, 1, 0.000),
(3, 29, 2, 20, 1, 0, 0, 1.000),
(3, 29, 3, 21, 1, 0, 0, 1.000),
(3, 29, 3, 22, 1, 0, 0, 1.000),
(3, 29, 3, 23, 1, 0, 0, 1.000),
(3, 29, 3, 24, 1, 0, 0, 1.000),
(3, 29, 3, 25, 0, 1, 0, -0.333),
(3, 29, 3, 26, 0, 1, 0, -0.333),
(3, 29, 3, 27, 1, 0, 0, 1.000),
(3, 29, 3, 28, 1, 0, 0, 1.000),
(3, 29, 3, 29, 1, 0, 0, 1.000),
(3, 29, 3, 30, 1, 0, 0, 1.000),
(3, 29, 4, 31, 1, 0, 0, 1.000),
(3, 29, 4, 32, 1, 0, 0, 1.000),
(3, 29, 4, 33, 1, 0, 0, 1.000),
(3, 29, 4, 34, 1, 0, 0, 1.000),
(3, 29, 4, 35, 1, 0, 0, 1.000),
(3, 29, 4, 36, 1, 0, 0, 1.000),
(3, 29, 4, 37, 0, 0, 1, 0.000),
(3, 29, 4, 38, 1, 0, 0, 1.000),
(3, 29, 4, 39, 1, 0, 0, 1.000),
(3, 29, 4, 40, 1, 0, 0, 1.000),
(3, 29, 5, 41, 1, 1, 0, 0.667),
(3, 29, 5, 42, 1, 0, 1, 1.000),
(3, 29, 5, 43, 0, 0, 2, 0.000),
(3, 29, 5, 44, 1, 1, 0, 0.667),
(3, 29, 5, 45, 1, 0, 1, 1.000),
(3, 29, 5, 46, 2, 0, 0, 2.000),
(3, 29, 5, 47, 0, 1, 1, -0.333),
(3, 29, 5, 48, 1, 1, 0, 0.667),
(3, 29, 5, 49, 0, 0, 2, 0.000),
(3, 29, 5, 50, 0, 0, 2, 0.000),
(3, 29, 6, 51, 1, 0, 1, 1.000),
(3, 29, 6, 52, 0, 1, 1, -0.333),
(3, 29, 6, 53, 1, 0, 1, 1.000),
(3, 29, 6, 54, 1, 1, 0, 0.667),
(3, 29, 6, 55, 1, 1, 0, 0.667),
(3, 29, 6, 56, 1, 1, 0, 0.667),
(3, 29, 6, 57, 0, 1, 1, -0.333),
(3, 29, 6, 58, 0, 2, 0, -0.667),
(3, 29, 6, 59, 1, 1, 0, 0.667),
(3, 29, 6, 60, 1, 0, 1, 1.000),
(3, 30, 1, 1, 0, 1, 1, -0.333),
(3, 30, 1, 2, 1, 1, 0, 0.667),
(3, 30, 1, 3, 0, 0, 2, 0.000),
(3, 30, 1, 4, 1, 0, 1, 1.000),
(3, 30, 1, 5, 0, 1, 1, -0.333),
(3, 30, 1, 6, 0, 1, 1, -0.333),
(3, 30, 1, 7, 0, 1, 1, -0.333),
(3, 30, 1, 8, 0, 0, 2, 0.000),
(3, 30, 1, 9, 0, 0, 2, 0.000),
(3, 30, 1, 10, 1, 0, 1, 1.000),
(3, 30, 2, 11, 1, 0, 0, 1.000),
(3, 30, 2, 12, 0, 1, 0, -0.333),
(3, 30, 2, 13, 1, 0, 0, 1.000),
(3, 30, 2, 14, 0, 1, 0, -0.333),
(3, 30, 2, 15, 0, 0, 1, 0.000),
(3, 30, 2, 16, 1, 0, 0, 1.000),
(3, 30, 2, 17, 1, 0, 0, 1.000),
(3, 30, 2, 18, 0, 1, 0, -0.333),
(3, 30, 2, 19, 0, 0, 1, 0.000),
(3, 30, 2, 20, 0, 0, 1, 0.000),
(3, 30, 3, 21, 0, 1, 0, -0.333),
(3, 30, 3, 22, 0, 1, 0, -0.333),
(3, 30, 3, 23, 0, 0, 1, 0.000),
(3, 30, 3, 24, 1, 0, 0, 1.000),
(3, 30, 3, 25, 0, 1, 0, -0.333),
(3, 30, 3, 26, 1, 0, 0, 1.000),
(3, 30, 3, 27, 0, 1, 0, -0.333),
(3, 30, 3, 28, 0, 1, 0, -0.333),
(3, 30, 3, 29, 0, 0, 1, 0.000),
(3, 30, 3, 30, 0, 1, 0, -0.333),
(3, 30, 4, 31, 0, 0, 1, 0.000),
(3, 30, 4, 32, 0, 1, 0, -0.333),
(3, 30, 4, 33, 0, 0, 1, 0.000),
(3, 30, 4, 34, 1, 0, 0, 1.000),
(3, 30, 4, 35, 0, 0, 1, 0.000),
(3, 30, 4, 36, 0, 0, 1, 0.000),
(3, 30, 4, 37, 1, 0, 0, 1.000),
(3, 30, 4, 38, 0, 1, 0, -0.333),
(3, 30, 4, 39, 1, 0, 0, 1.000),
(3, 30, 4, 40, 0, 1, 0, -0.333),
(3, 30, 5, 41, 0, 0, 2, 0.000),
(3, 30, 5, 42, 0, 1, 1, -0.333),
(3, 30, 5, 43, 0, 1, 1, -0.333),
(3, 30, 5, 44, 0, 1, 1, -0.333),
(3, 30, 5, 45, 1, 1, 0, 0.667),
(3, 30, 5, 46, 0, 1, 1, -0.333),
(3, 30, 5, 47, 0, 2, 0, -0.667),
(3, 30, 5, 48, 0, 0, 2, 0.000),
(3, 30, 5, 49, 0, 0, 2, 0.000),
(3, 30, 5, 50, 0, 2, 0, -0.667),
(3, 30, 6, 51, 0, 0, 2, 0.000),
(3, 30, 6, 52, 1, 1, 0, 0.667),
(3, 30, 6, 53, 0, 1, 1, -0.333),
(3, 30, 6, 54, 1, 1, 0, 0.667),
(3, 30, 6, 55, 0, 1, 1, -0.333),
(3, 30, 6, 56, 0, 2, 0, -0.667),
(3, 30, 6, 57, 0, 1, 1, -0.333),
(3, 30, 6, 58, 1, 0, 1, 1.000),
(3, 30, 6, 59, 1, 1, 0, 0.667),
(3, 30, 6, 60, 0, 1, 1, -0.333),
(3, 31, 1, 1, 1, 0, 1, 1.000),
(3, 31, 1, 2, 2, 0, 0, 2.000),
(3, 31, 1, 3, 0, 0, 2, 0.000),
(3, 31, 1, 4, 1, 1, 0, 0.667),
(3, 31, 1, 5, 1, 1, 0, 0.667),
(3, 31, 1, 6, 0, 0, 2, 0.000),
(3, 31, 1, 7, 0, 0, 2, 0.000),
(3, 31, 1, 8, 0, 2, 0, -0.667),
(3, 31, 1, 9, 1, 0, 1, 1.000),
(3, 31, 1, 10, 1, 1, 0, 0.667),
(3, 31, 2, 11, 1, 0, 0, 1.000),
(3, 31, 2, 12, 0, 1, 0, -0.333),
(3, 31, 2, 13, 1, 0, 0, 1.000),
(3, 31, 2, 14, 1, 0, 0, 1.000),
(3, 31, 2, 15, 1, 0, 0, 1.000),
(3, 31, 2, 16, 1, 0, 0, 1.000),
(3, 31, 2, 17, 0, 1, 0, -0.333),
(3, 31, 2, 18, 1, 0, 0, 1.000),
(3, 31, 2, 19, 0, 1, 0, -0.333),
(3, 31, 2, 20, 1, 0, 0, 1.000),
(3, 31, 3, 21, 1, 0, 0, 1.000),
(3, 31, 3, 22, 0, 1, 0, -0.333),
(3, 31, 3, 23, 0, 1, 0, -0.333),
(3, 31, 3, 24, 0, 0, 1, 0.000),
(3, 31, 3, 25, 0, 1, 0, -0.333),
(3, 31, 3, 26, 1, 0, 0, 1.000),
(3, 31, 3, 27, 0, 1, 0, -0.333),
(3, 31, 3, 28, 0, 0, 1, 0.000),
(3, 31, 3, 29, 0, 1, 0, -0.333),
(3, 31, 3, 30, 1, 0, 0, 1.000),
(3, 31, 4, 31, 1, 0, 0, 1.000),
(3, 31, 4, 32, 1, 0, 0, 1.000),
(3, 31, 4, 33, 1, 0, 0, 1.000),
(3, 31, 4, 34, 0, 1, 0, -0.333),
(3, 31, 4, 35, 1, 0, 0, 1.000),
(3, 31, 4, 36, 0, 0, 1, 0.000),
(3, 31, 4, 37, 0, 1, 0, -0.333),
(3, 31, 4, 38, 0, 1, 0, -0.333),
(3, 31, 4, 39, 1, 0, 0, 1.000),
(3, 31, 4, 40, 0, 1, 0, -0.333),
(3, 31, 5, 41, 0, 0, 2, 0.000),
(3, 31, 5, 42, 1, 0, 1, 1.000),
(3, 31, 5, 43, 0, 1, 1, -0.333),
(3, 31, 5, 44, 0, 1, 1, -0.333),
(3, 31, 5, 45, 1, 1, 0, 0.667),
(3, 31, 5, 46, 2, 0, 0, 2.000),
(3, 31, 5, 47, 0, 1, 1, -0.333),
(3, 31, 5, 48, 0, 0, 2, 0.000),
(3, 31, 5, 49, 0, 2, 0, -0.667),
(3, 31, 5, 50, 1, 1, 0, 0.667),
(3, 31, 6, 51, 0, 1, 1, -0.333),
(3, 31, 6, 52, 0, 0, 2, 0.000),
(3, 31, 6, 53, 1, 0, 1, 1.000),
(3, 31, 6, 54, 1, 0, 1, 1.000),
(3, 31, 6, 55, 2, 0, 0, 2.000),
(3, 31, 6, 56, 1, 0, 1, 1.000),
(3, 31, 6, 57, 1, 0, 1, 1.000),
(3, 31, 6, 58, 2, 0, 0, 2.000),
(3, 31, 6, 59, 0, 1, 1, -0.333),
(3, 31, 6, 60, 2, 0, 0, 2.000),
(3, 32, 1, 1, 1, 0, 1, 1.000),
(3, 32, 1, 2, 0, 1, 1, -0.333),
(3, 32, 1, 3, 0, 0, 2, 0.000),
(3, 32, 1, 4, 0, 2, 0, -0.667),
(3, 32, 1, 5, 0, 1, 1, -0.333),
(3, 32, 1, 6, 2, 0, 0, 2.000),
(3, 32, 1, 7, 0, 2, 0, -0.667),
(3, 32, 1, 8, 1, 1, 0, 0.667),
(3, 32, 1, 9, 0, 1, 1, -0.333),
(3, 32, 1, 10, 0, 1, 1, -0.333),
(3, 32, 2, 11, 1, 0, 0, 1.000),
(3, 32, 2, 12, 0, 1, 0, -0.333),
(3, 32, 2, 13, 1, 0, 0, 1.000),
(3, 32, 2, 14, 1, 0, 0, 1.000),
(3, 32, 2, 15, 0, 1, 0, -0.333),
(3, 32, 2, 16, 1, 0, 0, 1.000),
(3, 32, 2, 17, 0, 1, 0, -0.333),
(3, 32, 2, 18, 1, 0, 0, 1.000),
(3, 32, 2, 19, 0, 1, 0, -0.333),
(3, 32, 2, 20, 1, 0, 0, 1.000),
(3, 32, 3, 21, 1, 0, 0, 1.000),
(3, 32, 3, 22, 0, 1, 0, -0.333),
(3, 32, 3, 23, 1, 0, 0, 1.000),
(3, 32, 3, 24, 1, 0, 0, 1.000),
(3, 32, 3, 25, 1, 0, 0, 1.000),
(3, 32, 3, 26, 1, 0, 0, 1.000),
(3, 32, 3, 27, 0, 0, 1, 0.000),
(3, 32, 3, 28, 1, 0, 0, 1.000),
(3, 32, 3, 29, 1, 0, 0, 1.000),
(3, 32, 3, 30, 0, 0, 1, 0.000),
(3, 32, 4, 31, 1, 0, 0, 1.000),
(3, 32, 4, 32, 1, 0, 0, 1.000),
(3, 32, 4, 33, 0, 1, 0, -0.333),
(3, 32, 4, 34, 0, 0, 1, 0.000),
(3, 32, 4, 35, 0, 1, 0, -0.333),
(3, 32, 4, 36, 0, 1, 0, -0.333),
(3, 32, 4, 37, 1, 0, 0, 1.000),
(3, 32, 4, 38, 1, 0, 0, 1.000),
(3, 32, 4, 39, 0, 1, 0, -0.333),
(3, 32, 4, 40, 1, 0, 0, 1.000),
(3, 32, 5, 41, 1, 0, 1, 1.000),
(3, 32, 5, 42, 1, 0, 1, 1.000),
(3, 32, 5, 43, 0, 1, 1, -0.333),
(3, 32, 5, 44, 1, 1, 0, 0.667),
(3, 32, 5, 45, 1, 1, 0, 0.667),
(3, 32, 5, 46, 0, 2, 0, -0.667),
(3, 32, 5, 47, 1, 0, 1, 1.000),
(3, 32, 5, 48, 2, 0, 0, 2.000),
(3, 32, 5, 49, 1, 0, 1, 1.000),
(3, 32, 5, 50, 1, 0, 1, 1.000),
(3, 32, 6, 51, 1, 1, 0, 0.667),
(3, 32, 6, 52, 2, 0, 0, 2.000),
(3, 32, 6, 53, 0, 1, 1, -0.333),
(3, 32, 6, 54, 0, 1, 1, -0.333),
(3, 32, 6, 55, 1, 0, 1, 1.000),
(3, 32, 6, 56, 1, 1, 0, 0.667),
(3, 32, 6, 57, 0, 0, 2, 0.000),
(3, 32, 6, 58, 0, 1, 1, -0.333),
(3, 32, 6, 59, 0, 2, 0, -0.667),
(3, 32, 6, 60, 0, 1, 1, -0.333),
(3, 33, 1, 1, 2, 0, 0, 2.000),
(3, 33, 1, 2, 1, 1, 0, 0.667),
(3, 33, 1, 3, 1, 1, 0, 0.667),
(3, 33, 1, 4, 2, 0, 0, 2.000),
(3, 33, 1, 5, 2, 0, 0, 2.000),
(3, 33, 1, 6, 1, 1, 0, 0.667),
(3, 33, 1, 7, 1, 1, 0, 0.667),
(3, 33, 1, 8, 2, 0, 0, 2.000),
(3, 33, 1, 9, 1, 1, 0, 0.667),
(3, 33, 1, 10, 2, 0, 0, 2.000),
(3, 33, 2, 11, 1, 0, 0, 1.000),
(3, 33, 2, 12, 0, 0, 1, 0.000),
(3, 33, 2, 13, 1, 0, 0, 1.000),
(3, 33, 2, 14, 1, 0, 0, 1.000),
(3, 33, 2, 15, 0, 1, 0, -0.333),
(3, 33, 2, 16, 1, 0, 0, 1.000),
(3, 33, 2, 17, 1, 0, 0, 1.000),
(3, 33, 2, 18, 0, 1, 0, -0.333),
(3, 33, 2, 19, 1, 0, 0, 1.000),
(3, 33, 2, 20, 0, 1, 0, -0.333),
(3, 33, 3, 21, 1, 0, 0, 1.000),
(3, 33, 3, 22, 1, 0, 0, 1.000),
(3, 33, 3, 23, 1, 0, 0, 1.000),
(3, 33, 3, 24, 1, 0, 0, 1.000),
(3, 33, 3, 25, 1, 0, 0, 1.000),
(3, 33, 3, 26, 1, 0, 0, 1.000),
(3, 33, 3, 27, 1, 0, 0, 1.000),
(3, 33, 3, 28, 1, 0, 0, 1.000),
(3, 33, 3, 29, 1, 0, 0, 1.000),
(3, 33, 3, 30, 0, 1, 0, -0.333),
(3, 33, 4, 31, 1, 0, 0, 1.000),
(3, 33, 4, 32, 0, 1, 0, -0.333),
(3, 33, 4, 33, 1, 0, 0, 1.000),
(3, 33, 4, 34, 1, 0, 0, 1.000),
(3, 33, 4, 35, 1, 0, 0, 1.000),
(3, 33, 4, 36, 1, 0, 0, 1.000),
(3, 33, 4, 37, 1, 0, 0, 1.000),
(3, 33, 4, 38, 1, 0, 0, 1.000),
(3, 33, 4, 39, 1, 0, 0, 1.000),
(3, 33, 4, 40, 1, 0, 0, 1.000),
(3, 33, 5, 41, 2, 0, 0, 2.000),
(3, 33, 5, 42, 2, 0, 0, 2.000),
(3, 33, 5, 43, 2, 0, 0, 2.000),
(3, 33, 5, 44, 1, 1, 0, 0.667),
(3, 33, 5, 45, 1, 1, 0, 0.667),
(3, 33, 5, 46, 2, 0, 0, 2.000),
(3, 33, 5, 47, 1, 1, 0, 0.667),
(3, 33, 5, 48, 2, 0, 0, 2.000),
(3, 33, 5, 49, 2, 0, 0, 2.000),
(3, 33, 5, 50, 2, 0, 0, 2.000),
(3, 33, 6, 51, 2, 0, 0, 2.000),
(3, 33, 6, 52, 1, 1, 0, 0.667),
(3, 33, 6, 53, 2, 0, 0, 2.000),
(3, 33, 6, 54, 2, 0, 0, 2.000),
(3, 33, 6, 55, 2, 0, 0, 2.000),
(3, 33, 6, 56, 2, 0, 0, 2.000),
(3, 33, 6, 57, 1, 1, 0, 0.667),
(3, 33, 6, 58, 2, 0, 0, 2.000),
(3, 33, 6, 59, 1, 0, 1, 1.000),
(3, 33, 6, 60, 1, 0, 1, 1.000),
(4, 1, 1, 1, 1, 1, 0, 0.667),
(4, 1, 1, 2, 0, 0, 2, 0.000),
(4, 1, 1, 3, 0, 0, 2, 0.000),
(4, 1, 1, 4, 1, 0, 1, 1.000),
(4, 1, 1, 5, 1, 1, 0, 0.667),
(4, 1, 1, 6, 0, 1, 1, -0.333),
(4, 1, 1, 7, 2, 0, 0, 2.000),
(4, 1, 1, 8, 0, 1, 1, -0.333),
(4, 1, 1, 9, 0, 2, 0, -0.667),
(4, 1, 1, 10, 1, 1, 0, 0.667),
(4, 1, 2, 11, 0, 1, 0, -0.333),
(4, 1, 2, 12, 0, 0, 1, 0.000),
(4, 1, 2, 13, 0, 1, 0, -0.333),
(4, 1, 2, 14, 1, 0, 0, 1.000),
(4, 1, 2, 15, 0, 0, 1, 0.000),
(4, 1, 2, 16, 0, 1, 0, -0.333),
(4, 1, 2, 17, 1, 0, 0, 1.000),
(4, 1, 2, 18, 1, 0, 0, 1.000),
(4, 1, 2, 19, 1, 0, 0, 1.000),
(4, 1, 2, 20, 0, 1, 0, -0.333),
(4, 1, 3, 21, 1, 0, 0, 1.000),
(4, 1, 3, 22, 0, 0, 1, 0.000),
(4, 1, 3, 23, 0, 0, 1, 0.000),
(4, 1, 3, 24, 0, 0, 1, 0.000),
(4, 1, 3, 25, 0, 1, 0, -0.333),
(4, 1, 3, 26, 1, 0, 0, 1.000),
(4, 1, 3, 27, 1, 0, 0, 1.000),
(4, 1, 3, 28, 0, 0, 1, 0.000),
(4, 1, 3, 29, 0, 0, 1, 0.000),
(4, 1, 3, 30, 0, 0, 1, 0.000),
(4, 1, 4, 31, 0, 1, 0, -0.333),
(4, 1, 4, 32, 1, 0, 0, 1.000),
(4, 1, 4, 33, 0, 1, 0, -0.333),
(4, 1, 4, 34, 1, 0, 0, 1.000),
(4, 1, 4, 35, 1, 0, 0, 1.000),
(4, 1, 4, 36, 0, 0, 1, 0.000),
(4, 1, 4, 37, 1, 0, 0, 1.000),
(4, 1, 4, 38, 1, 0, 0, 1.000),
(4, 1, 4, 39, 0, 0, 1, 0.000),
(4, 1, 4, 40, 0, 1, 0, -0.333),
(4, 1, 5, 41, 0, 1, 1, -0.333),
(4, 1, 5, 42, 2, 0, 0, 2.000),
(4, 1, 5, 43, 1, 1, 0, 0.667),
(4, 1, 5, 44, 0, 0, 2, 0.000),
(4, 1, 5, 45, 0, 1, 1, -0.333),
(4, 1, 5, 46, 0, 2, 0, -0.667),
(4, 1, 5, 47, 0, 1, 1, -0.333),
(4, 1, 5, 48, 0, 2, 0, -0.667),
(4, 1, 5, 49, 1, 0, 1, 1.000),
(4, 1, 5, 50, 0, 0, 2, 0.000),
(4, 1, 6, 51, 1, 0, 1, 1.000),
(4, 1, 6, 52, 0, 1, 1, -0.333),
(4, 1, 6, 53, 1, 1, 0, 0.667),
(4, 1, 6, 54, 1, 1, 0, 0.667),
(4, 1, 6, 55, 0, 0, 2, 0.000),
(4, 1, 6, 56, 0, 1, 1, -0.333),
(4, 1, 6, 57, 2, 0, 0, 2.000),
(4, 1, 6, 58, 0, 0, 2, 0.000),
(4, 1, 6, 59, 1, 0, 1, 1.000),
(4, 1, 6, 60, 1, 0, 1, 1.000),
(4, 2, 1, 1, 2, 0, 0, 2.000),
(4, 2, 1, 2, 0, 1, 1, -0.333),
(4, 2, 1, 3, 2, 0, 0, 2.000),
(4, 2, 1, 4, 0, 1, 1, -0.333),
(4, 2, 1, 5, 0, 1, 1, -0.333),
(4, 2, 1, 6, 1, 0, 1, 1.000),
(4, 2, 1, 7, 0, 2, 0, -0.667),
(4, 2, 1, 8, 1, 0, 1, 1.000),
(4, 2, 1, 9, 1, 0, 1, 1.000),
(4, 2, 1, 10, 1, 0, 1, 1.000),
(4, 2, 2, 11, 1, 0, 0, 1.000),
(4, 2, 2, 12, 0, 1, 0, -0.333),
(4, 2, 2, 13, 0, 1, 0, -0.333),
(4, 2, 2, 14, 0, 0, 1, 0.000),
(4, 2, 2, 15, 0, 0, 1, 0.000),
(4, 2, 2, 16, 1, 0, 0, 1.000),
(4, 2, 2, 17, 0, 0, 1, 0.000),
(4, 2, 2, 18, 1, 0, 0, 1.000),
(4, 2, 2, 19, 0, 0, 1, 0.000),
(4, 2, 2, 20, 1, 0, 0, 1.000),
(4, 2, 3, 21, 0, 1, 0, -0.333),
(4, 2, 3, 22, 1, 0, 0, 1.000),
(4, 2, 3, 23, 1, 0, 0, 1.000),
(4, 2, 3, 24, 1, 0, 0, 1.000),
(4, 2, 3, 25, 1, 0, 0, 1.000),
(4, 2, 3, 26, 1, 0, 0, 1.000),
(4, 2, 3, 27, 1, 0, 0, 1.000),
(4, 2, 3, 28, 1, 0, 0, 1.000),
(4, 2, 3, 29, 0, 0, 1, 0.000),
(4, 2, 3, 30, 0, 1, 0, -0.333),
(4, 2, 4, 31, 1, 0, 0, 1.000),
(4, 2, 4, 32, 0, 0, 1, 0.000),
(4, 2, 4, 33, 0, 0, 1, 0.000),
(4, 2, 4, 34, 1, 0, 0, 1.000),
(4, 2, 4, 35, 1, 0, 0, 1.000),
(4, 2, 4, 36, 1, 0, 0, 1.000),
(4, 2, 4, 37, 1, 0, 0, 1.000),
(4, 2, 4, 38, 1, 0, 0, 1.000),
(4, 2, 4, 39, 1, 0, 0, 1.000),
(4, 2, 4, 40, 0, 1, 0, -0.333),
(4, 2, 5, 41, 0, 2, 0, -0.667),
(4, 2, 5, 42, 0, 1, 1, -0.333),
(4, 2, 5, 43, 1, 0, 1, 1.000),
(4, 2, 5, 44, 0, 1, 1, -0.333),
(4, 2, 5, 45, 0, 0, 2, 0.000),
(4, 2, 5, 46, 0, 0, 2, 0.000),
(4, 2, 5, 47, 0, 1, 1, -0.333),
(4, 2, 5, 48, 0, 1, 1, -0.333),
(4, 2, 5, 49, 1, 1, 0, 0.667),
(4, 2, 5, 50, 1, 1, 0, 0.667),
(4, 2, 6, 51, 1, 0, 1, 1.000),
(4, 2, 6, 52, 0, 2, 0, -0.667),
(4, 2, 6, 53, 1, 0, 1, 1.000),
(4, 2, 6, 54, 0, 1, 1, -0.333),
(4, 2, 6, 55, 1, 1, 0, 0.667),
(4, 2, 6, 56, 0, 0, 2, 0.000),
(4, 2, 6, 57, 0, 0, 2, 0.000),
(4, 2, 6, 58, 1, 1, 0, 0.667),
(4, 2, 6, 59, 0, 0, 2, 0.000),
(4, 2, 6, 60, 2, 0, 0, 2.000),
(4, 3, 1, 1, 0, 2, 0, -0.667),
(4, 3, 1, 2, 0, 1, 1, -0.333),
(4, 3, 1, 3, 1, 0, 1, 1.000),
(4, 3, 1, 4, 0, 1, 1, -0.333),
(4, 3, 1, 5, 0, 1, 1, -0.333),
(4, 3, 1, 6, 0, 0, 2, 0.000),
(4, 3, 1, 7, 0, 0, 2, 0.000),
(4, 3, 1, 8, 1, 1, 0, 0.667),
(4, 3, 1, 9, 0, 1, 1, -0.333),
(4, 3, 1, 10, 2, 0, 0, 2.000),
(4, 3, 2, 11, 1, 0, 0, 1.000),
(4, 3, 2, 12, 1, 0, 0, 1.000),
(4, 3, 2, 13, 1, 0, 0, 1.000),
(4, 3, 2, 14, 0, 0, 1, 0.000),
(4, 3, 2, 15, 1, 0, 0, 1.000),
(4, 3, 2, 16, 0, 0, 1, 0.000),
(4, 3, 2, 17, 1, 0, 0, 1.000),
(4, 3, 2, 18, 1, 0, 0, 1.000),
(4, 3, 2, 19, 1, 0, 0, 1.000),
(4, 3, 2, 20, 0, 0, 1, 0.000),
(4, 3, 3, 21, 1, 0, 0, 1.000),
(4, 3, 3, 22, 1, 0, 0, 1.000),
(4, 3, 3, 23, 1, 0, 0, 1.000),
(4, 3, 3, 24, 0, 1, 0, -0.333),
(4, 3, 3, 25, 0, 0, 1, 0.000),
(4, 3, 3, 26, 0, 1, 0, -0.333),
(4, 3, 3, 27, 1, 0, 0, 1.000),
(4, 3, 3, 28, 0, 0, 1, 0.000),
(4, 3, 3, 29, 1, 0, 0, 1.000),
(4, 3, 3, 30, 1, 0, 0, 1.000),
(4, 3, 4, 31, 0, 1, 0, -0.333),
(4, 3, 4, 32, 1, 0, 0, 1.000),
(4, 3, 4, 33, 0, 1, 0, -0.333),
(4, 3, 4, 34, 0, 1, 0, -0.333),
(4, 3, 4, 35, 1, 0, 0, 1.000),
(4, 3, 4, 36, 0, 0, 1, 0.000),
(4, 3, 4, 37, 0, 0, 1, 0.000),
(4, 3, 4, 38, 1, 0, 0, 1.000),
(4, 3, 4, 39, 1, 0, 0, 1.000),
(4, 3, 4, 40, 0, 0, 1, 0.000),
(4, 3, 5, 41, 1, 0, 1, 1.000),
(4, 3, 5, 42, 2, 0, 0, 2.000),
(4, 3, 5, 43, 0, 1, 1, -0.333),
(4, 3, 5, 44, 1, 1, 0, 0.667),
(4, 3, 5, 45, 1, 1, 0, 0.667),
(4, 3, 5, 46, 0, 1, 1, -0.333),
(4, 3, 5, 47, 2, 0, 0, 2.000),
(4, 3, 5, 48, 0, 1, 1, -0.333),
(4, 3, 5, 49, 1, 0, 1, 1.000),
(4, 3, 5, 50, 0, 1, 1, -0.333),
(4, 3, 6, 51, 1, 1, 0, 0.667),
(4, 3, 6, 52, 1, 0, 1, 1.000),
(4, 3, 6, 53, 1, 1, 0, 0.667),
(4, 3, 6, 54, 1, 0, 1, 1.000),
(4, 3, 6, 55, 1, 0, 1, 1.000),
(4, 3, 6, 56, 0, 1, 1, -0.333),
(4, 3, 6, 57, 1, 0, 1, 1.000),
(4, 3, 6, 58, 1, 1, 0, 0.667),
(4, 3, 6, 59, 2, 0, 0, 2.000),
(4, 3, 6, 60, 1, 0, 1, 1.000),
(4, 4, 1, 1, 1, 1, 0, 0.667),
(4, 4, 1, 2, 1, 0, 1, 1.000),
(4, 4, 1, 3, 0, 2, 0, -0.667),
(4, 4, 1, 4, 1, 1, 0, 0.667),
(4, 4, 1, 5, 0, 2, 0, -0.667),
(4, 4, 1, 6, 0, 2, 0, -0.667),
(4, 4, 1, 7, 0, 0, 2, 0.000),
(4, 4, 1, 8, 1, 1, 0, 0.667),
(4, 4, 1, 9, 1, 1, 0, 0.667),
(4, 4, 1, 10, 0, 1, 1, -0.333),
(4, 4, 2, 11, 1, 0, 0, 1.000),
(4, 4, 2, 12, 1, 0, 0, 1.000),
(4, 4, 2, 13, 1, 0, 0, 1.000),
(4, 4, 2, 14, 1, 0, 0, 1.000),
(4, 4, 2, 15, 0, 1, 0, -0.333),
(4, 4, 2, 16, 1, 0, 0, 1.000),
(4, 4, 2, 17, 0, 0, 1, 0.000),
(4, 4, 2, 18, 1, 0, 0, 1.000),
(4, 4, 2, 19, 1, 0, 0, 1.000),
(4, 4, 2, 20, 1, 0, 0, 1.000),
(4, 4, 3, 21, 0, 0, 1, 0.000),
(4, 4, 3, 22, 1, 0, 0, 1.000),
(4, 4, 3, 23, 1, 0, 0, 1.000),
(4, 4, 3, 24, 0, 0, 1, 0.000),
(4, 4, 3, 25, 0, 0, 1, 0.000),
(4, 4, 3, 26, 0, 1, 0, -0.333),
(4, 4, 3, 27, 1, 0, 0, 1.000),
(4, 4, 3, 28, 1, 0, 0, 1.000),
(4, 4, 3, 29, 0, 1, 0, -0.333),
(4, 4, 3, 30, 1, 0, 0, 1.000),
(4, 4, 4, 31, 0, 1, 0, -0.333),
(4, 4, 4, 32, 1, 0, 0, 1.000),
(4, 4, 4, 33, 0, 1, 0, -0.333),
(4, 4, 4, 34, 1, 0, 0, 1.000),
(4, 4, 4, 35, 1, 0, 0, 1.000),
(4, 4, 4, 36, 1, 0, 0, 1.000),
(4, 4, 4, 37, 1, 0, 0, 1.000),
(4, 4, 4, 38, 0, 1, 0, -0.333),
(4, 4, 4, 39, 1, 0, 0, 1.000),
(4, 4, 4, 40, 1, 0, 0, 1.000),
(4, 4, 5, 41, 0, 0, 2, 0.000),
(4, 4, 5, 42, 2, 0, 0, 2.000),
(4, 4, 5, 43, 2, 0, 0, 2.000),
(4, 4, 5, 44, 1, 0, 1, 1.000),
(4, 4, 5, 45, 0, 1, 1, -0.333),
(4, 4, 5, 46, 0, 1, 1, -0.333),
(4, 4, 5, 47, 0, 2, 0, -0.667),
(4, 4, 5, 48, 1, 0, 1, 1.000),
(4, 4, 5, 49, 0, 2, 0, -0.667),
(4, 4, 5, 50, 0, 1, 1, -0.333),
(4, 4, 6, 51, 1, 1, 0, 0.667),
(4, 4, 6, 52, 1, 1, 0, 0.667),
(4, 4, 6, 53, 2, 0, 0, 2.000),
(4, 4, 6, 54, 1, 1, 0, 0.667),
(4, 4, 6, 55, 1, 1, 0, 0.667),
(4, 4, 6, 56, 0, 1, 1, -0.333),
(4, 4, 6, 57, 0, 2, 0, -0.667),
(4, 4, 6, 58, 1, 0, 1, 1.000),
(4, 4, 6, 59, 1, 0, 1, 1.000),
(4, 4, 6, 60, 0, 2, 0, -0.667),
(4, 5, 1, 1, 2, 0, 0, 2.000),
(4, 5, 1, 2, 2, 0, 0, 2.000),
(4, 5, 1, 3, 2, 0, 0, 2.000),
(4, 5, 1, 4, 2, 0, 0, 2.000),
(4, 5, 1, 5, 2, 0, 0, 2.000),
(4, 5, 1, 6, 2, 0, 0, 2.000),
(4, 5, 1, 7, 2, 0, 0, 2.000),
(4, 5, 1, 8, 2, 0, 0, 2.000),
(4, 5, 1, 9, 2, 0, 0, 2.000),
(4, 5, 1, 10, 2, 0, 0, 2.000),
(4, 5, 2, 11, 1, 0, 0, 1.000),
(4, 5, 2, 12, 1, 0, 0, 1.000),
(4, 5, 2, 13, 1, 0, 0, 1.000),
(4, 5, 2, 14, 1, 0, 0, 1.000),
(4, 5, 2, 15, 1, 0, 0, 1.000),
(4, 5, 2, 16, 1, 0, 0, 1.000),
(4, 5, 2, 17, 1, 0, 0, 1.000),
(4, 5, 2, 18, 1, 0, 0, 1.000),
(4, 5, 2, 19, 1, 0, 0, 1.000),
(4, 5, 2, 20, 1, 0, 0, 1.000),
(4, 5, 3, 21, 1, 0, 0, 1.000),
(4, 5, 3, 22, 1, 0, 0, 1.000),
(4, 5, 3, 23, 1, 0, 0, 1.000),
(4, 5, 3, 24, 1, 0, 0, 1.000),
(4, 5, 3, 25, 1, 0, 0, 1.000),
(4, 5, 3, 26, 1, 0, 0, 1.000),
(4, 5, 3, 27, 1, 0, 0, 1.000),
(4, 5, 3, 28, 1, 0, 0, 1.000),
(4, 5, 3, 29, 1, 0, 0, 1.000),
(4, 5, 3, 30, 1, 0, 0, 1.000),
(4, 5, 4, 31, 1, 0, 0, 1.000),
(4, 5, 4, 32, 1, 0, 0, 1.000),
(4, 5, 4, 33, 1, 0, 0, 1.000),
(4, 5, 4, 34, 1, 0, 0, 1.000),
(4, 5, 4, 35, 1, 0, 0, 1.000),
(4, 5, 4, 36, 1, 0, 0, 1.000),
(4, 5, 4, 37, 1, 0, 0, 1.000),
(4, 5, 4, 38, 1, 0, 0, 1.000),
(4, 5, 4, 39, 1, 0, 0, 1.000),
(4, 5, 4, 40, 1, 0, 0, 1.000),
(4, 5, 5, 41, 2, 0, 0, 2.000),
(4, 5, 5, 42, 2, 0, 0, 2.000),
(4, 5, 5, 43, 2, 0, 0, 2.000),
(4, 5, 5, 44, 2, 0, 0, 2.000),
(4, 5, 5, 45, 2, 0, 0, 2.000),
(4, 5, 5, 46, 2, 0, 0, 2.000),
(4, 5, 5, 47, 2, 0, 0, 2.000),
(4, 5, 5, 48, 2, 0, 0, 2.000),
(4, 5, 5, 49, 2, 0, 0, 2.000),
(4, 5, 5, 50, 2, 0, 0, 2.000),
(4, 5, 6, 51, 2, 0, 0, 2.000),
(4, 5, 6, 52, 2, 0, 0, 2.000),
(4, 5, 6, 53, 2, 0, 0, 2.000),
(4, 5, 6, 54, 2, 0, 0, 2.000),
(4, 5, 6, 55, 2, 0, 0, 2.000),
(4, 5, 6, 56, 2, 0, 0, 2.000),
(4, 5, 6, 57, 2, 0, 0, 2.000),
(4, 5, 6, 58, 2, 0, 0, 2.000),
(4, 5, 6, 59, 2, 0, 0, 2.000),
(4, 5, 6, 60, 2, 0, 0, 2.000),
(4, 6, 1, 1, 2, 0, 0, 2.000),
(4, 6, 1, 2, 2, 0, 0, 2.000),
(4, 6, 1, 3, 2, 0, 0, 2.000),
(4, 6, 1, 4, 2, 0, 0, 2.000),
(4, 6, 1, 5, 2, 0, 0, 2.000),
(4, 6, 1, 6, 2, 0, 0, 2.000),
(4, 6, 1, 7, 2, 0, 0, 2.000),
(4, 6, 1, 8, 2, 0, 0, 2.000),
(4, 6, 1, 9, 2, 0, 0, 2.000),
(4, 6, 1, 10, 2, 0, 0, 2.000),
(4, 6, 2, 11, 1, 0, 0, 1.000),
(4, 6, 2, 12, 1, 0, 0, 1.000),
(4, 6, 2, 13, 1, 0, 0, 1.000),
(4, 6, 2, 14, 1, 0, 0, 1.000),
(4, 6, 2, 15, 1, 0, 0, 1.000),
(4, 6, 2, 16, 1, 0, 0, 1.000),
(4, 6, 2, 17, 1, 0, 0, 1.000),
(4, 6, 2, 18, 1, 0, 0, 1.000),
(4, 6, 2, 19, 1, 0, 0, 1.000),
(4, 6, 2, 20, 0, 1, 0, -0.333),
(4, 6, 3, 21, 0, 1, 0, -0.333),
(4, 6, 3, 22, 1, 0, 0, 1.000),
(4, 6, 3, 23, 1, 0, 0, 1.000),
(4, 6, 3, 24, 1, 0, 0, 1.000),
(4, 6, 3, 25, 0, 0, 1, 0.000),
(4, 6, 3, 26, 0, 0, 1, 0.000),
(4, 6, 3, 27, 1, 0, 0, 1.000),
(4, 6, 3, 28, 0, 0, 1, 0.000),
(4, 6, 3, 29, 0, 1, 0, -0.333),
(4, 6, 3, 30, 1, 0, 0, 1.000),
(4, 6, 4, 31, 0, 0, 1, 0.000),
(4, 6, 4, 32, 1, 0, 0, 1.000),
(4, 6, 4, 33, 1, 0, 0, 1.000),
(4, 6, 4, 34, 1, 0, 0, 1.000),
(4, 6, 4, 35, 1, 0, 0, 1.000),
(4, 6, 4, 36, 1, 0, 0, 1.000),
(4, 6, 4, 37, 1, 0, 0, 1.000),
(4, 6, 4, 38, 1, 0, 0, 1.000),
(4, 6, 4, 39, 1, 0, 0, 1.000),
(4, 6, 4, 40, 1, 0, 0, 1.000),
(4, 6, 5, 41, 0, 1, 1, -0.333),
(4, 6, 5, 42, 2, 0, 0, 2.000),
(4, 6, 5, 43, 2, 0, 0, 2.000),
(4, 6, 5, 44, 2, 0, 0, 2.000),
(4, 6, 5, 45, 2, 0, 0, 2.000),
(4, 6, 5, 46, 2, 0, 0, 2.000),
(4, 6, 5, 47, 1, 1, 0, 0.667),
(4, 6, 5, 48, 1, 1, 0, 0.667),
(4, 6, 5, 49, 1, 1, 0, 0.667),
(4, 6, 5, 50, 1, 1, 0, 0.667),
(4, 6, 6, 51, 2, 0, 0, 2.000),
(4, 6, 6, 52, 2, 0, 0, 2.000),
(4, 6, 6, 53, 2, 0, 0, 2.000),
(4, 6, 6, 54, 2, 0, 0, 2.000),
(4, 6, 6, 55, 2, 0, 0, 2.000),
(4, 6, 6, 56, 2, 0, 0, 2.000),
(4, 6, 6, 57, 2, 0, 0, 2.000),
(4, 6, 6, 58, 2, 0, 0, 2.000),
(4, 6, 6, 59, 2, 0, 0, 2.000),
(4, 6, 6, 60, 2, 0, 0, 2.000),
(4, 7, 1, 1, 0, 2, 0, -0.667),
(4, 7, 1, 2, 1, 1, 0, 0.667),
(4, 7, 1, 3, 0, 0, 2, 0.000),
(4, 7, 1, 4, 1, 0, 1, 1.000),
(4, 7, 1, 5, 0, 0, 2, 0.000),
(4, 7, 1, 6, 0, 0, 2, 0.000),
(4, 7, 1, 7, 0, 1, 1, -0.333),
(4, 7, 1, 8, 0, 2, 0, -0.667),
(4, 7, 1, 9, 0, 2, 0, -0.667),
(4, 7, 1, 10, 0, 0, 2, 0.000),
(4, 7, 2, 11, 0, 1, 0, -0.333),
(4, 7, 2, 12, 0, 1, 0, -0.333),
(4, 7, 2, 13, 1, 0, 0, 1.000),
(4, 7, 2, 14, 1, 0, 0, 1.000),
(4, 7, 2, 15, 1, 0, 0, 1.000),
(4, 7, 2, 16, 0, 0, 1, 0.000),
(4, 7, 2, 17, 0, 0, 1, 0.000),
(4, 7, 2, 18, 0, 1, 0, -0.333),
(4, 7, 2, 19, 0, 0, 1, 0.000),
(4, 7, 2, 20, 1, 0, 0, 1.000),
(4, 7, 3, 21, 1, 0, 0, 1.000),
(4, 7, 3, 22, 1, 0, 0, 1.000),
(4, 7, 3, 23, 0, 0, 1, 0.000),
(4, 7, 3, 24, 1, 0, 0, 1.000),
(4, 7, 3, 25, 0, 0, 1, 0.000),
(4, 7, 3, 26, 0, 0, 1, 0.000),
(4, 7, 3, 27, 0, 1, 0, -0.333),
(4, 7, 3, 28, 0, 1, 0, -0.333),
(4, 7, 3, 29, 0, 1, 0, -0.333),
(4, 7, 3, 30, 0, 0, 1, 0.000),
(4, 7, 4, 31, 1, 0, 0, 1.000),
(4, 7, 4, 32, 1, 0, 0, 1.000),
(4, 7, 4, 33, 1, 0, 0, 1.000),
(4, 7, 4, 34, 1, 0, 0, 1.000),
(4, 7, 4, 35, 0, 1, 0, -0.333),
(4, 7, 4, 36, 1, 0, 0, 1.000),
(4, 7, 4, 37, 0, 1, 0, -0.333),
(4, 7, 4, 38, 0, 1, 0, -0.333),
(4, 7, 4, 39, 0, 0, 1, 0.000),
(4, 7, 4, 40, 0, 1, 0, -0.333),
(4, 7, 5, 41, 0, 2, 0, -0.667),
(4, 7, 5, 42, 1, 1, 0, 0.667),
(4, 7, 5, 43, 1, 0, 1, 1.000),
(4, 7, 5, 44, 0, 1, 1, -0.333),
(4, 7, 5, 45, 0, 1, 1, -0.333),
(4, 7, 5, 46, 1, 1, 0, 0.667),
(4, 7, 5, 47, 0, 1, 1, -0.333),
(4, 7, 5, 48, 0, 2, 0, -0.667),
(4, 7, 5, 49, 0, 1, 1, -0.333),
(4, 7, 5, 50, 0, 1, 1, -0.333),
(4, 7, 6, 51, 0, 2, 0, -0.667),
(4, 7, 6, 52, 0, 1, 1, -0.333),
(4, 7, 6, 53, 0, 1, 1, -0.333),
(4, 7, 6, 54, 0, 1, 1, -0.333),
(4, 7, 6, 55, 0, 0, 2, 0.000),
(4, 7, 6, 56, 0, 1, 1, -0.333),
(4, 7, 6, 57, 0, 2, 0, -0.667),
(4, 7, 6, 58, 0, 0, 2, 0.000),
(4, 7, 6, 59, 0, 1, 1, -0.333),
(4, 7, 6, 60, 0, 1, 1, -0.333),
(4, 8, 1, 1, 1, 0, 1, 1.000),
(4, 8, 1, 2, 0, 2, 0, -0.667),
(4, 8, 1, 3, 0, 0, 2, 0.000),
(4, 8, 1, 4, 1, 1, 0, 0.667),
(4, 8, 1, 5, 0, 1, 1, -0.333),
(4, 8, 1, 6, 2, 0, 0, 2.000),
(4, 8, 1, 7, 0, 1, 1, -0.333),
(4, 8, 1, 8, 0, 1, 1, -0.333),
(4, 8, 1, 9, 0, 1, 1, -0.333),
(4, 8, 1, 10, 1, 0, 1, 1.000),
(4, 8, 2, 11, 0, 1, 0, -0.333),
(4, 8, 2, 12, 0, 1, 0, -0.333),
(4, 8, 2, 13, 1, 0, 0, 1.000),
(4, 8, 2, 14, 0, 1, 0, -0.333),
(4, 8, 2, 15, 0, 1, 0, -0.333),
(4, 8, 2, 16, 0, 1, 0, -0.333),
(4, 8, 2, 17, 0, 1, 0, -0.333),
(4, 8, 2, 18, 0, 1, 0, -0.333),
(4, 8, 2, 19, 0, 0, 1, 0.000),
(4, 8, 2, 20, 0, 0, 1, 0.000),
(4, 8, 3, 21, 0, 0, 1, 0.000),
(4, 8, 3, 22, 1, 0, 0, 1.000),
(4, 8, 3, 23, 0, 1, 0, -0.333),
(4, 8, 3, 24, 1, 0, 0, 1.000),
(4, 8, 3, 25, 1, 0, 0, 1.000),
(4, 8, 3, 26, 0, 1, 0, -0.333),
(4, 8, 3, 27, 0, 1, 0, -0.333),
(4, 8, 3, 28, 0, 0, 1, 0.000),
(4, 8, 3, 29, 0, 1, 0, -0.333),
(4, 8, 3, 30, 0, 0, 1, 0.000),
(4, 8, 4, 31, 1, 0, 0, 1.000),
(4, 8, 4, 32, 0, 1, 0, -0.333),
(4, 8, 4, 33, 1, 0, 0, 1.000),
(4, 8, 4, 34, 1, 0, 0, 1.000),
(4, 8, 4, 35, 0, 1, 0, -0.333),
(4, 8, 4, 36, 0, 1, 0, -0.333),
(4, 8, 4, 37, 0, 1, 0, -0.333),
(4, 8, 4, 38, 0, 0, 1, 0.000),
(4, 8, 4, 39, 1, 0, 0, 1.000),
(4, 8, 4, 40, 1, 0, 0, 1.000),
(4, 8, 5, 41, 1, 1, 0, 0.667),
(4, 8, 5, 42, 0, 0, 2, 0.000),
(4, 8, 5, 43, 0, 1, 1, -0.333),
(4, 8, 5, 44, 0, 1, 1, -0.333),
(4, 8, 5, 45, 0, 1, 1, -0.333),
(4, 8, 5, 46, 0, 1, 1, -0.333),
(4, 8, 5, 47, 0, 1, 1, -0.333),
(4, 8, 5, 48, 0, 1, 1, -0.333),
(4, 8, 5, 49, 0, 0, 2, 0.000),
(4, 8, 5, 50, 1, 0, 1, 1.000),
(4, 8, 6, 51, 0, 2, 0, -0.667),
(4, 8, 6, 52, 0, 0, 2, 0.000),
(4, 8, 6, 53, 0, 1, 1, -0.333),
(4, 8, 6, 54, 1, 0, 1, 1.000),
(4, 8, 6, 55, 0, 0, 2, 0.000),
(4, 8, 6, 56, 1, 1, 0, 0.667),
(4, 8, 6, 57, 0, 1, 1, -0.333),
(4, 8, 6, 58, 0, 0, 2, 0.000),
(4, 8, 6, 59, 1, 1, 0, 0.667),
(4, 8, 6, 60, 1, 0, 1, 1.000),
(4, 9, 1, 1, 0, 2, 0, -0.667),
(4, 9, 1, 2, 0, 2, 0, -0.667),
(4, 9, 1, 3, 0, 2, 0, -0.667),
(4, 9, 1, 4, 1, 1, 0, 0.667),
(4, 9, 1, 5, 1, 1, 0, 0.667),
(4, 9, 1, 6, 1, 0, 1, 1.000),
(4, 9, 1, 7, 1, 1, 0, 0.667),
(4, 9, 1, 8, 1, 1, 0, 0.667),
(4, 9, 1, 9, 1, 1, 0, 0.667),
(4, 9, 1, 10, 2, 0, 0, 2.000),
(4, 9, 2, 11, 1, 0, 0, 1.000),
(4, 9, 2, 12, 1, 0, 0, 1.000),
(4, 9, 2, 13, 0, 0, 1, 0.000),
(4, 9, 2, 14, 1, 0, 0, 1.000),
(4, 9, 2, 15, 1, 0, 0, 1.000),
(4, 9, 2, 16, 1, 0, 0, 1.000),
(4, 9, 2, 17, 1, 0, 0, 1.000),
(4, 9, 2, 18, 1, 0, 0, 1.000),
(4, 9, 2, 19, 1, 0, 0, 1.000),
(4, 9, 2, 20, 1, 0, 0, 1.000),
(4, 9, 3, 21, 1, 0, 0, 1.000),
(4, 9, 3, 22, 0, 1, 0, -0.333),
(4, 9, 3, 23, 1, 0, 0, 1.000),
(4, 9, 3, 24, 0, 0, 1, 0.000),
(4, 9, 3, 25, 1, 0, 0, 1.000),
(4, 9, 3, 26, 1, 0, 0, 1.000),
(4, 9, 3, 27, 1, 0, 0, 1.000),
(4, 9, 3, 28, 0, 1, 0, -0.333),
(4, 9, 3, 29, 1, 0, 0, 1.000),
(4, 9, 3, 30, 1, 0, 0, 1.000),
(4, 9, 4, 31, 1, 0, 0, 1.000),
(4, 9, 4, 32, 1, 0, 0, 1.000),
(4, 9, 4, 33, 1, 0, 0, 1.000),
(4, 9, 4, 34, 1, 0, 0, 1.000),
(4, 9, 4, 35, 1, 0, 0, 1.000),
(4, 9, 4, 36, 1, 0, 0, 1.000),
(4, 9, 4, 37, 1, 0, 0, 1.000),
(4, 9, 4, 38, 1, 0, 0, 1.000),
(4, 9, 4, 39, 0, 1, 0, -0.333),
(4, 9, 4, 40, 1, 0, 0, 1.000),
(4, 9, 5, 41, 0, 2, 0, -0.667),
(4, 9, 5, 42, 0, 2, 0, -0.667),
(4, 9, 5, 43, 0, 2, 0, -0.667),
(4, 9, 5, 44, 1, 1, 0, 0.667),
(4, 9, 5, 45, 1, 1, 0, 0.667),
(4, 9, 5, 46, 1, 1, 0, 0.667),
(4, 9, 5, 47, 1, 1, 0, 0.667),
(4, 9, 5, 48, 1, 1, 0, 0.667),
(4, 9, 5, 49, 2, 0, 0, 2.000),
(4, 9, 5, 50, 2, 0, 0, 2.000),
(4, 9, 6, 51, 0, 2, 0, -0.667),
(4, 9, 6, 52, 0, 2, 0, -0.667),
(4, 9, 6, 53, 0, 2, 0, -0.667),
(4, 9, 6, 54, 2, 0, 0, 2.000),
(4, 9, 6, 55, 0, 1, 1, -0.333),
(4, 9, 6, 56, 2, 0, 0, 2.000),
(4, 9, 6, 57, 2, 0, 0, 2.000),
(4, 9, 6, 58, 0, 1, 1, -0.333),
(4, 9, 6, 59, 2, 0, 0, 2.000),
(4, 9, 6, 60, 2, 0, 0, 2.000),
(4, 10, 1, 1, 2, 0, 0, 2.000),
(4, 10, 1, 2, 1, 0, 1, 1.000),
(4, 10, 1, 3, 2, 0, 0, 2.000),
(4, 10, 1, 4, 2, 0, 0, 2.000),
(4, 10, 1, 5, 2, 0, 0, 2.000),
(4, 10, 1, 6, 2, 0, 0, 2.000),
(4, 10, 1, 7, 2, 0, 0, 2.000),
(4, 10, 1, 8, 2, 0, 0, 2.000),
(4, 10, 1, 9, 1, 1, 0, 0.667),
(4, 10, 1, 10, 0, 2, 0, -0.667),
(4, 10, 2, 11, 1, 0, 0, 1.000),
(4, 10, 2, 12, 1, 0, 0, 1.000),
(4, 10, 2, 13, 1, 0, 0, 1.000),
(4, 10, 2, 14, 1, 0, 0, 1.000),
(4, 10, 2, 15, 1, 0, 0, 1.000),
(4, 10, 2, 16, 0, 1, 0, -0.333),
(4, 10, 2, 17, 0, 0, 1, 0.000),
(4, 10, 2, 18, 1, 0, 0, 1.000),
(4, 10, 2, 19, 1, 0, 0, 1.000),
(4, 10, 2, 20, 0, 1, 0, -0.333),
(4, 10, 3, 21, 1, 0, 0, 1.000),
(4, 10, 3, 22, 1, 0, 0, 1.000),
(4, 10, 3, 23, 0, 0, 1, 0.000),
(4, 10, 3, 24, 1, 0, 0, 1.000),
(4, 10, 3, 25, 1, 0, 0, 1.000),
(4, 10, 3, 26, 1, 0, 0, 1.000),
(4, 10, 3, 27, 1, 0, 0, 1.000),
(4, 10, 3, 28, 1, 0, 0, 1.000),
(4, 10, 3, 29, 1, 0, 0, 1.000),
(4, 10, 3, 30, 1, 0, 0, 1.000),
(4, 10, 4, 31, 1, 0, 0, 1.000),
(4, 10, 4, 32, 0, 0, 1, 0.000),
(4, 10, 4, 33, 1, 0, 0, 1.000),
(4, 10, 4, 34, 1, 0, 0, 1.000),
(4, 10, 4, 35, 1, 0, 0, 1.000),
(4, 10, 4, 36, 1, 0, 0, 1.000),
(4, 10, 4, 37, 1, 0, 0, 1.000),
(4, 10, 4, 38, 1, 0, 0, 1.000),
(4, 10, 4, 39, 1, 0, 0, 1.000),
(4, 10, 4, 40, 1, 0, 0, 1.000),
(4, 10, 5, 41, 2, 0, 0, 2.000),
(4, 10, 5, 42, 2, 0, 0, 2.000),
(4, 10, 5, 43, 2, 0, 0, 2.000),
(4, 10, 5, 44, 2, 0, 0, 2.000),
(4, 10, 5, 45, 2, 0, 0, 2.000),
(4, 10, 5, 46, 2, 0, 0, 2.000),
(4, 10, 5, 47, 2, 0, 0, 2.000),
(4, 10, 5, 48, 2, 0, 0, 2.000),
(4, 10, 5, 49, 2, 0, 0, 2.000),
(4, 10, 5, 50, 2, 0, 0, 2.000),
(4, 10, 6, 51, 2, 0, 0, 2.000),
(4, 10, 6, 52, 2, 0, 0, 2.000),
(4, 10, 6, 53, 2, 0, 0, 2.000),
(4, 10, 6, 54, 2, 0, 0, 2.000),
(4, 10, 6, 55, 2, 0, 0, 2.000),
(4, 10, 6, 56, 2, 0, 0, 2.000),
(4, 10, 6, 57, 1, 1, 0, 0.667),
(4, 10, 6, 58, 1, 0, 1, 1.000),
(4, 10, 6, 59, 1, 1, 0, 0.667),
(4, 10, 6, 60, 1, 0, 1, 1.000),
(4, 11, 1, 1, 0, 1, 1, -0.333),
(4, 11, 1, 2, 1, 0, 1, 1.000),
(4, 11, 1, 3, 0, 1, 1, -0.333),
(4, 11, 1, 4, 0, 1, 1, -0.333),
(4, 11, 1, 5, 0, 2, 0, -0.667),
(4, 11, 1, 6, 0, 1, 1, -0.333),
(4, 11, 1, 7, 1, 0, 1, 1.000),
(4, 11, 1, 8, 0, 1, 1, -0.333),
(4, 11, 1, 9, 0, 1, 1, -0.333),
(4, 11, 1, 10, 0, 2, 0, -0.667),
(4, 11, 2, 11, 1, 0, 0, 1.000),
(4, 11, 2, 12, 0, 0, 1, 0.000),
(4, 11, 2, 13, 1, 0, 0, 1.000),
(4, 11, 2, 14, 0, 1, 0, -0.333),
(4, 11, 2, 15, 0, 0, 1, 0.000),
(4, 11, 2, 16, 1, 0, 0, 1.000),
(4, 11, 2, 17, 0, 1, 0, -0.333),
(4, 11, 2, 18, 1, 0, 0, 1.000),
(4, 11, 2, 19, 0, 0, 1, 0.000),
(4, 11, 2, 20, 0, 1, 0, -0.333),
(4, 11, 3, 21, 0, 0, 1, 0.000),
(4, 11, 3, 22, 1, 0, 0, 1.000),
(4, 11, 3, 23, 1, 0, 0, 1.000),
(4, 11, 3, 24, 0, 0, 1, 0.000),
(4, 11, 3, 25, 0, 1, 0, -0.333),
(4, 11, 3, 26, 1, 0, 0, 1.000),
(4, 11, 3, 27, 0, 0, 1, 0.000),
(4, 11, 3, 28, 1, 0, 0, 1.000),
(4, 11, 3, 29, 0, 1, 0, -0.333),
(4, 11, 3, 30, 0, 1, 0, -0.333),
(4, 11, 4, 31, 0, 0, 1, 0.000),
(4, 11, 4, 32, 0, 1, 0, -0.333),
(4, 11, 4, 33, 1, 0, 0, 1.000),
(4, 11, 4, 34, 0, 1, 0, -0.333),
(4, 11, 4, 35, 0, 1, 0, -0.333),
(4, 11, 4, 36, 1, 0, 0, 1.000),
(4, 11, 4, 37, 1, 0, 0, 1.000),
(4, 11, 4, 38, 0, 0, 1, 0.000),
(4, 11, 4, 39, 0, 0, 1, 0.000),
(4, 11, 4, 40, 0, 1, 0, -0.333),
(4, 11, 5, 41, 0, 1, 1, -0.333),
(4, 11, 5, 42, 0, 2, 0, -0.667),
(4, 11, 5, 43, 1, 0, 1, 1.000),
(4, 11, 5, 44, 1, 1, 0, 0.667),
(4, 11, 5, 45, 1, 0, 1, 1.000),
(4, 11, 5, 46, 2, 0, 0, 2.000),
(4, 11, 5, 47, 1, 0, 1, 1.000),
(4, 11, 5, 48, 1, 1, 0, 0.667),
(4, 11, 5, 49, 0, 0, 2, 0.000),
(4, 11, 5, 50, 0, 1, 1, -0.333),
(4, 11, 6, 51, 0, 1, 1, -0.333),
(4, 11, 6, 52, 1, 0, 1, 1.000),
(4, 11, 6, 53, 0, 0, 2, 0.000),
(4, 11, 6, 54, 2, 0, 0, 2.000),
(4, 11, 6, 55, 2, 0, 0, 2.000),
(4, 11, 6, 56, 1, 0, 1, 1.000),
(4, 11, 6, 57, 1, 1, 0, 0.667),
(4, 11, 6, 58, 0, 2, 0, -0.667),
(4, 11, 6, 59, 0, 2, 0, -0.667),
(4, 11, 6, 60, 0, 0, 2, 0.000),
(4, 12, 1, 1, 2, 0, 0, 2.000),
(4, 12, 1, 2, 2, 0, 0, 2.000),
(4, 12, 1, 3, 2, 0, 0, 2.000),
(4, 12, 1, 4, 2, 0, 0, 2.000),
(4, 12, 1, 5, 2, 0, 0, 2.000),
(4, 12, 1, 6, 1, 0, 1, 1.000),
(4, 12, 1, 7, 2, 0, 0, 2.000),
(4, 12, 1, 8, 1, 1, 0, 0.667),
(4, 12, 1, 9, 1, 0, 1, 1.000),
(4, 12, 1, 10, 2, 0, 0, 2.000),
(4, 12, 2, 11, 1, 0, 0, 1.000),
(4, 12, 2, 12, 1, 0, 0, 1.000),
(4, 12, 2, 13, 1, 0, 0, 1.000),
(4, 12, 2, 14, 1, 0, 0, 1.000),
(4, 12, 2, 15, 0, 1, 0, -0.333),
(4, 12, 2, 16, 1, 0, 0, 1.000),
(4, 12, 2, 17, 1, 0, 0, 1.000),
(4, 12, 2, 18, 1, 0, 0, 1.000),
(4, 12, 2, 19, 1, 0, 0, 1.000),
(4, 12, 2, 20, 0, 0, 1, 0.000),
(4, 12, 3, 21, 1, 0, 0, 1.000),
(4, 12, 3, 22, 1, 0, 0, 1.000),
(4, 12, 3, 23, 0, 1, 0, -0.333),
(4, 12, 3, 24, 1, 0, 0, 1.000),
(4, 12, 3, 25, 0, 0, 1, 0.000),
(4, 12, 3, 26, 1, 0, 0, 1.000),
(4, 12, 3, 27, 0, 1, 0, -0.333),
(4, 12, 3, 28, 1, 0, 0, 1.000),
(4, 12, 3, 29, 1, 0, 0, 1.000),
(4, 12, 3, 30, 1, 0, 0, 1.000),
(4, 12, 4, 31, 1, 0, 0, 1.000),
(4, 12, 4, 32, 1, 0, 0, 1.000),
(4, 12, 4, 33, 1, 0, 0, 1.000),
(4, 12, 4, 34, 1, 0, 0, 1.000),
(4, 12, 4, 35, 1, 0, 0, 1.000),
(4, 12, 4, 36, 1, 0, 0, 1.000),
(4, 12, 4, 37, 1, 0, 0, 1.000),
(4, 12, 4, 38, 1, 0, 0, 1.000),
(4, 12, 4, 39, 0, 1, 0, -0.333),
(4, 12, 4, 40, 1, 0, 0, 1.000),
(4, 12, 5, 41, 1, 1, 0, 0.667),
(4, 12, 5, 42, 1, 1, 0, 0.667),
(4, 12, 5, 43, 1, 1, 0, 0.667),
(4, 12, 5, 44, 1, 1, 0, 0.667),
(4, 12, 5, 45, 2, 0, 0, 2.000),
(4, 12, 5, 46, 2, 0, 0, 2.000),
(4, 12, 5, 47, 1, 0, 1, 1.000),
(4, 12, 5, 48, 2, 0, 0, 2.000),
(4, 12, 5, 49, 2, 0, 0, 2.000),
(4, 12, 5, 50, 2, 0, 0, 2.000),
(4, 12, 6, 51, 2, 0, 0, 2.000),
(4, 12, 6, 52, 2, 0, 0, 2.000),
(4, 12, 6, 53, 2, 0, 0, 2.000),
(4, 12, 6, 54, 2, 0, 0, 2.000),
(4, 12, 6, 55, 2, 0, 0, 2.000),
(4, 12, 6, 56, 1, 1, 0, 0.667),
(4, 12, 6, 57, 2, 0, 0, 2.000),
(4, 12, 6, 58, 2, 0, 0, 2.000),
(4, 12, 6, 59, 1, 1, 0, 0.667),
(4, 12, 6, 60, 1, 1, 0, 0.667),
(4, 13, 1, 1, 2, 0, 0, 2.000),
(4, 13, 1, 2, 2, 0, 0, 2.000),
(4, 13, 1, 3, 2, 0, 0, 2.000),
(4, 13, 1, 4, 2, 0, 0, 2.000),
(4, 13, 1, 5, 0, 1, 1, -0.333),
(4, 13, 1, 6, 2, 0, 0, 2.000),
(4, 13, 1, 7, 2, 0, 0, 2.000),
(4, 13, 1, 8, 1, 1, 0, 0.667),
(4, 13, 1, 9, 2, 0, 0, 2.000),
(4, 13, 1, 10, 2, 0, 0, 2.000),
(4, 13, 2, 11, 1, 0, 0, 1.000),
(4, 13, 2, 12, 1, 0, 0, 1.000),
(4, 13, 2, 13, 0, 1, 0, -0.333),
(4, 13, 2, 14, 1, 0, 0, 1.000),
(4, 13, 2, 15, 1, 0, 0, 1.000),
(4, 13, 2, 16, 0, 0, 1, 0.000),
(4, 13, 2, 17, 1, 0, 0, 1.000),
(4, 13, 2, 18, 1, 0, 0, 1.000),
(4, 13, 2, 19, 1, 0, 0, 1.000),
(4, 13, 2, 20, 1, 0, 0, 1.000),
(4, 13, 3, 21, 1, 0, 0, 1.000),
(4, 13, 3, 22, 0, 1, 0, -0.333),
(4, 13, 3, 23, 1, 0, 0, 1.000),
(4, 13, 3, 24, 1, 0, 0, 1.000),
(4, 13, 3, 25, 1, 0, 0, 1.000),
(4, 13, 3, 26, 1, 0, 0, 1.000),
(4, 13, 3, 27, 1, 0, 0, 1.000),
(4, 13, 3, 28, 1, 0, 0, 1.000),
(4, 13, 3, 29, 1, 0, 0, 1.000),
(4, 13, 3, 30, 1, 0, 0, 1.000),
(4, 13, 4, 31, 1, 0, 0, 1.000),
(4, 13, 4, 32, 1, 0, 0, 1.000),
(4, 13, 4, 33, 1, 0, 0, 1.000),
(4, 13, 4, 34, 1, 0, 0, 1.000),
(4, 13, 4, 35, 0, 0, 1, 0.000),
(4, 13, 4, 36, 0, 0, 1, 0.000),
(4, 13, 4, 37, 1, 0, 0, 1.000),
(4, 13, 4, 38, 1, 0, 0, 1.000),
(4, 13, 4, 39, 1, 0, 0, 1.000),
(4, 13, 4, 40, 1, 0, 0, 1.000),
(4, 13, 5, 41, 1, 1, 0, 0.667),
(4, 13, 5, 42, 2, 0, 0, 2.000),
(4, 13, 5, 43, 2, 0, 0, 2.000),
(4, 13, 5, 44, 2, 0, 0, 2.000);
INSERT INTO `notlar` (`deneme_id`, `ogrenci_id`, `ders_kodu`, `konu_id`, `dogru`, `yanlis`, `bos`, `net`) VALUES
(4, 13, 5, 45, 2, 0, 0, 2.000),
(4, 13, 5, 46, 1, 0, 1, 1.000),
(4, 13, 5, 47, 2, 0, 0, 2.000),
(4, 13, 5, 48, 2, 0, 0, 2.000),
(4, 13, 5, 49, 2, 0, 0, 2.000),
(4, 13, 5, 50, 2, 0, 0, 2.000),
(4, 13, 6, 51, 2, 0, 0, 2.000),
(4, 13, 6, 52, 2, 0, 0, 2.000),
(4, 13, 6, 53, 2, 0, 0, 2.000),
(4, 13, 6, 54, 1, 1, 0, 0.667),
(4, 13, 6, 55, 2, 0, 0, 2.000),
(4, 13, 6, 56, 1, 0, 1, 1.000),
(4, 13, 6, 57, 2, 0, 0, 2.000),
(4, 13, 6, 58, 2, 0, 0, 2.000),
(4, 13, 6, 59, 2, 0, 0, 2.000),
(4, 13, 6, 60, 2, 0, 0, 2.000),
(4, 14, 1, 1, 0, 0, 2, 0.000),
(4, 14, 1, 2, 1, 0, 1, 1.000),
(4, 14, 1, 3, 0, 0, 2, 0.000),
(4, 14, 1, 4, 1, 0, 1, 1.000),
(4, 14, 1, 5, 0, 1, 1, -0.333),
(4, 14, 1, 6, 0, 1, 1, -0.333),
(4, 14, 1, 7, 0, 1, 1, -0.333),
(4, 14, 1, 8, 0, 2, 0, -0.667),
(4, 14, 1, 9, 0, 1, 1, -0.333),
(4, 14, 1, 10, 0, 2, 0, -0.667),
(4, 14, 2, 11, 1, 0, 0, 1.000),
(4, 14, 2, 12, 0, 1, 0, -0.333),
(4, 14, 2, 13, 0, 1, 0, -0.333),
(4, 14, 2, 14, 0, 1, 0, -0.333),
(4, 14, 2, 15, 0, 1, 0, -0.333),
(4, 14, 2, 16, 1, 0, 0, 1.000),
(4, 14, 2, 17, 1, 0, 0, 1.000),
(4, 14, 2, 18, 0, 0, 1, 0.000),
(4, 14, 2, 19, 0, 1, 0, -0.333),
(4, 14, 2, 20, 0, 1, 0, -0.333),
(4, 14, 3, 21, 1, 0, 0, 1.000),
(4, 14, 3, 22, 0, 0, 1, 0.000),
(4, 14, 3, 23, 1, 0, 0, 1.000),
(4, 14, 3, 24, 0, 0, 1, 0.000),
(4, 14, 3, 25, 0, 1, 0, -0.333),
(4, 14, 3, 26, 0, 1, 0, -0.333),
(4, 14, 3, 27, 0, 0, 1, 0.000),
(4, 14, 3, 28, 0, 1, 0, -0.333),
(4, 14, 3, 29, 0, 0, 1, 0.000),
(4, 14, 3, 30, 1, 0, 0, 1.000),
(4, 14, 4, 31, 0, 1, 0, -0.333),
(4, 14, 4, 32, 0, 1, 0, -0.333),
(4, 14, 4, 33, 1, 0, 0, 1.000),
(4, 14, 4, 34, 0, 0, 1, 0.000),
(4, 14, 4, 35, 0, 0, 1, 0.000),
(4, 14, 4, 36, 0, 1, 0, -0.333),
(4, 14, 4, 37, 1, 0, 0, 1.000),
(4, 14, 4, 38, 1, 0, 0, 1.000),
(4, 14, 4, 39, 1, 0, 0, 1.000),
(4, 14, 4, 40, 0, 1, 0, -0.333),
(4, 14, 5, 41, 0, 2, 0, -0.667),
(4, 14, 5, 42, 0, 1, 1, -0.333),
(4, 14, 5, 43, 1, 0, 1, 1.000),
(4, 14, 5, 44, 1, 1, 0, 0.667),
(4, 14, 5, 45, 2, 0, 0, 2.000),
(4, 14, 5, 46, 1, 1, 0, 0.667),
(4, 14, 5, 47, 0, 2, 0, -0.667),
(4, 14, 5, 48, 0, 2, 0, -0.667),
(4, 14, 5, 49, 1, 0, 1, 1.000),
(4, 14, 5, 50, 0, 2, 0, -0.667),
(4, 14, 6, 51, 0, 2, 0, -0.667),
(4, 14, 6, 52, 0, 0, 2, 0.000),
(4, 14, 6, 53, 1, 1, 0, 0.667),
(4, 14, 6, 54, 0, 0, 2, 0.000),
(4, 14, 6, 55, 0, 2, 0, -0.667),
(4, 14, 6, 56, 0, 1, 1, -0.333),
(4, 14, 6, 57, 0, 0, 2, 0.000),
(4, 14, 6, 58, 1, 1, 0, 0.667),
(4, 14, 6, 59, 0, 1, 1, -0.333),
(4, 14, 6, 60, 0, 1, 1, -0.333),
(4, 15, 1, 1, 2, 0, 0, 2.000),
(4, 15, 1, 2, 2, 0, 0, 2.000),
(4, 15, 1, 3, 1, 1, 0, 0.667),
(4, 15, 1, 4, 2, 0, 0, 2.000),
(4, 15, 1, 5, 2, 0, 0, 2.000),
(4, 15, 1, 6, 2, 0, 0, 2.000),
(4, 15, 1, 7, 2, 0, 0, 2.000),
(4, 15, 1, 8, 2, 0, 0, 2.000),
(4, 15, 1, 9, 1, 1, 0, 0.667),
(4, 15, 1, 10, 2, 0, 0, 2.000),
(4, 15, 2, 11, 1, 0, 0, 1.000),
(4, 15, 2, 12, 1, 0, 0, 1.000),
(4, 15, 2, 13, 0, 1, 0, -0.333),
(4, 15, 2, 14, 1, 0, 0, 1.000),
(4, 15, 2, 15, 1, 0, 0, 1.000),
(4, 15, 2, 16, 1, 0, 0, 1.000),
(4, 15, 2, 17, 1, 0, 0, 1.000),
(4, 15, 2, 18, 1, 0, 0, 1.000),
(4, 15, 2, 19, 0, 1, 0, -0.333),
(4, 15, 2, 20, 1, 0, 0, 1.000),
(4, 15, 3, 21, 1, 0, 0, 1.000),
(4, 15, 3, 22, 1, 0, 0, 1.000),
(4, 15, 3, 23, 0, 1, 0, -0.333),
(4, 15, 3, 24, 1, 0, 0, 1.000),
(4, 15, 3, 25, 1, 0, 0, 1.000),
(4, 15, 3, 26, 1, 0, 0, 1.000),
(4, 15, 3, 27, 1, 0, 0, 1.000),
(4, 15, 3, 28, 1, 0, 0, 1.000),
(4, 15, 3, 29, 1, 0, 0, 1.000),
(4, 15, 3, 30, 1, 0, 0, 1.000),
(4, 15, 4, 31, 1, 0, 0, 1.000),
(4, 15, 4, 32, 1, 0, 0, 1.000),
(4, 15, 4, 33, 0, 1, 0, -0.333),
(4, 15, 4, 34, 1, 0, 0, 1.000),
(4, 15, 4, 35, 1, 0, 0, 1.000),
(4, 15, 4, 36, 1, 0, 0, 1.000),
(4, 15, 4, 37, 1, 0, 0, 1.000),
(4, 15, 4, 38, 1, 0, 0, 1.000),
(4, 15, 4, 39, 1, 0, 0, 1.000),
(4, 15, 4, 40, 0, 1, 0, -0.333),
(4, 15, 5, 41, 2, 0, 0, 2.000),
(4, 15, 5, 42, 2, 0, 0, 2.000),
(4, 15, 5, 43, 2, 0, 0, 2.000),
(4, 15, 5, 44, 1, 0, 1, 1.000),
(4, 15, 5, 45, 2, 0, 0, 2.000),
(4, 15, 5, 46, 1, 0, 1, 1.000),
(4, 15, 5, 47, 1, 1, 0, 0.667),
(4, 15, 5, 48, 2, 0, 0, 2.000),
(4, 15, 5, 49, 1, 0, 1, 1.000),
(4, 15, 5, 50, 2, 0, 0, 2.000),
(4, 15, 6, 51, 2, 0, 0, 2.000),
(4, 15, 6, 52, 2, 0, 0, 2.000),
(4, 15, 6, 53, 1, 0, 1, 1.000),
(4, 15, 6, 54, 2, 0, 0, 2.000),
(4, 15, 6, 55, 2, 0, 0, 2.000),
(4, 15, 6, 56, 2, 0, 0, 2.000),
(4, 15, 6, 57, 2, 0, 0, 2.000),
(4, 15, 6, 58, 2, 0, 0, 2.000),
(4, 15, 6, 59, 2, 0, 0, 2.000),
(4, 15, 6, 60, 2, 0, 0, 2.000),
(4, 16, 1, 1, 1, 1, 0, 0.667),
(4, 16, 1, 2, 2, 0, 0, 2.000),
(4, 16, 1, 3, 2, 0, 0, 2.000),
(4, 16, 1, 4, 0, 0, 2, 0.000),
(4, 16, 1, 5, 0, 2, 0, -0.667),
(4, 16, 1, 6, 1, 0, 1, 1.000),
(4, 16, 1, 7, 0, 1, 1, -0.333),
(4, 16, 1, 8, 0, 0, 2, 0.000),
(4, 16, 1, 9, 1, 0, 1, 1.000),
(4, 16, 1, 10, 0, 1, 1, -0.333),
(4, 16, 2, 11, 1, 0, 0, 1.000),
(4, 16, 2, 12, 0, 1, 0, -0.333),
(4, 16, 2, 13, 1, 0, 0, 1.000),
(4, 16, 2, 14, 1, 0, 0, 1.000),
(4, 16, 2, 15, 1, 0, 0, 1.000),
(4, 16, 2, 16, 1, 0, 0, 1.000),
(4, 16, 2, 17, 0, 1, 0, -0.333),
(4, 16, 2, 18, 1, 0, 0, 1.000),
(4, 16, 2, 19, 0, 0, 1, 0.000),
(4, 16, 2, 20, 1, 0, 0, 1.000),
(4, 16, 3, 21, 1, 0, 0, 1.000),
(4, 16, 3, 22, 1, 0, 0, 1.000),
(4, 16, 3, 23, 1, 0, 0, 1.000),
(4, 16, 3, 24, 1, 0, 0, 1.000),
(4, 16, 3, 25, 0, 0, 1, 0.000),
(4, 16, 3, 26, 1, 0, 0, 1.000),
(4, 16, 3, 27, 1, 0, 0, 1.000),
(4, 16, 3, 28, 1, 0, 0, 1.000),
(4, 16, 3, 29, 1, 0, 0, 1.000),
(4, 16, 3, 30, 0, 1, 0, -0.333),
(4, 16, 4, 31, 0, 0, 1, 0.000),
(4, 16, 4, 32, 0, 0, 1, 0.000),
(4, 16, 4, 33, 1, 0, 0, 1.000),
(4, 16, 4, 34, 1, 0, 0, 1.000),
(4, 16, 4, 35, 0, 0, 1, 0.000),
(4, 16, 4, 36, 0, 0, 1, 0.000),
(4, 16, 4, 37, 1, 0, 0, 1.000),
(4, 16, 4, 38, 1, 0, 0, 1.000),
(4, 16, 4, 39, 1, 0, 0, 1.000),
(4, 16, 4, 40, 1, 0, 0, 1.000),
(4, 16, 5, 41, 2, 0, 0, 2.000),
(4, 16, 5, 42, 0, 2, 0, -0.667),
(4, 16, 5, 43, 0, 1, 1, -0.333),
(4, 16, 5, 44, 1, 1, 0, 0.667),
(4, 16, 5, 45, 1, 1, 0, 0.667),
(4, 16, 5, 46, 2, 0, 0, 2.000),
(4, 16, 5, 47, 1, 0, 1, 1.000),
(4, 16, 5, 48, 0, 1, 1, -0.333),
(4, 16, 5, 49, 1, 1, 0, 0.667),
(4, 16, 5, 50, 2, 0, 0, 2.000),
(4, 16, 6, 51, 1, 0, 1, 1.000),
(4, 16, 6, 52, 0, 1, 1, -0.333),
(4, 16, 6, 53, 1, 1, 0, 0.667),
(4, 16, 6, 54, 0, 1, 1, -0.333),
(4, 16, 6, 55, 0, 1, 1, -0.333),
(4, 16, 6, 56, 0, 1, 1, -0.333),
(4, 16, 6, 57, 2, 0, 0, 2.000),
(4, 16, 6, 58, 0, 1, 1, -0.333),
(4, 16, 6, 59, 1, 0, 1, 1.000),
(4, 16, 6, 60, 0, 1, 1, -0.333),
(4, 17, 1, 1, 2, 0, 0, 2.000),
(4, 17, 1, 2, 2, 0, 0, 2.000),
(4, 17, 1, 3, 2, 0, 0, 2.000),
(4, 17, 1, 4, 2, 0, 0, 2.000),
(4, 17, 1, 5, 2, 0, 0, 2.000),
(4, 17, 1, 6, 2, 0, 0, 2.000),
(4, 17, 1, 7, 2, 0, 0, 2.000),
(4, 17, 1, 8, 2, 0, 0, 2.000),
(4, 17, 1, 9, 2, 0, 0, 2.000),
(4, 17, 1, 10, 2, 0, 0, 2.000),
(4, 17, 2, 11, 1, 0, 0, 1.000),
(4, 17, 2, 12, 1, 0, 0, 1.000),
(4, 17, 2, 13, 1, 0, 0, 1.000),
(4, 17, 2, 14, 1, 0, 0, 1.000),
(4, 17, 2, 15, 1, 0, 0, 1.000),
(4, 17, 2, 16, 1, 0, 0, 1.000),
(4, 17, 2, 17, 1, 0, 0, 1.000),
(4, 17, 2, 18, 1, 0, 0, 1.000),
(4, 17, 2, 19, 1, 0, 0, 1.000),
(4, 17, 2, 20, 1, 0, 0, 1.000),
(4, 17, 3, 21, 0, 1, 0, -0.333),
(4, 17, 3, 22, 1, 0, 0, 1.000),
(4, 17, 3, 23, 1, 0, 0, 1.000),
(4, 17, 3, 24, 0, 1, 0, -0.333),
(4, 17, 3, 25, 1, 0, 0, 1.000),
(4, 17, 3, 26, 1, 0, 0, 1.000),
(4, 17, 3, 27, 1, 0, 0, 1.000),
(4, 17, 3, 28, 1, 0, 0, 1.000),
(4, 17, 3, 29, 1, 0, 0, 1.000),
(4, 17, 3, 30, 0, 1, 0, -0.333),
(4, 17, 4, 31, 1, 0, 0, 1.000),
(4, 17, 4, 32, 1, 0, 0, 1.000),
(4, 17, 4, 33, 1, 0, 0, 1.000),
(4, 17, 4, 34, 1, 0, 0, 1.000),
(4, 17, 4, 35, 1, 0, 0, 1.000),
(4, 17, 4, 36, 1, 0, 0, 1.000),
(4, 17, 4, 37, 1, 0, 0, 1.000),
(4, 17, 4, 38, 1, 0, 0, 1.000),
(4, 17, 4, 39, 1, 0, 0, 1.000),
(4, 17, 4, 40, 1, 0, 0, 1.000),
(4, 17, 5, 41, 2, 0, 0, 2.000),
(4, 17, 5, 42, 2, 0, 0, 2.000),
(4, 17, 5, 43, 2, 0, 0, 2.000),
(4, 17, 5, 44, 2, 0, 0, 2.000),
(4, 17, 5, 45, 2, 0, 0, 2.000),
(4, 17, 5, 46, 2, 0, 0, 2.000),
(4, 17, 5, 47, 2, 0, 0, 2.000),
(4, 17, 5, 48, 2, 0, 0, 2.000),
(4, 17, 5, 49, 2, 0, 0, 2.000),
(4, 17, 5, 50, 1, 0, 1, 1.000),
(4, 17, 6, 51, 2, 0, 0, 2.000),
(4, 17, 6, 52, 2, 0, 0, 2.000),
(4, 17, 6, 53, 2, 0, 0, 2.000),
(4, 17, 6, 54, 2, 0, 0, 2.000),
(4, 17, 6, 55, 1, 1, 0, 0.667),
(4, 17, 6, 56, 2, 0, 0, 2.000),
(4, 17, 6, 57, 2, 0, 0, 2.000),
(4, 17, 6, 58, 2, 0, 0, 2.000),
(4, 17, 6, 59, 2, 0, 0, 2.000),
(4, 17, 6, 60, 2, 0, 0, 2.000),
(4, 18, 1, 1, 1, 1, 0, 0.667),
(4, 18, 1, 2, 1, 0, 1, 1.000),
(4, 18, 1, 3, 1, 0, 1, 1.000),
(4, 18, 1, 4, 0, 1, 1, -0.333),
(4, 18, 1, 5, 1, 0, 1, 1.000),
(4, 18, 1, 6, 0, 2, 0, -0.667),
(4, 18, 1, 7, 1, 0, 1, 1.000),
(4, 18, 1, 8, 0, 2, 0, -0.667),
(4, 18, 1, 9, 1, 0, 1, 1.000),
(4, 18, 1, 10, 1, 1, 0, 0.667),
(4, 18, 2, 11, 1, 0, 0, 1.000),
(4, 18, 2, 12, 0, 0, 1, 0.000),
(4, 18, 2, 13, 1, 0, 0, 1.000),
(4, 18, 2, 14, 0, 1, 0, -0.333),
(4, 18, 2, 15, 0, 1, 0, -0.333),
(4, 18, 2, 16, 1, 0, 0, 1.000),
(4, 18, 2, 17, 1, 0, 0, 1.000),
(4, 18, 2, 18, 1, 0, 0, 1.000),
(4, 18, 2, 19, 1, 0, 0, 1.000),
(4, 18, 2, 20, 0, 0, 1, 0.000),
(4, 18, 3, 21, 0, 1, 0, -0.333),
(4, 18, 3, 22, 0, 1, 0, -0.333),
(4, 18, 3, 23, 0, 1, 0, -0.333),
(4, 18, 3, 24, 0, 1, 0, -0.333),
(4, 18, 3, 25, 0, 0, 1, 0.000),
(4, 18, 3, 26, 1, 0, 0, 1.000),
(4, 18, 3, 27, 1, 0, 0, 1.000),
(4, 18, 3, 28, 1, 0, 0, 1.000),
(4, 18, 3, 29, 1, 0, 0, 1.000),
(4, 18, 3, 30, 0, 1, 0, -0.333),
(4, 18, 4, 31, 0, 0, 1, 0.000),
(4, 18, 4, 32, 1, 0, 0, 1.000),
(4, 18, 4, 33, 0, 0, 1, 0.000),
(4, 18, 4, 34, 1, 0, 0, 1.000),
(4, 18, 4, 35, 1, 0, 0, 1.000),
(4, 18, 4, 36, 1, 0, 0, 1.000),
(4, 18, 4, 37, 0, 0, 1, 0.000),
(4, 18, 4, 38, 1, 0, 0, 1.000),
(4, 18, 4, 39, 0, 1, 0, -0.333),
(4, 18, 4, 40, 1, 0, 0, 1.000),
(4, 18, 5, 41, 0, 1, 1, -0.333),
(4, 18, 5, 42, 1, 1, 0, 0.667),
(4, 18, 5, 43, 1, 0, 1, 1.000),
(4, 18, 5, 44, 0, 0, 2, 0.000),
(4, 18, 5, 45, 0, 0, 2, 0.000),
(4, 18, 5, 46, 0, 2, 0, -0.667),
(4, 18, 5, 47, 1, 0, 1, 1.000),
(4, 18, 5, 48, 1, 0, 1, 1.000),
(4, 18, 5, 49, 1, 1, 0, 0.667),
(4, 18, 5, 50, 0, 2, 0, -0.667),
(4, 18, 6, 51, 1, 0, 1, 1.000),
(4, 18, 6, 52, 2, 0, 0, 2.000),
(4, 18, 6, 53, 0, 2, 0, -0.667),
(4, 18, 6, 54, 1, 0, 1, 1.000),
(4, 18, 6, 55, 0, 1, 1, -0.333),
(4, 18, 6, 56, 0, 1, 1, -0.333),
(4, 18, 6, 57, 2, 0, 0, 2.000),
(4, 18, 6, 58, 0, 1, 1, -0.333),
(4, 18, 6, 59, 1, 0, 1, 1.000),
(4, 18, 6, 60, 0, 1, 1, -0.333),
(4, 19, 1, 1, 1, 0, 1, 1.000),
(4, 19, 1, 2, 0, 2, 0, -0.667),
(4, 19, 1, 3, 0, 1, 1, -0.333),
(4, 19, 1, 4, 1, 0, 1, 1.000),
(4, 19, 1, 5, 0, 2, 0, -0.667),
(4, 19, 1, 6, 2, 0, 0, 2.000),
(4, 19, 1, 7, 1, 1, 0, 0.667),
(4, 19, 1, 8, 0, 1, 1, -0.333),
(4, 19, 1, 9, 1, 1, 0, 0.667),
(4, 19, 1, 10, 1, 1, 0, 0.667),
(4, 19, 2, 11, 0, 0, 1, 0.000),
(4, 19, 2, 12, 1, 0, 0, 1.000),
(4, 19, 2, 13, 1, 0, 0, 1.000),
(4, 19, 2, 14, 1, 0, 0, 1.000),
(4, 19, 2, 15, 0, 0, 1, 0.000),
(4, 19, 2, 16, 0, 1, 0, -0.333),
(4, 19, 2, 17, 1, 0, 0, 1.000),
(4, 19, 2, 18, 1, 0, 0, 1.000),
(4, 19, 2, 19, 1, 0, 0, 1.000),
(4, 19, 2, 20, 1, 0, 0, 1.000),
(4, 19, 3, 21, 1, 0, 0, 1.000),
(4, 19, 3, 22, 1, 0, 0, 1.000),
(4, 19, 3, 23, 1, 0, 0, 1.000),
(4, 19, 3, 24, 0, 1, 0, -0.333),
(4, 19, 3, 25, 0, 0, 1, 0.000),
(4, 19, 3, 26, 0, 1, 0, -0.333),
(4, 19, 3, 27, 0, 0, 1, 0.000),
(4, 19, 3, 28, 0, 0, 1, 0.000),
(4, 19, 3, 29, 1, 0, 0, 1.000),
(4, 19, 3, 30, 1, 0, 0, 1.000),
(4, 19, 4, 31, 1, 0, 0, 1.000),
(4, 19, 4, 32, 1, 0, 0, 1.000),
(4, 19, 4, 33, 0, 1, 0, -0.333),
(4, 19, 4, 34, 1, 0, 0, 1.000),
(4, 19, 4, 35, 1, 0, 0, 1.000),
(4, 19, 4, 36, 0, 1, 0, -0.333),
(4, 19, 4, 37, 1, 0, 0, 1.000),
(4, 19, 4, 38, 0, 1, 0, -0.333),
(4, 19, 4, 39, 1, 0, 0, 1.000),
(4, 19, 4, 40, 1, 0, 0, 1.000),
(4, 19, 5, 41, 0, 1, 1, -0.333),
(4, 19, 5, 42, 0, 1, 1, -0.333),
(4, 19, 5, 43, 1, 1, 0, 0.667),
(4, 19, 5, 44, 2, 0, 0, 2.000),
(4, 19, 5, 45, 1, 0, 1, 1.000),
(4, 19, 5, 46, 1, 0, 1, 1.000),
(4, 19, 5, 47, 1, 1, 0, 0.667),
(4, 19, 5, 48, 0, 1, 1, -0.333),
(4, 19, 5, 49, 0, 2, 0, -0.667),
(4, 19, 5, 50, 1, 0, 1, 1.000),
(4, 19, 6, 51, 0, 0, 2, 0.000),
(4, 19, 6, 52, 1, 1, 0, 0.667),
(4, 19, 6, 53, 0, 0, 2, 0.000),
(4, 19, 6, 54, 2, 0, 0, 2.000),
(4, 19, 6, 55, 1, 1, 0, 0.667),
(4, 19, 6, 56, 0, 2, 0, -0.667),
(4, 19, 6, 57, 1, 1, 0, 0.667),
(4, 19, 6, 58, 0, 1, 1, -0.333),
(4, 19, 6, 59, 1, 0, 1, 1.000),
(4, 19, 6, 60, 1, 0, 1, 1.000),
(4, 20, 1, 1, 0, 0, 2, 0.000),
(4, 20, 1, 2, 0, 1, 1, -0.333),
(4, 20, 1, 3, 1, 1, 0, 0.667),
(4, 20, 1, 4, 0, 0, 2, 0.000),
(4, 20, 1, 5, 0, 2, 0, -0.667),
(4, 20, 1, 6, 0, 1, 1, -0.333),
(4, 20, 1, 7, 0, 2, 0, -0.667),
(4, 20, 1, 8, 0, 0, 2, 0.000),
(4, 20, 1, 9, 0, 1, 1, -0.333),
(4, 20, 1, 10, 0, 1, 1, -0.333),
(4, 20, 2, 11, 0, 1, 0, -0.333),
(4, 20, 2, 12, 0, 0, 1, 0.000),
(4, 20, 2, 13, 0, 0, 1, 0.000),
(4, 20, 2, 14, 0, 0, 1, 0.000),
(4, 20, 2, 15, 0, 0, 1, 0.000),
(4, 20, 2, 16, 0, 1, 0, -0.333),
(4, 20, 2, 17, 1, 0, 0, 1.000),
(4, 20, 2, 18, 1, 0, 0, 1.000),
(4, 20, 2, 19, 0, 0, 1, 0.000),
(4, 20, 2, 20, 1, 0, 0, 1.000),
(4, 20, 3, 21, 0, 0, 1, 0.000),
(4, 20, 3, 22, 1, 0, 0, 1.000),
(4, 20, 3, 23, 0, 1, 0, -0.333),
(4, 20, 3, 24, 1, 0, 0, 1.000),
(4, 20, 3, 25, 0, 1, 0, -0.333),
(4, 20, 3, 26, 1, 0, 0, 1.000),
(4, 20, 3, 27, 0, 0, 1, 0.000),
(4, 20, 3, 28, 0, 0, 1, 0.000),
(4, 20, 3, 29, 0, 0, 1, 0.000),
(4, 20, 3, 30, 0, 0, 1, 0.000),
(4, 20, 4, 31, 1, 0, 0, 1.000),
(4, 20, 4, 32, 0, 1, 0, -0.333),
(4, 20, 4, 33, 1, 0, 0, 1.000),
(4, 20, 4, 34, 0, 1, 0, -0.333),
(4, 20, 4, 35, 0, 0, 1, 0.000),
(4, 20, 4, 36, 0, 0, 1, 0.000),
(4, 20, 4, 37, 1, 0, 0, 1.000),
(4, 20, 4, 38, 0, 0, 1, 0.000),
(4, 20, 4, 39, 1, 0, 0, 1.000),
(4, 20, 4, 40, 1, 0, 0, 1.000),
(4, 20, 5, 41, 0, 1, 1, -0.333),
(4, 20, 5, 42, 0, 2, 0, -0.667),
(4, 20, 5, 43, 0, 1, 1, -0.333),
(4, 20, 5, 44, 0, 2, 0, -0.667),
(4, 20, 5, 45, 0, 1, 1, -0.333),
(4, 20, 5, 46, 1, 0, 1, 1.000),
(4, 20, 5, 47, 1, 1, 0, 0.667),
(4, 20, 5, 48, 0, 1, 1, -0.333),
(4, 20, 5, 49, 0, 1, 1, -0.333),
(4, 20, 5, 50, 0, 0, 2, 0.000),
(4, 20, 6, 51, 0, 0, 2, 0.000),
(4, 20, 6, 52, 0, 2, 0, -0.667),
(4, 20, 6, 53, 0, 1, 1, -0.333),
(4, 20, 6, 54, 0, 1, 1, -0.333),
(4, 20, 6, 55, 0, 1, 1, -0.333),
(4, 20, 6, 56, 0, 2, 0, -0.667),
(4, 20, 6, 57, 0, 0, 2, 0.000),
(4, 20, 6, 58, 0, 1, 1, -0.333),
(4, 20, 6, 59, 0, 1, 1, -0.333),
(4, 20, 6, 60, 1, 0, 1, 1.000),
(4, 21, 1, 1, 2, 0, 0, 2.000),
(4, 21, 1, 2, 1, 0, 1, 1.000),
(4, 21, 1, 3, 1, 1, 0, 0.667),
(4, 21, 1, 4, 0, 1, 1, -0.333),
(4, 21, 1, 5, 0, 1, 1, -0.333),
(4, 21, 1, 6, 1, 0, 1, 1.000),
(4, 21, 1, 7, 1, 0, 1, 1.000),
(4, 21, 1, 8, 1, 1, 0, 0.667),
(4, 21, 1, 9, 1, 1, 0, 0.667),
(4, 21, 1, 10, 0, 1, 1, -0.333),
(4, 21, 2, 11, 0, 0, 1, 0.000),
(4, 21, 2, 12, 1, 0, 0, 1.000),
(4, 21, 2, 13, 0, 0, 1, 0.000),
(4, 21, 2, 14, 0, 1, 0, -0.333),
(4, 21, 2, 15, 1, 0, 0, 1.000),
(4, 21, 2, 16, 1, 0, 0, 1.000),
(4, 21, 2, 17, 0, 1, 0, -0.333),
(4, 21, 2, 18, 1, 0, 0, 1.000),
(4, 21, 2, 19, 1, 0, 0, 1.000),
(4, 21, 2, 20, 0, 1, 0, -0.333),
(4, 21, 3, 21, 0, 0, 1, 0.000),
(4, 21, 3, 22, 0, 1, 0, -0.333),
(4, 21, 3, 23, 0, 1, 0, -0.333),
(4, 21, 3, 24, 0, 0, 1, 0.000),
(4, 21, 3, 25, 1, 0, 0, 1.000),
(4, 21, 3, 26, 0, 1, 0, -0.333),
(4, 21, 3, 27, 1, 0, 0, 1.000),
(4, 21, 3, 28, 1, 0, 0, 1.000),
(4, 21, 3, 29, 0, 1, 0, -0.333),
(4, 21, 3, 30, 1, 0, 0, 1.000),
(4, 21, 4, 31, 1, 0, 0, 1.000),
(4, 21, 4, 32, 0, 0, 1, 0.000),
(4, 21, 4, 33, 1, 0, 0, 1.000),
(4, 21, 4, 34, 1, 0, 0, 1.000),
(4, 21, 4, 35, 1, 0, 0, 1.000),
(4, 21, 4, 36, 1, 0, 0, 1.000),
(4, 21, 4, 37, 1, 0, 0, 1.000),
(4, 21, 4, 38, 1, 0, 0, 1.000),
(4, 21, 4, 39, 1, 0, 0, 1.000),
(4, 21, 4, 40, 0, 1, 0, -0.333),
(4, 21, 5, 41, 0, 1, 1, -0.333),
(4, 21, 5, 42, 0, 1, 1, -0.333),
(4, 21, 5, 43, 1, 0, 1, 1.000),
(4, 21, 5, 44, 1, 1, 0, 0.667),
(4, 21, 5, 45, 1, 1, 0, 0.667),
(4, 21, 5, 46, 1, 1, 0, 0.667),
(4, 21, 5, 47, 1, 1, 0, 0.667),
(4, 21, 5, 48, 1, 0, 1, 1.000),
(4, 21, 5, 49, 1, 0, 1, 1.000),
(4, 21, 5, 50, 0, 1, 1, -0.333),
(4, 21, 6, 51, 1, 0, 1, 1.000),
(4, 21, 6, 52, 0, 0, 2, 0.000),
(4, 21, 6, 53, 2, 0, 0, 2.000),
(4, 21, 6, 54, 0, 1, 1, -0.333),
(4, 21, 6, 55, 2, 0, 0, 2.000),
(4, 21, 6, 56, 1, 1, 0, 0.667),
(4, 21, 6, 57, 1, 0, 1, 1.000),
(4, 21, 6, 58, 0, 2, 0, -0.667),
(4, 21, 6, 59, 0, 1, 1, -0.333),
(4, 21, 6, 60, 2, 0, 0, 2.000),
(4, 22, 1, 1, 2, 0, 0, 2.000),
(4, 22, 1, 2, 2, 0, 0, 2.000),
(4, 22, 1, 3, 2, 0, 0, 2.000),
(4, 22, 1, 4, 2, 0, 0, 2.000),
(4, 22, 1, 5, 1, 1, 0, 0.667),
(4, 22, 1, 6, 2, 0, 0, 2.000),
(4, 22, 1, 7, 2, 0, 0, 2.000),
(4, 22, 1, 8, 2, 0, 0, 2.000),
(4, 22, 1, 9, 2, 0, 0, 2.000),
(4, 22, 1, 10, 2, 0, 0, 2.000),
(4, 22, 2, 11, 1, 0, 0, 1.000),
(4, 22, 2, 12, 1, 0, 0, 1.000),
(4, 22, 2, 13, 1, 0, 0, 1.000),
(4, 22, 2, 14, 1, 0, 0, 1.000),
(4, 22, 2, 15, 1, 0, 0, 1.000),
(4, 22, 2, 16, 1, 0, 0, 1.000),
(4, 22, 2, 17, 1, 0, 0, 1.000),
(4, 22, 2, 18, 1, 0, 0, 1.000),
(4, 22, 2, 19, 1, 0, 0, 1.000),
(4, 22, 2, 20, 0, 0, 1, 0.000),
(4, 22, 3, 21, 1, 0, 0, 1.000),
(4, 22, 3, 22, 1, 0, 0, 1.000),
(4, 22, 3, 23, 1, 0, 0, 1.000),
(4, 22, 3, 24, 1, 0, 0, 1.000),
(4, 22, 3, 25, 1, 0, 0, 1.000),
(4, 22, 3, 26, 1, 0, 0, 1.000),
(4, 22, 3, 27, 1, 0, 0, 1.000),
(4, 22, 3, 28, 1, 0, 0, 1.000),
(4, 22, 3, 29, 1, 0, 0, 1.000),
(4, 22, 3, 30, 1, 0, 0, 1.000),
(4, 22, 4, 31, 1, 0, 0, 1.000),
(4, 22, 4, 32, 1, 0, 0, 1.000),
(4, 22, 4, 33, 1, 0, 0, 1.000),
(4, 22, 4, 34, 0, 1, 0, -0.333),
(4, 22, 4, 35, 1, 0, 0, 1.000),
(4, 22, 4, 36, 1, 0, 0, 1.000),
(4, 22, 4, 37, 1, 0, 0, 1.000),
(4, 22, 4, 38, 1, 0, 0, 1.000),
(4, 22, 4, 39, 1, 0, 0, 1.000),
(4, 22, 4, 40, 1, 0, 0, 1.000),
(4, 22, 5, 41, 1, 0, 1, 1.000),
(4, 22, 5, 42, 2, 0, 0, 2.000),
(4, 22, 5, 43, 1, 1, 0, 0.667),
(4, 22, 5, 44, 2, 0, 0, 2.000),
(4, 22, 5, 45, 2, 0, 0, 2.000),
(4, 22, 5, 46, 2, 0, 0, 2.000),
(4, 22, 5, 47, 2, 0, 0, 2.000),
(4, 22, 5, 48, 0, 2, 0, -0.667),
(4, 22, 5, 49, 2, 0, 0, 2.000),
(4, 22, 5, 50, 2, 0, 0, 2.000),
(4, 22, 6, 51, 2, 0, 0, 2.000),
(4, 22, 6, 52, 2, 0, 0, 2.000),
(4, 22, 6, 53, 2, 0, 0, 2.000),
(4, 22, 6, 54, 2, 0, 0, 2.000),
(4, 22, 6, 55, 2, 0, 0, 2.000),
(4, 22, 6, 56, 1, 0, 1, 1.000),
(4, 22, 6, 57, 2, 0, 0, 2.000),
(4, 22, 6, 58, 2, 0, 0, 2.000),
(4, 22, 6, 59, 1, 1, 0, 0.667),
(4, 22, 6, 60, 2, 0, 0, 2.000),
(4, 23, 1, 1, 0, 2, 0, -0.667),
(4, 23, 1, 2, 0, 0, 2, 0.000),
(4, 23, 1, 3, 2, 0, 0, 2.000),
(4, 23, 1, 4, 1, 1, 0, 0.667),
(4, 23, 1, 5, 1, 0, 1, 1.000),
(4, 23, 1, 6, 0, 0, 2, 0.000),
(4, 23, 1, 7, 2, 0, 0, 2.000),
(4, 23, 1, 8, 0, 1, 1, -0.333),
(4, 23, 1, 9, 2, 0, 0, 2.000),
(4, 23, 1, 10, 1, 0, 1, 1.000),
(4, 23, 2, 11, 1, 0, 0, 1.000),
(4, 23, 2, 12, 1, 0, 0, 1.000),
(4, 23, 2, 13, 1, 0, 0, 1.000),
(4, 23, 2, 14, 0, 1, 0, -0.333),
(4, 23, 2, 15, 1, 0, 0, 1.000),
(4, 23, 2, 16, 1, 0, 0, 1.000),
(4, 23, 2, 17, 1, 0, 0, 1.000),
(4, 23, 2, 18, 0, 1, 0, -0.333),
(4, 23, 2, 19, 1, 0, 0, 1.000),
(4, 23, 2, 20, 1, 0, 0, 1.000),
(4, 23, 3, 21, 1, 0, 0, 1.000),
(4, 23, 3, 22, 1, 0, 0, 1.000),
(4, 23, 3, 23, 1, 0, 0, 1.000),
(4, 23, 3, 24, 1, 0, 0, 1.000),
(4, 23, 3, 25, 1, 0, 0, 1.000),
(4, 23, 3, 26, 0, 0, 1, 0.000),
(4, 23, 3, 27, 1, 0, 0, 1.000),
(4, 23, 3, 28, 0, 0, 1, 0.000),
(4, 23, 3, 29, 0, 1, 0, -0.333),
(4, 23, 3, 30, 0, 0, 1, 0.000),
(4, 23, 4, 31, 1, 0, 0, 1.000),
(4, 23, 4, 32, 1, 0, 0, 1.000),
(4, 23, 4, 33, 1, 0, 0, 1.000),
(4, 23, 4, 34, 1, 0, 0, 1.000),
(4, 23, 4, 35, 1, 0, 0, 1.000),
(4, 23, 4, 36, 0, 0, 1, 0.000),
(4, 23, 4, 37, 0, 1, 0, -0.333),
(4, 23, 4, 38, 1, 0, 0, 1.000),
(4, 23, 4, 39, 1, 0, 0, 1.000),
(4, 23, 4, 40, 0, 1, 0, -0.333),
(4, 23, 5, 41, 0, 2, 0, -0.667),
(4, 23, 5, 42, 1, 1, 0, 0.667),
(4, 23, 5, 43, 2, 0, 0, 2.000),
(4, 23, 5, 44, 0, 1, 1, -0.333),
(4, 23, 5, 45, 2, 0, 0, 2.000),
(4, 23, 5, 46, 2, 0, 0, 2.000),
(4, 23, 5, 47, 1, 0, 1, 1.000),
(4, 23, 5, 48, 1, 0, 1, 1.000),
(4, 23, 5, 49, 0, 2, 0, -0.667),
(4, 23, 5, 50, 0, 2, 0, -0.667),
(4, 23, 6, 51, 1, 0, 1, 1.000),
(4, 23, 6, 52, 1, 1, 0, 0.667),
(4, 23, 6, 53, 0, 2, 0, -0.667),
(4, 23, 6, 54, 1, 1, 0, 0.667),
(4, 23, 6, 55, 1, 0, 1, 1.000),
(4, 23, 6, 56, 1, 1, 0, 0.667),
(4, 23, 6, 57, 1, 1, 0, 0.667),
(4, 23, 6, 58, 0, 1, 1, -0.333),
(4, 23, 6, 59, 0, 2, 0, -0.667),
(4, 23, 6, 60, 1, 1, 0, 0.667),
(4, 24, 1, 1, 1, 1, 0, 0.667),
(4, 24, 1, 2, 2, 0, 0, 2.000),
(4, 24, 1, 3, 0, 1, 1, -0.333),
(4, 24, 1, 4, 1, 0, 1, 1.000),
(4, 24, 1, 5, 1, 0, 1, 1.000),
(4, 24, 1, 6, 1, 1, 0, 0.667),
(4, 24, 1, 7, 0, 1, 1, -0.333),
(4, 24, 1, 8, 1, 0, 1, 1.000),
(4, 24, 1, 9, 1, 0, 1, 1.000),
(4, 24, 1, 10, 1, 1, 0, 0.667),
(4, 24, 2, 11, 0, 1, 0, -0.333),
(4, 24, 2, 12, 1, 0, 0, 1.000),
(4, 24, 2, 13, 1, 0, 0, 1.000),
(4, 24, 2, 14, 0, 0, 1, 0.000),
(4, 24, 2, 15, 1, 0, 0, 1.000),
(4, 24, 2, 16, 1, 0, 0, 1.000),
(4, 24, 2, 17, 0, 0, 1, 0.000),
(4, 24, 2, 18, 1, 0, 0, 1.000),
(4, 24, 2, 19, 1, 0, 0, 1.000),
(4, 24, 2, 20, 0, 1, 0, -0.333),
(4, 24, 3, 21, 1, 0, 0, 1.000),
(4, 24, 3, 22, 1, 0, 0, 1.000),
(4, 24, 3, 23, 1, 0, 0, 1.000),
(4, 24, 3, 24, 1, 0, 0, 1.000),
(4, 24, 3, 25, 1, 0, 0, 1.000),
(4, 24, 3, 26, 0, 1, 0, -0.333),
(4, 24, 3, 27, 1, 0, 0, 1.000),
(4, 24, 3, 28, 1, 0, 0, 1.000),
(4, 24, 3, 29, 1, 0, 0, 1.000),
(4, 24, 3, 30, 0, 0, 1, 0.000),
(4, 24, 4, 31, 0, 1, 0, -0.333),
(4, 24, 4, 32, 1, 0, 0, 1.000),
(4, 24, 4, 33, 1, 0, 0, 1.000),
(4, 24, 4, 34, 1, 0, 0, 1.000),
(4, 24, 4, 35, 0, 1, 0, -0.333),
(4, 24, 4, 36, 0, 1, 0, -0.333),
(4, 24, 4, 37, 0, 0, 1, 0.000),
(4, 24, 4, 38, 1, 0, 0, 1.000),
(4, 24, 4, 39, 1, 0, 0, 1.000),
(4, 24, 4, 40, 1, 0, 0, 1.000),
(4, 24, 5, 41, 2, 0, 0, 2.000),
(4, 24, 5, 42, 0, 1, 1, -0.333),
(4, 24, 5, 43, 2, 0, 0, 2.000),
(4, 24, 5, 44, 0, 0, 2, 0.000),
(4, 24, 5, 45, 2, 0, 0, 2.000),
(4, 24, 5, 46, 1, 0, 1, 1.000),
(4, 24, 5, 47, 0, 2, 0, -0.667),
(4, 24, 5, 48, 0, 0, 2, 0.000),
(4, 24, 5, 49, 0, 1, 1, -0.333),
(4, 24, 5, 50, 1, 1, 0, 0.667),
(4, 24, 6, 51, 1, 0, 1, 1.000),
(4, 24, 6, 52, 0, 2, 0, -0.667),
(4, 24, 6, 53, 1, 0, 1, 1.000),
(4, 24, 6, 54, 0, 0, 2, 0.000),
(4, 24, 6, 55, 0, 1, 1, -0.333),
(4, 24, 6, 56, 1, 1, 0, 0.667),
(4, 24, 6, 57, 0, 1, 1, -0.333),
(4, 24, 6, 58, 0, 2, 0, -0.667),
(4, 24, 6, 59, 0, 0, 2, 0.000),
(4, 24, 6, 60, 1, 0, 1, 1.000),
(4, 25, 1, 1, 0, 2, 0, -0.667),
(4, 25, 1, 2, 0, 1, 1, -0.333),
(4, 25, 1, 3, 1, 0, 1, 1.000),
(4, 25, 1, 4, 2, 0, 0, 2.000),
(4, 25, 1, 5, 0, 1, 1, -0.333),
(4, 25, 1, 6, 0, 0, 2, 0.000),
(4, 25, 1, 7, 1, 0, 1, 1.000),
(4, 25, 1, 8, 1, 0, 1, 1.000),
(4, 25, 1, 9, 1, 0, 1, 1.000),
(4, 25, 1, 10, 1, 1, 0, 0.667),
(4, 25, 2, 11, 0, 1, 0, -0.333),
(4, 25, 2, 12, 1, 0, 0, 1.000),
(4, 25, 2, 13, 1, 0, 0, 1.000),
(4, 25, 2, 14, 1, 0, 0, 1.000),
(4, 25, 2, 15, 1, 0, 0, 1.000),
(4, 25, 2, 16, 1, 0, 0, 1.000),
(4, 25, 2, 17, 1, 0, 0, 1.000),
(4, 25, 2, 18, 1, 0, 0, 1.000),
(4, 25, 2, 19, 0, 0, 1, 0.000),
(4, 25, 2, 20, 0, 1, 0, -0.333),
(4, 25, 3, 21, 1, 0, 0, 1.000),
(4, 25, 3, 22, 1, 0, 0, 1.000),
(4, 25, 3, 23, 1, 0, 0, 1.000),
(4, 25, 3, 24, 1, 0, 0, 1.000),
(4, 25, 3, 25, 1, 0, 0, 1.000),
(4, 25, 3, 26, 0, 1, 0, -0.333),
(4, 25, 3, 27, 1, 0, 0, 1.000),
(4, 25, 3, 28, 1, 0, 0, 1.000),
(4, 25, 3, 29, 0, 1, 0, -0.333),
(4, 25, 3, 30, 1, 0, 0, 1.000),
(4, 25, 4, 31, 0, 0, 1, 0.000),
(4, 25, 4, 32, 0, 1, 0, -0.333),
(4, 25, 4, 33, 1, 0, 0, 1.000),
(4, 25, 4, 34, 1, 0, 0, 1.000),
(4, 25, 4, 35, 1, 0, 0, 1.000),
(4, 25, 4, 36, 0, 0, 1, 0.000),
(4, 25, 4, 37, 0, 0, 1, 0.000),
(4, 25, 4, 38, 0, 0, 1, 0.000),
(4, 25, 4, 39, 0, 0, 1, 0.000),
(4, 25, 4, 40, 0, 1, 0, -0.333),
(4, 25, 5, 41, 0, 1, 1, -0.333),
(4, 25, 5, 42, 0, 1, 1, -0.333),
(4, 25, 5, 43, 0, 0, 2, 0.000),
(4, 25, 5, 44, 0, 0, 2, 0.000),
(4, 25, 5, 45, 1, 0, 1, 1.000),
(4, 25, 5, 46, 1, 1, 0, 0.667),
(4, 25, 5, 47, 1, 0, 1, 1.000),
(4, 25, 5, 48, 1, 1, 0, 0.667),
(4, 25, 5, 49, 1, 1, 0, 0.667),
(4, 25, 5, 50, 0, 1, 1, -0.333),
(4, 25, 6, 51, 1, 0, 1, 1.000),
(4, 25, 6, 52, 1, 0, 1, 1.000),
(4, 25, 6, 53, 1, 0, 1, 1.000),
(4, 25, 6, 54, 0, 1, 1, -0.333),
(4, 25, 6, 55, 2, 0, 0, 2.000),
(4, 25, 6, 56, 1, 1, 0, 0.667),
(4, 25, 6, 57, 0, 2, 0, -0.667),
(4, 25, 6, 58, 1, 1, 0, 0.667),
(4, 25, 6, 59, 0, 2, 0, -0.667),
(4, 25, 6, 60, 0, 2, 0, -0.667),
(4, 26, 1, 1, 0, 0, 2, 0.000),
(4, 26, 1, 2, 1, 1, 0, 0.667),
(4, 26, 1, 3, 0, 1, 1, -0.333),
(4, 26, 1, 4, 1, 1, 0, 0.667),
(4, 26, 1, 5, 0, 2, 0, -0.667),
(4, 26, 1, 6, 1, 0, 1, 1.000),
(4, 26, 1, 7, 0, 1, 1, -0.333),
(4, 26, 1, 8, 1, 0, 1, 1.000),
(4, 26, 1, 9, 0, 1, 1, -0.333),
(4, 26, 1, 10, 1, 1, 0, 0.667),
(4, 26, 2, 11, 1, 0, 0, 1.000),
(4, 26, 2, 12, 0, 0, 1, 0.000),
(4, 26, 2, 13, 0, 1, 0, -0.333),
(4, 26, 2, 14, 0, 0, 1, 0.000),
(4, 26, 2, 15, 0, 1, 0, -0.333),
(4, 26, 2, 16, 1, 0, 0, 1.000),
(4, 26, 2, 17, 0, 0, 1, 0.000),
(4, 26, 2, 18, 1, 0, 0, 1.000),
(4, 26, 2, 19, 0, 1, 0, -0.333),
(4, 26, 2, 20, 0, 1, 0, -0.333),
(4, 26, 3, 21, 0, 1, 0, -0.333),
(4, 26, 3, 22, 0, 0, 1, 0.000),
(4, 26, 3, 23, 1, 0, 0, 1.000),
(4, 26, 3, 24, 0, 0, 1, 0.000),
(4, 26, 3, 25, 1, 0, 0, 1.000),
(4, 26, 3, 26, 1, 0, 0, 1.000),
(4, 26, 3, 27, 1, 0, 0, 1.000),
(4, 26, 3, 28, 0, 0, 1, 0.000),
(4, 26, 3, 29, 0, 0, 1, 0.000),
(4, 26, 3, 30, 1, 0, 0, 1.000),
(4, 26, 4, 31, 0, 1, 0, -0.333),
(4, 26, 4, 32, 1, 0, 0, 1.000),
(4, 26, 4, 33, 0, 0, 1, 0.000),
(4, 26, 4, 34, 0, 1, 0, -0.333),
(4, 26, 4, 35, 1, 0, 0, 1.000),
(4, 26, 4, 36, 1, 0, 0, 1.000),
(4, 26, 4, 37, 0, 1, 0, -0.333),
(4, 26, 4, 38, 1, 0, 0, 1.000),
(4, 26, 4, 39, 0, 1, 0, -0.333),
(4, 26, 4, 40, 0, 0, 1, 0.000),
(4, 26, 5, 41, 0, 0, 2, 0.000),
(4, 26, 5, 42, 1, 1, 0, 0.667),
(4, 26, 5, 43, 1, 0, 1, 1.000),
(4, 26, 5, 44, 0, 1, 1, -0.333),
(4, 26, 5, 45, 0, 0, 2, 0.000),
(4, 26, 5, 46, 0, 1, 1, -0.333),
(4, 26, 5, 47, 1, 0, 1, 1.000),
(4, 26, 5, 48, 0, 1, 1, -0.333),
(4, 26, 5, 49, 0, 2, 0, -0.667),
(4, 26, 5, 50, 2, 0, 0, 2.000),
(4, 26, 6, 51, 0, 2, 0, -0.667),
(4, 26, 6, 52, 1, 1, 0, 0.667),
(4, 26, 6, 53, 0, 0, 2, 0.000),
(4, 26, 6, 54, 1, 1, 0, 0.667),
(4, 26, 6, 55, 1, 0, 1, 1.000),
(4, 26, 6, 56, 0, 2, 0, -0.667),
(4, 26, 6, 57, 2, 0, 0, 2.000),
(4, 26, 6, 58, 1, 1, 0, 0.667),
(4, 26, 6, 59, 1, 1, 0, 0.667),
(4, 26, 6, 60, 1, 1, 0, 0.667),
(4, 27, 1, 1, 2, 0, 0, 2.000),
(4, 27, 1, 2, 2, 0, 0, 2.000),
(4, 27, 1, 3, 2, 0, 0, 2.000),
(4, 27, 1, 4, 2, 0, 0, 2.000),
(4, 27, 1, 5, 2, 0, 0, 2.000),
(4, 27, 1, 6, 2, 0, 0, 2.000),
(4, 27, 1, 7, 2, 0, 0, 2.000),
(4, 27, 1, 8, 2, 0, 0, 2.000),
(4, 27, 1, 9, 1, 1, 0, 0.667),
(4, 27, 1, 10, 2, 0, 0, 2.000),
(4, 27, 2, 11, 1, 0, 0, 1.000),
(4, 27, 2, 12, 1, 0, 0, 1.000),
(4, 27, 2, 13, 1, 0, 0, 1.000),
(4, 27, 2, 14, 1, 0, 0, 1.000),
(4, 27, 2, 15, 1, 0, 0, 1.000),
(4, 27, 2, 16, 0, 1, 0, -0.333),
(4, 27, 2, 17, 1, 0, 0, 1.000),
(4, 27, 2, 18, 1, 0, 0, 1.000),
(4, 27, 2, 19, 1, 0, 0, 1.000),
(4, 27, 2, 20, 1, 0, 0, 1.000),
(4, 27, 3, 21, 0, 1, 0, -0.333),
(4, 27, 3, 22, 1, 0, 0, 1.000),
(4, 27, 3, 23, 1, 0, 0, 1.000),
(4, 27, 3, 24, 1, 0, 0, 1.000),
(4, 27, 3, 25, 1, 0, 0, 1.000),
(4, 27, 3, 26, 1, 0, 0, 1.000),
(4, 27, 3, 27, 1, 0, 0, 1.000),
(4, 27, 3, 28, 1, 0, 0, 1.000),
(4, 27, 3, 29, 1, 0, 0, 1.000),
(4, 27, 3, 30, 0, 0, 1, 0.000),
(4, 27, 4, 31, 1, 0, 0, 1.000),
(4, 27, 4, 32, 1, 0, 0, 1.000),
(4, 27, 4, 33, 0, 0, 1, 0.000),
(4, 27, 4, 34, 1, 0, 0, 1.000),
(4, 27, 4, 35, 1, 0, 0, 1.000),
(4, 27, 4, 36, 1, 0, 0, 1.000),
(4, 27, 4, 37, 0, 1, 0, -0.333),
(4, 27, 4, 38, 1, 0, 0, 1.000),
(4, 27, 4, 39, 0, 1, 0, -0.333),
(4, 27, 4, 40, 1, 0, 0, 1.000),
(4, 27, 5, 41, 2, 0, 0, 2.000),
(4, 27, 5, 42, 2, 0, 0, 2.000),
(4, 27, 5, 43, 2, 0, 0, 2.000),
(4, 27, 5, 44, 2, 0, 0, 2.000),
(4, 27, 5, 45, 2, 0, 0, 2.000),
(4, 27, 5, 46, 2, 0, 0, 2.000),
(4, 27, 5, 47, 2, 0, 0, 2.000),
(4, 27, 5, 48, 2, 0, 0, 2.000),
(4, 27, 5, 49, 2, 0, 0, 2.000),
(4, 27, 5, 50, 1, 1, 0, 0.667),
(4, 27, 6, 51, 2, 0, 0, 2.000),
(4, 27, 6, 52, 2, 0, 0, 2.000),
(4, 27, 6, 53, 2, 0, 0, 2.000),
(4, 27, 6, 54, 2, 0, 0, 2.000),
(4, 27, 6, 55, 2, 0, 0, 2.000),
(4, 27, 6, 56, 1, 1, 0, 0.667),
(4, 27, 6, 57, 2, 0, 0, 2.000),
(4, 27, 6, 58, 2, 0, 0, 2.000),
(4, 27, 6, 59, 1, 1, 0, 0.667),
(4, 27, 6, 60, 2, 0, 0, 2.000),
(4, 28, 1, 1, 2, 0, 0, 2.000),
(4, 28, 1, 2, 1, 1, 0, 0.667),
(4, 28, 1, 3, 2, 0, 0, 2.000),
(4, 28, 1, 4, 2, 0, 0, 2.000),
(4, 28, 1, 5, 2, 0, 0, 2.000),
(4, 28, 1, 6, 2, 0, 0, 2.000),
(4, 28, 1, 7, 2, 0, 0, 2.000),
(4, 28, 1, 8, 2, 0, 0, 2.000),
(4, 28, 1, 9, 2, 0, 0, 2.000),
(4, 28, 1, 10, 2, 0, 0, 2.000),
(4, 28, 2, 11, 1, 0, 0, 1.000),
(4, 28, 2, 12, 1, 0, 0, 1.000),
(4, 28, 2, 13, 1, 0, 0, 1.000),
(4, 28, 2, 14, 1, 0, 0, 1.000),
(4, 28, 2, 15, 1, 0, 0, 1.000),
(4, 28, 2, 16, 1, 0, 0, 1.000),
(4, 28, 2, 17, 1, 0, 0, 1.000),
(4, 28, 2, 18, 1, 0, 0, 1.000),
(4, 28, 2, 19, 1, 0, 0, 1.000),
(4, 28, 2, 20, 1, 0, 0, 1.000),
(4, 28, 3, 21, 1, 0, 0, 1.000),
(4, 28, 3, 22, 1, 0, 0, 1.000),
(4, 28, 3, 23, 1, 0, 0, 1.000),
(4, 28, 3, 24, 1, 0, 0, 1.000),
(4, 28, 3, 25, 1, 0, 0, 1.000),
(4, 28, 3, 26, 1, 0, 0, 1.000),
(4, 28, 3, 27, 1, 0, 0, 1.000),
(4, 28, 3, 28, 0, 1, 0, -0.333),
(4, 28, 3, 29, 1, 0, 0, 1.000),
(4, 28, 3, 30, 0, 0, 1, 0.000),
(4, 28, 4, 31, 1, 0, 0, 1.000),
(4, 28, 4, 32, 1, 0, 0, 1.000),
(4, 28, 4, 33, 1, 0, 0, 1.000),
(4, 28, 4, 34, 1, 0, 0, 1.000),
(4, 28, 4, 35, 1, 0, 0, 1.000),
(4, 28, 4, 36, 0, 1, 0, -0.333),
(4, 28, 4, 37, 0, 0, 1, 0.000),
(4, 28, 4, 38, 1, 0, 0, 1.000),
(4, 28, 4, 39, 1, 0, 0, 1.000),
(4, 28, 4, 40, 1, 0, 0, 1.000),
(4, 28, 5, 41, 2, 0, 0, 2.000),
(4, 28, 5, 42, 2, 0, 0, 2.000),
(4, 28, 5, 43, 2, 0, 0, 2.000),
(4, 28, 5, 44, 2, 0, 0, 2.000),
(4, 28, 5, 45, 2, 0, 0, 2.000),
(4, 28, 5, 46, 2, 0, 0, 2.000),
(4, 28, 5, 47, 1, 1, 0, 0.667),
(4, 28, 5, 48, 2, 0, 0, 2.000),
(4, 28, 5, 49, 2, 0, 0, 2.000),
(4, 28, 5, 50, 1, 1, 0, 0.667),
(4, 28, 6, 51, 2, 0, 0, 2.000),
(4, 28, 6, 52, 2, 0, 0, 2.000),
(4, 28, 6, 53, 2, 0, 0, 2.000),
(4, 28, 6, 54, 1, 1, 0, 0.667),
(4, 28, 6, 55, 2, 0, 0, 2.000),
(4, 28, 6, 56, 1, 1, 0, 0.667),
(4, 28, 6, 57, 1, 0, 1, 1.000),
(4, 28, 6, 58, 2, 0, 0, 2.000),
(4, 28, 6, 59, 2, 0, 0, 2.000),
(4, 28, 6, 60, 1, 1, 0, 0.667),
(4, 29, 1, 1, 1, 0, 1, 1.000),
(4, 29, 1, 2, 1, 0, 1, 1.000),
(4, 29, 1, 3, 0, 2, 0, -0.667),
(4, 29, 1, 4, 1, 0, 1, 1.000),
(4, 29, 1, 5, 0, 0, 2, 0.000),
(4, 29, 1, 6, 0, 1, 1, -0.333),
(4, 29, 1, 7, 1, 1, 0, 0.667),
(4, 29, 1, 8, 0, 2, 0, -0.667),
(4, 29, 1, 9, 0, 0, 2, 0.000),
(4, 29, 1, 10, 0, 0, 2, 0.000),
(4, 29, 2, 11, 0, 0, 1, 0.000),
(4, 29, 2, 12, 0, 0, 1, 0.000),
(4, 29, 2, 13, 0, 1, 0, -0.333),
(4, 29, 2, 14, 1, 0, 0, 1.000),
(4, 29, 2, 15, 1, 0, 0, 1.000),
(4, 29, 2, 16, 0, 0, 1, 0.000),
(4, 29, 2, 17, 0, 1, 0, -0.333),
(4, 29, 2, 18, 0, 1, 0, -0.333),
(4, 29, 2, 19, 1, 0, 0, 1.000),
(4, 29, 2, 20, 1, 0, 0, 1.000),
(4, 29, 3, 21, 1, 0, 0, 1.000),
(4, 29, 3, 22, 0, 0, 1, 0.000),
(4, 29, 3, 23, 0, 1, 0, -0.333),
(4, 29, 3, 24, 1, 0, 0, 1.000),
(4, 29, 3, 25, 1, 0, 0, 1.000),
(4, 29, 3, 26, 0, 1, 0, -0.333),
(4, 29, 3, 27, 0, 1, 0, -0.333),
(4, 29, 3, 28, 0, 1, 0, -0.333),
(4, 29, 3, 29, 0, 0, 1, 0.000),
(4, 29, 3, 30, 0, 1, 0, -0.333),
(4, 29, 4, 31, 0, 1, 0, -0.333),
(4, 29, 4, 32, 0, 1, 0, -0.333),
(4, 29, 4, 33, 0, 0, 1, 0.000),
(4, 29, 4, 34, 0, 1, 0, -0.333),
(4, 29, 4, 35, 1, 0, 0, 1.000),
(4, 29, 4, 36, 1, 0, 0, 1.000),
(4, 29, 4, 37, 0, 0, 1, 0.000),
(4, 29, 4, 38, 0, 1, 0, -0.333),
(4, 29, 4, 39, 1, 0, 0, 1.000),
(4, 29, 4, 40, 0, 1, 0, -0.333),
(4, 29, 5, 41, 1, 0, 1, 1.000),
(4, 29, 5, 42, 0, 2, 0, -0.667),
(4, 29, 5, 43, 0, 0, 2, 0.000),
(4, 29, 5, 44, 0, 1, 1, -0.333),
(4, 29, 5, 45, 1, 1, 0, 0.667),
(4, 29, 5, 46, 0, 0, 2, 0.000),
(4, 29, 5, 47, 1, 0, 1, 1.000),
(4, 29, 5, 48, 1, 0, 1, 1.000),
(4, 29, 5, 49, 0, 1, 1, -0.333),
(4, 29, 5, 50, 0, 1, 1, -0.333),
(4, 29, 6, 51, 1, 0, 1, 1.000),
(4, 29, 6, 52, 0, 0, 2, 0.000),
(4, 29, 6, 53, 1, 0, 1, 1.000),
(4, 29, 6, 54, 0, 0, 2, 0.000),
(4, 29, 6, 55, 0, 0, 2, 0.000),
(4, 29, 6, 56, 0, 1, 1, -0.333),
(4, 29, 6, 57, 0, 1, 1, -0.333),
(4, 29, 6, 58, 0, 0, 2, 0.000),
(4, 29, 6, 59, 0, 2, 0, -0.667),
(4, 29, 6, 60, 0, 2, 0, -0.667),
(4, 30, 1, 1, 1, 1, 0, 0.667),
(4, 30, 1, 2, 1, 0, 1, 1.000),
(4, 30, 1, 3, 2, 0, 0, 2.000),
(4, 30, 1, 4, 2, 0, 0, 2.000),
(4, 30, 1, 5, 2, 0, 0, 2.000),
(4, 30, 1, 6, 2, 0, 0, 2.000),
(4, 30, 1, 7, 1, 1, 0, 0.667),
(4, 30, 1, 8, 1, 1, 0, 0.667),
(4, 30, 1, 9, 2, 0, 0, 2.000),
(4, 30, 1, 10, 2, 0, 0, 2.000),
(4, 30, 2, 11, 1, 0, 0, 1.000),
(4, 30, 2, 12, 1, 0, 0, 1.000),
(4, 30, 2, 13, 1, 0, 0, 1.000),
(4, 30, 2, 14, 1, 0, 0, 1.000),
(4, 30, 2, 15, 1, 0, 0, 1.000),
(4, 30, 2, 16, 1, 0, 0, 1.000),
(4, 30, 2, 17, 1, 0, 0, 1.000),
(4, 30, 2, 18, 1, 0, 0, 1.000),
(4, 30, 2, 19, 0, 1, 0, -0.333),
(4, 30, 2, 20, 1, 0, 0, 1.000),
(4, 30, 3, 21, 1, 0, 0, 1.000),
(4, 30, 3, 22, 1, 0, 0, 1.000),
(4, 30, 3, 23, 1, 0, 0, 1.000),
(4, 30, 3, 24, 1, 0, 0, 1.000),
(4, 30, 3, 25, 1, 0, 0, 1.000),
(4, 30, 3, 26, 1, 0, 0, 1.000),
(4, 30, 3, 27, 1, 0, 0, 1.000),
(4, 30, 3, 28, 1, 0, 0, 1.000),
(4, 30, 3, 29, 0, 0, 1, 0.000),
(4, 30, 3, 30, 1, 0, 0, 1.000),
(4, 30, 4, 31, 0, 1, 0, -0.333),
(4, 30, 4, 32, 1, 0, 0, 1.000),
(4, 30, 4, 33, 1, 0, 0, 1.000),
(4, 30, 4, 34, 1, 0, 0, 1.000),
(4, 30, 4, 35, 1, 0, 0, 1.000),
(4, 30, 4, 36, 1, 0, 0, 1.000),
(4, 30, 4, 37, 1, 0, 0, 1.000),
(4, 30, 4, 38, 0, 1, 0, -0.333),
(4, 30, 4, 39, 1, 0, 0, 1.000),
(4, 30, 4, 40, 1, 0, 0, 1.000),
(4, 30, 5, 41, 2, 0, 0, 2.000),
(4, 30, 5, 42, 2, 0, 0, 2.000),
(4, 30, 5, 43, 2, 0, 0, 2.000),
(4, 30, 5, 44, 2, 0, 0, 2.000),
(4, 30, 5, 45, 1, 0, 1, 1.000),
(4, 30, 5, 46, 2, 0, 0, 2.000),
(4, 30, 5, 47, 2, 0, 0, 2.000),
(4, 30, 5, 48, 2, 0, 0, 2.000),
(4, 30, 5, 49, 1, 1, 0, 0.667),
(4, 30, 5, 50, 1, 1, 0, 0.667),
(4, 30, 6, 51, 2, 0, 0, 2.000),
(4, 30, 6, 52, 2, 0, 0, 2.000),
(4, 30, 6, 53, 2, 0, 0, 2.000),
(4, 30, 6, 54, 2, 0, 0, 2.000),
(4, 30, 6, 55, 2, 0, 0, 2.000),
(4, 30, 6, 56, 2, 0, 0, 2.000),
(4, 30, 6, 57, 2, 0, 0, 2.000),
(4, 30, 6, 58, 1, 0, 1, 1.000),
(4, 30, 6, 59, 1, 0, 1, 1.000),
(4, 30, 6, 60, 2, 0, 0, 2.000),
(4, 31, 1, 1, 1, 0, 1, 1.000),
(4, 31, 1, 2, 1, 1, 0, 0.667),
(4, 31, 1, 3, 0, 1, 1, -0.333),
(4, 31, 1, 4, 0, 1, 1, -0.333),
(4, 31, 1, 5, 1, 1, 0, 0.667),
(4, 31, 1, 6, 2, 0, 0, 2.000),
(4, 31, 1, 7, 1, 1, 0, 0.667),
(4, 31, 1, 8, 0, 1, 1, -0.333),
(4, 31, 1, 9, 0, 0, 2, 0.000),
(4, 31, 1, 10, 0, 2, 0, -0.667),
(4, 31, 2, 11, 1, 0, 0, 1.000),
(4, 31, 2, 12, 0, 0, 1, 0.000),
(4, 31, 2, 13, 1, 0, 0, 1.000),
(4, 31, 2, 14, 0, 1, 0, -0.333),
(4, 31, 2, 15, 1, 0, 0, 1.000),
(4, 31, 2, 16, 1, 0, 0, 1.000),
(4, 31, 2, 17, 0, 0, 1, 0.000),
(4, 31, 2, 18, 1, 0, 0, 1.000),
(4, 31, 2, 19, 1, 0, 0, 1.000),
(4, 31, 2, 20, 1, 0, 0, 1.000),
(4, 31, 3, 21, 1, 0, 0, 1.000),
(4, 31, 3, 22, 0, 0, 1, 0.000),
(4, 31, 3, 23, 0, 1, 0, -0.333),
(4, 31, 3, 24, 0, 1, 0, -0.333),
(4, 31, 3, 25, 0, 1, 0, -0.333),
(4, 31, 3, 26, 1, 0, 0, 1.000),
(4, 31, 3, 27, 1, 0, 0, 1.000),
(4, 31, 3, 28, 1, 0, 0, 1.000),
(4, 31, 3, 29, 0, 1, 0, -0.333),
(4, 31, 3, 30, 1, 0, 0, 1.000),
(4, 31, 4, 31, 0, 0, 1, 0.000),
(4, 31, 4, 32, 1, 0, 0, 1.000),
(4, 31, 4, 33, 0, 1, 0, -0.333),
(4, 31, 4, 34, 1, 0, 0, 1.000),
(4, 31, 4, 35, 0, 1, 0, -0.333),
(4, 31, 4, 36, 1, 0, 0, 1.000),
(4, 31, 4, 37, 0, 0, 1, 0.000),
(4, 31, 4, 38, 1, 0, 0, 1.000),
(4, 31, 4, 39, 0, 1, 0, -0.333),
(4, 31, 4, 40, 1, 0, 0, 1.000),
(4, 31, 5, 41, 1, 0, 1, 1.000),
(4, 31, 5, 42, 0, 2, 0, -0.667),
(4, 31, 5, 43, 2, 0, 0, 2.000),
(4, 31, 5, 44, 1, 1, 0, 0.667),
(4, 31, 5, 45, 2, 0, 0, 2.000),
(4, 31, 5, 46, 1, 1, 0, 0.667),
(4, 31, 5, 47, 2, 0, 0, 2.000),
(4, 31, 5, 48, 0, 1, 1, -0.333),
(4, 31, 5, 49, 1, 0, 1, 1.000),
(4, 31, 5, 50, 2, 0, 0, 2.000),
(4, 31, 6, 51, 2, 0, 0, 2.000),
(4, 31, 6, 52, 1, 0, 1, 1.000),
(4, 31, 6, 53, 1, 0, 1, 1.000),
(4, 31, 6, 54, 1, 1, 0, 0.667),
(4, 31, 6, 55, 0, 2, 0, -0.667),
(4, 31, 6, 56, 1, 1, 0, 0.667),
(4, 31, 6, 57, 1, 0, 1, 1.000),
(4, 31, 6, 58, 1, 1, 0, 0.667),
(4, 31, 6, 59, 0, 1, 1, -0.333),
(4, 31, 6, 60, 0, 1, 1, -0.333),
(4, 32, 1, 1, 2, 0, 0, 2.000),
(4, 32, 1, 2, 1, 1, 0, 0.667),
(4, 32, 1, 3, 2, 0, 0, 2.000),
(4, 32, 1, 4, 2, 0, 0, 2.000),
(4, 32, 1, 5, 1, 0, 1, 1.000),
(4, 32, 1, 6, 1, 0, 1, 1.000),
(4, 32, 1, 7, 2, 0, 0, 2.000),
(4, 32, 1, 8, 2, 0, 0, 2.000),
(4, 32, 1, 9, 2, 0, 0, 2.000),
(4, 32, 1, 10, 1, 1, 0, 0.667),
(4, 32, 2, 11, 1, 0, 0, 1.000),
(4, 32, 2, 12, 0, 1, 0, -0.333),
(4, 32, 2, 13, 1, 0, 0, 1.000),
(4, 32, 2, 14, 1, 0, 0, 1.000),
(4, 32, 2, 15, 1, 0, 0, 1.000),
(4, 32, 2, 16, 0, 1, 0, -0.333),
(4, 32, 2, 17, 0, 1, 0, -0.333),
(4, 32, 2, 18, 1, 0, 0, 1.000),
(4, 32, 2, 19, 1, 0, 0, 1.000),
(4, 32, 2, 20, 1, 0, 0, 1.000),
(4, 32, 3, 21, 1, 0, 0, 1.000),
(4, 32, 3, 22, 1, 0, 0, 1.000),
(4, 32, 3, 23, 1, 0, 0, 1.000),
(4, 32, 3, 24, 0, 0, 1, 0.000),
(4, 32, 3, 25, 1, 0, 0, 1.000),
(4, 32, 3, 26, 1, 0, 0, 1.000),
(4, 32, 3, 27, 1, 0, 0, 1.000),
(4, 32, 3, 28, 1, 0, 0, 1.000),
(4, 32, 3, 29, 1, 0, 0, 1.000),
(4, 32, 3, 30, 1, 0, 0, 1.000),
(4, 32, 4, 31, 1, 0, 0, 1.000),
(4, 32, 4, 32, 1, 0, 0, 1.000),
(4, 32, 4, 33, 1, 0, 0, 1.000),
(4, 32, 4, 34, 0, 1, 0, -0.333),
(4, 32, 4, 35, 1, 0, 0, 1.000),
(4, 32, 4, 36, 1, 0, 0, 1.000),
(4, 32, 4, 37, 0, 1, 0, -0.333),
(4, 32, 4, 38, 1, 0, 0, 1.000),
(4, 32, 4, 39, 1, 0, 0, 1.000),
(4, 32, 4, 40, 1, 0, 0, 1.000),
(4, 32, 5, 41, 1, 1, 0, 0.667),
(4, 32, 5, 42, 0, 2, 0, -0.667),
(4, 32, 5, 43, 2, 0, 0, 2.000),
(4, 32, 5, 44, 2, 0, 0, 2.000),
(4, 32, 5, 45, 2, 0, 0, 2.000),
(4, 32, 5, 46, 2, 0, 0, 2.000),
(4, 32, 5, 47, 2, 0, 0, 2.000),
(4, 32, 5, 48, 1, 1, 0, 0.667),
(4, 32, 5, 49, 1, 0, 1, 1.000),
(4, 32, 5, 50, 2, 0, 0, 2.000),
(4, 32, 6, 51, 2, 0, 0, 2.000),
(4, 32, 6, 52, 2, 0, 0, 2.000),
(4, 32, 6, 53, 2, 0, 0, 2.000),
(4, 32, 6, 54, 2, 0, 0, 2.000),
(4, 32, 6, 55, 2, 0, 0, 2.000),
(4, 32, 6, 56, 2, 0, 0, 2.000),
(4, 32, 6, 57, 2, 0, 0, 2.000),
(4, 32, 6, 58, 2, 0, 0, 2.000),
(4, 32, 6, 59, 2, 0, 0, 2.000),
(4, 32, 6, 60, 2, 0, 0, 2.000),
(4, 33, 1, 1, 1, 0, 1, 1.000),
(4, 33, 1, 2, 0, 0, 2, 0.000),
(4, 33, 1, 3, 0, 1, 1, -0.333),
(4, 33, 1, 4, 1, 0, 1, 1.000),
(4, 33, 1, 5, 1, 1, 0, 0.667),
(4, 33, 1, 6, 0, 2, 0, -0.667),
(4, 33, 1, 7, 1, 0, 1, 1.000),
(4, 33, 1, 8, 0, 1, 1, -0.333),
(4, 33, 1, 9, 0, 1, 1, -0.333),
(4, 33, 1, 10, 1, 1, 0, 0.667),
(4, 33, 2, 11, 1, 0, 0, 1.000),
(4, 33, 2, 12, 1, 0, 0, 1.000),
(4, 33, 2, 13, 1, 0, 0, 1.000),
(4, 33, 2, 14, 0, 1, 0, -0.333),
(4, 33, 2, 15, 0, 1, 0, -0.333),
(4, 33, 2, 16, 0, 1, 0, -0.333),
(4, 33, 2, 17, 1, 0, 0, 1.000),
(4, 33, 2, 18, 0, 0, 1, 0.000),
(4, 33, 2, 19, 0, 0, 1, 0.000),
(4, 33, 2, 20, 1, 0, 0, 1.000),
(4, 33, 3, 21, 1, 0, 0, 1.000),
(4, 33, 3, 22, 1, 0, 0, 1.000),
(4, 33, 3, 23, 1, 0, 0, 1.000),
(4, 33, 3, 24, 1, 0, 0, 1.000),
(4, 33, 3, 25, 1, 0, 0, 1.000),
(4, 33, 3, 26, 0, 0, 1, 0.000),
(4, 33, 3, 27, 1, 0, 0, 1.000),
(4, 33, 3, 28, 0, 0, 1, 0.000),
(4, 33, 3, 29, 1, 0, 0, 1.000),
(4, 33, 3, 30, 1, 0, 0, 1.000),
(4, 33, 4, 31, 1, 0, 0, 1.000),
(4, 33, 4, 32, 0, 1, 0, -0.333),
(4, 33, 4, 33, 1, 0, 0, 1.000),
(4, 33, 4, 34, 0, 1, 0, -0.333),
(4, 33, 4, 35, 1, 0, 0, 1.000),
(4, 33, 4, 36, 0, 1, 0, -0.333),
(4, 33, 4, 37, 1, 0, 0, 1.000),
(4, 33, 4, 38, 0, 0, 1, 0.000),
(4, 33, 4, 39, 0, 0, 1, 0.000),
(4, 33, 4, 40, 1, 0, 0, 1.000),
(4, 33, 5, 41, 1, 0, 1, 1.000),
(4, 33, 5, 42, 1, 0, 1, 1.000),
(4, 33, 5, 43, 1, 1, 0, 0.667),
(4, 33, 5, 44, 0, 0, 2, 0.000),
(4, 33, 5, 45, 1, 1, 0, 0.667),
(4, 33, 5, 46, 0, 2, 0, -0.667),
(4, 33, 5, 47, 0, 1, 1, -0.333),
(4, 33, 5, 48, 1, 0, 1, 1.000),
(4, 33, 5, 49, 1, 1, 0, 0.667),
(4, 33, 5, 50, 0, 0, 2, 0.000),
(4, 33, 6, 51, 1, 0, 1, 1.000),
(4, 33, 6, 52, 0, 2, 0, -0.667),
(4, 33, 6, 53, 0, 0, 2, 0.000),
(4, 33, 6, 54, 1, 1, 0, 0.667),
(4, 33, 6, 55, 0, 0, 2, 0.000),
(4, 33, 6, 56, 0, 1, 1, -0.333),
(4, 33, 6, 57, 0, 1, 1, -0.333),
(4, 33, 6, 58, 1, 1, 0, 0.667),
(4, 33, 6, 59, 1, 0, 1, 1.000),
(4, 33, 6, 60, 0, 0, 2, 0.000);

-- --------------------------------------------------------

--
-- Tablo için tablo yapısı `ogrenci`
--

DROP TABLE IF EXISTS `ogrenci`;
CREATE TABLE IF NOT EXISTS `ogrenci` (
  `ogrenci_id` int NOT NULL,
  `ad` varchar(255) CHARACTER SET utf8mb4 COLLATE utf8mb4_turkish_ci NOT NULL,
  `soyad` varchar(255) CHARACTER SET utf8mb4 COLLATE utf8mb4_turkish_ci NOT NULL,
  `sinif_id` int NOT NULL,
  PRIMARY KEY (`ogrenci_id`),
  KEY `sinif_id` (`sinif_id`)
) ENGINE=InnoDB DEFAULT CHARSET=utf8mb4 COLLATE=utf8mb4_turkish_ci;

--
-- Tablo döküm verisi `ogrenci`
--

INSERT INTO `ogrenci` (`ogrenci_id`, `ad`, `soyad`, `sinif_id`) VALUES
(1, 'Mustafa', 'Gedik', 2),
(2, 'Miray', 'Alaca', 2),
(3, 'Ecrin', 'Türkan', 3),
(4, 'Ömer Faruk', 'Gökmen', 1),
(5, 'Nehir ', 'Kocaman', 1),
(6, 'Melike', 'Kurt', 3),
(7, 'Talha', 'Latinoğlu', 1),
(8, 'Ecrin', 'Kalender', 2),
(9, 'Yunus Emre', 'Toprak', 3),
(10, 'Emir Batın', 'Kurnaz', 1),
(11, 'Beren ', 'Özgen', 2),
(12, 'Gülce', 'Bıyıklı', 3),
(13, 'Tuna', 'Erten', 1),
(14, 'Ceylin Cansu', 'Öztopçu', 2),
(15, 'Eymen', 'Kuzucu', 3),
(16, 'Eslem', 'Eskicioğlu', 1),
(17, 'Beril', 'Palazoğlu', 2),
(18, 'Züleyha Mutlu', 'Çavdar', 3),
(19, 'Ravza', 'Kaya', 1),
(20, 'Sinem', 'Bozoğlu', 2),
(21, 'Duru', 'Çorabatır', 3),
(22, 'Doğa', 'Tunçbaş', 1),
(23, 'Beyza', 'Beyazıt', 2),
(24, 'Elif Sude', 'Bozkurt', 3),
(25, 'Mercan', 'Demirhan', 1),
(26, 'Berra Senem', 'Oruç', 2),
(27, 'Fatma', 'Akbulut', 3),
(28, 'Serkan', 'Etik', 1),
(29, 'Hayrunnisa', 'Aydoğan', 2),
(30, 'Gülce', 'Köseoğlu', 3),
(31, 'Ozan', 'Etik', 1),
(32, 'Kasım ', 'Süveydan', 2),
(33, 'Almina Ceylin', 'Keser', 3);

-- --------------------------------------------------------

--
-- Tablo için tablo yapısı `ogretmen`
--

DROP TABLE IF EXISTS `ogretmen`;
CREATE TABLE IF NOT EXISTS `ogretmen` (
  `ogretmen_id` int NOT NULL,
  `ogretmen_ad` varchar(255) CHARACTER SET utf8mb4 COLLATE utf8mb4_turkish_ci NOT NULL,
  `ogretmen_soyad` varchar(255) CHARACTER SET utf8mb4 COLLATE utf8mb4_turkish_ci NOT NULL,
  `ders_kodu` int NOT NULL,
  PRIMARY KEY (`ogretmen_id`),
  KEY `ders_kodu` (`ders_kodu`)
) ENGINE=InnoDB DEFAULT CHARSET=utf8mb4 COLLATE=utf8mb4_turkish_ci;

--
-- Tablo döküm verisi `ogretmen`
--

INSERT INTO `ogretmen` (`ogretmen_id`, `ogretmen_ad`, `ogretmen_soyad`, `ders_kodu`) VALUES
(1, 'Nezih', 'Taşkent', 1),
(2, 'Veli Rıza', 'Yamak', 2),
(3, 'Serdal', 'Güçlü', 3),
(4, 'Özlem', 'Acar', 4),
(5, 'Hakan', 'Aşan', 5),
(6, 'Hasan', 'Yaşar', 6),
(7, 'Dilek', 'Bulut', 7);

-- --------------------------------------------------------

--
-- Tablo için tablo yapısı `siniflar`
--

DROP TABLE IF EXISTS `siniflar`;
CREATE TABLE IF NOT EXISTS `siniflar` (
  `sinif_id` int NOT NULL,
  `sinif_adi` varchar(255) CHARACTER SET utf8mb4 COLLATE utf8mb4_turkish_ci NOT NULL,
  PRIMARY KEY (`sinif_id`)
) ENGINE=InnoDB DEFAULT CHARSET=utf8mb4 COLLATE=utf8mb4_turkish_ci;

--
-- Tablo döküm verisi `siniflar`
--

INSERT INTO `siniflar` (`sinif_id`, `sinif_adi`) VALUES
(1, 'A'),
(2, 'B'),
(3, 'C');

--
-- Dökümü yapılmış tablolar için kısıtlamalar
--

--
-- Tablo kısıtlamaları `konular`
--
ALTER TABLE `konular`
  ADD CONSTRAINT `konular_ibfk_1` FOREIGN KEY (`ders_kodu`) REFERENCES `ders` (`ders_kodu`) ON DELETE CASCADE ON UPDATE CASCADE;

--
-- Tablo kısıtlamaları `notlar`
--
ALTER TABLE `notlar`
  ADD CONSTRAINT `notlar_ibfk_1` FOREIGN KEY (`ogrenci_id`) REFERENCES `ogrenci` (`ogrenci_id`) ON DELETE CASCADE ON UPDATE CASCADE,
  ADD CONSTRAINT `notlar_ibfk_2` FOREIGN KEY (`ders_kodu`) REFERENCES `ders` (`ders_kodu`) ON DELETE CASCADE ON UPDATE CASCADE,
  ADD CONSTRAINT `notlar_ibfk_3` FOREIGN KEY (`konu_id`) REFERENCES `konular` (`konu_id`) ON DELETE CASCADE ON UPDATE CASCADE;

--
-- Tablo kısıtlamaları `ogrenci`
--
ALTER TABLE `ogrenci`
  ADD CONSTRAINT `ogrenci_ibfk_1` FOREIGN KEY (`sinif_id`) REFERENCES `siniflar` (`sinif_id`) ON DELETE CASCADE ON UPDATE CASCADE;

--
-- Tablo kısıtlamaları `ogretmen`
--
ALTER TABLE `ogretmen`
  ADD CONSTRAINT `ogretmen_ibfk_1` FOREIGN KEY (`ders_kodu`) REFERENCES `ders` (`ders_kodu`) ON DELETE CASCADE ON UPDATE CASCADE;
COMMIT;

/*!40101 SET CHARACTER_SET_CLIENT=@OLD_CHARACTER_SET_CLIENT */;
/*!40101 SET CHARACTER_SET_RESULTS=@OLD_CHARACTER_SET_RESULTS */;
/*!40101 SET COLLATION_CONNECTION=@OLD_COLLATION_CONNECTION */;
